Application_ID,Application_Date,Age,Gender,City,Employment_Type,Monthly_Income,Credit_Score,Existing_Loans,Monthly_Obligation,Credit_Utilization,Previous_Delinquency,Loan_Amount,Tenure_Months,Interest_Rate,Channel,KYC_Status,Approval_Status,Approval_TAT_Hours,Disbursement_Status,Disbursement_TAT_Hours,Dropoff_Stage,First_EMI_Status,DPD_30,DPD_60,DPD_90,Collection_Status
APP10001,2026-06-24,28,Female,Hyderabad,Salaried,82800,760,1,13752,0.25,No,600000,36,9.11,Website,Completed,Approved,7.1,Disbursed,2.9,None,Paid,0,0,0,Regular
APP10002,2026-04-27,34,Male,Chennai,Salaried,47600,733,1,11899,0.69,No,350000,60,11.09,Mobile App,Completed,Rejected,5.3,Not Disbursed,,Credit Assessment,Not Applicable,0,0,0,Not Applicable
APP10003,2026-01-29,26,Male,Delhi,Salaried,44300,718,0,15048,0.62,No,100000,18,8.96,Mobile App,Completed,Approved,3.5,Disbursed,2.2,None,Paid,0,0,0,Regular
APP10004,2026-01-25,23,Male,Kolkata,Salaried,84000,678,0,20981,0.65,No,350000,48,12.28,Branch,Completed,Approved,14.4,Disbursed,5.0,None,Paid,0,0,0,Regular
APP10005,2026-09-14,30,Male,Kolkata,Salaried,44100,734,1,18906,0.64,No,260000,60,11.05,Website,Completed,Approved,4.6,Disbursed,4.6,None,Paid,0,0,0,Regular
APP10006,2026-05-04,53,Male,Hyderabad,Self-Employed,55400,737,2,26110,0.78,No,360000,24,11.51,Mobile App,Completed,Pending,9.6,Not Disbursed,,Credit Assessment,Not Applicable,0,0,0,Not Applicable
APP10007,2026-04-26,26,Female,Ahmedabad,Self-Employed,23500,771,2,8329,0.8,No,150000,60,8.26,Partner,Completed,Pending,16.5,Not Disbursed,,Credit Assessment,Not Applicable,0,0,0,Not Applicable
APP10008,2026-01-28,22,Male,Pune,Salaried,32000,762,1,8945,0.61,No,250000,36,10.69,Website,Completed,Approved,6.2,Disbursed,2.0,None,Paid,0,0,0,Regular
APP10009,2026-02-17,27,Female,Chennai,Self-Employed,37900,761,1,9519,0.5,No,180000,12,11.71,Website,Completed,Rejected,3.0,Not Disbursed,,Credit Assessment,Not Applicable,0,0,0,Not Applicable
APP10010,2026-09-15,36,Female,Ahmedabad,Salaried,18000,715,2,7205,0.47,No,50000,18,11.78,Branch,Pending,Rejected,18.5,Not Disbursed,,None,Not Applicable,0,0,0,Not Applicable
APP10011,2026-03-09,54,Female,Jaipur,Salaried,30200,715,1,12364,0.51,No,160000,48,10.79,Branch,Completed,Approved,10.4,Disbursed,4.1,None,Paid,0,0,0,Regular
APP10012,2026-06-03,40,Female,Delhi,Salaried,68100,691,0,8786,0.37,No,240000,36,12.31,Mobile App,Completed,Rejected,7.3,Not Disbursed,,Credit Assessment,Not Applicable,0,0,0,Not Applicable
APP10013,2026-08-15,27,Male,Bengaluru,Salaried,38000,686,2,16932,0.29,No,130000,60,10.89,Mobile App,Completed,Approved,9.3,Disbursed,3.0,None,Paid,0,0,0,Regular
APP10014,2026-03-21,48,Male,Delhi,Salaried,68000,753,1,13196,0.66,No,560000,18,11.7,Website,Completed,Approved,5.3,Disbursed,4.0,None,Paid,0,0,0,Regular
APP10015,2026-06-29,36,Male,Bengaluru,Professional,76300,827,2,34158,0.47,No,520000,18,10.57,Branch,Completed,Approved,10.6,Disbursed,5.0,None,Paid,0,0,0,Regular
APP10016,2026-04-11,46,Male,Jaipur,Salaried,35400,811,1,7360,0.46,No,60000,48,9.46,Partner,Completed,Approved,12.5,Disbursed,5.0,None,Paid,0,0,0,Regular
APP10017,2026-04-18,25,Male,Chennai,Salaried,63500,649,1,12744,0.43,No,400000,36,11.14,Partner,Completed,Pending,18.5,Not Disbursed,,None,Not Applicable,0,0,0,Not Applicable
APP10018,2026-02-07,58,Male,Chennai,Salaried,52000,796,2,10025,0.24,No,300000,18,9.82,Website,Completed,Approved,5.5,Disbursed,3.7,None,Paid,0,0,0,Regular
APP10019,2026-08-22,57,Female,Kolkata,Salaried,31000,742,1,3703,0.13,No,210000,12,8.53,Mobile App,Completed,Rejected,4.8,Not Disbursed,,Credit Assessment,Not Applicable,0,0,0,Not Applicable
APP10020,2026-05-27,50,Male,Jaipur,Salaried,75000,770,0,30898,0.41,No,280000,60,8.94,Website,Completed,Pending,9.8,Not Disbursed,,Credit Assessment,Not Applicable,0,0,0,Not Applicable
APP10021,2026-06-02,42,Female,Jaipur,Salaried,35500,702,1,7186,0.59,No,160000,48,11.37,Mobile App,Pending,Approved,10.1,Disbursed,2.0,None,Paid,0,0,0,Regular
APP10022,2026-02-12,47,Male,Jaipur,Self-Employed,100200,705,0,32814,0.44,No,890000,48,10.87,Mobile App,Completed,Rejected,1.3,Not Disbursed,,Credit Assessment,Not Applicable,0,0,0,Not Applicable
APP10023,2026-01-21,29,Male,Bengaluru,Salaried,48900,739,0,17518,0.48,No,110000,48,11.02,Mobile App,Completed,Rejected,3.2,Not Disbursed,,Credit Assessment,Not Applicable,0,0,0,Not Applicable
APP10024,2026-06-09,36,Female,Mumbai,Salaried,37500,653,2,8430,0.36,No,380000,18,11.64,Mobile App,Pending,Approved,14.2,Not Disbursed,,KYC,Not Applicable,0,0,0,Not Applicable
APP10025,2026-08-10,45,Female,Pune,Salaried,81600,751,0,24656,0.77,No,580000,36,11.84,Mobile App,Completed,Approved,5.3,Disbursed,2.9,None,Paid,0,0,0,Regular
APP10026,2026-09-11,50,Male,Kolkata,Salaried,57700,823,0,14541,0.52,No,190000,12,11.4,Website,Completed,Approved,7.0,Disbursed,1.7,None,Paid,0,0,0,Regular
APP10027,2026-05-05,32,Male,Chennai,Self-Employed,19600,734,1,8443,0.65,No,220000,60,9.22,Branch,Completed,Pending,16.3,Not Disbursed,,None,Not Applicable,0,0,0,Not Applicable
APP10028,2026-05-25,58,Female,Jaipur,Salaried,43900,710,1,7596,0.29,No,250000,60,12.12,Mobile App,Completed,Approved,7.4,Disbursed,2.6,None,Paid,0,0,0,Regular
APP10029,2026-02-03,33,Female,Chennai,Salaried,63000,580,2,28533,0.35,No,350000,12,12.4,Mobile App,Completed,Rejected,9.0,Not Disbursed,,Credit Assessment,Not Applicable,0,0,0,Not Applicable
APP10030,2026-04-17,25,Male,Mumbai,Salaried,35900,667,2,12881,0.45,No,110000,48,11.56,Website,Pending,Rejected,13.7,Not Disbursed,,None,Not Applicable,0,0,0,Not Applicable
APP10031,2026-08-06,37,Male,Bengaluru,Salaried,57700,674,1,5313,0.24,No,300000,18,9.38,Mobile App,Completed,Rejected,7.8,Not Disbursed,,Credit Assessment,Not Applicable,0,0,0,Not Applicable
APP10032,2026-01-11,35,Male,Hyderabad,Self-Employed,30400,728,2,11698,0.29,No,50000,12,12.0,Website,Completed,Pending,10.6,Not Disbursed,,Credit Assessment,Not Applicable,0,0,0,Not Applicable
APP10033,2026-08-21,38,Male,Bengaluru,Salaried,221600,727,0,58046,0.3,No,1150000,18,8.35,Mobile App,Completed,Approved,8.3,Disbursed,4.7,None,Paid,0,0,0,Regular
APP10034,2026-01-15,37,Female,Kolkata,Professional,93400,699,0,24699,0.39,No,310000,24,12.31,Mobile App,Completed,Rejected,6.7,Not Disbursed,,Credit Assessment,Not Applicable,0,0,0,Not Applicable
APP10035,2026-09-18,59,Male,Bengaluru,Salaried,29200,750,1,12568,0.36,No,110000,60,10.99,Mobile App,Completed,Pending,9.6,Not Disbursed,,None,Not Applicable,0,0,0,Not Applicable
APP10036,2026-04-07,29,Male,Hyderabad,Self-Employed,83200,808,1,29007,0.43,No,510000,36,11.92,Branch,Completed,Approved,8.3,Disbursed,3.4,None,Paid,0,0,0,Regular
APP10037,2026-08-22,36,Male,Pune,Professional,49700,718,2,24637,0.33,No,480000,18,8.1,Website,Completed,Approved,11.6,Disbursed,3.8,None,Paid,0,0,0,Regular
APP10038,2026-02-16,30,Female,Bengaluru,Salaried,73900,691,1,14896,0.46,No,590000,36,10.32,Website,Completed,Approved,6.1,Disbursed,1.5,None,Paid,0,0,0,Regular
APP10039,2026-08-25,27,Male,Delhi,Salaried,42600,639,0,15900,0.46,Yes,220000,18,12.17,Mobile App,Completed,Rejected,6.3,Not Disbursed,,Credit Assessment,Not Applicable,0,0,0,Not Applicable
APP10040,2026-06-01,50,Female,Mumbai,Professional,53000,850,2,26258,0.29,No,500000,24,8.09,Website,Completed,Approved,5.4,Disbursed,3.1,None,Paid,0,0,0,Regular
APP10041,2026-02-16,46,Female,Lucknow,Professional,72500,742,2,16148,0.43,No,170000,12,11.64,Branch,Completed,Approved,11.1,Disbursed,5.5,None,Paid,0,0,0,Regular
APP10042,2026-07-07,41,Male,Bengaluru,Salaried,44700,801,3,21427,0.56,No,370000,36,8.36,Mobile App,Pending,Rejected,14.3,Not Disbursed,,None,Not Applicable,0,0,0,Not Applicable
APP10043,2026-07-29,46,Female,Jaipur,Salaried,36700,663,0,7980,0.58,No,110000,24,9.61,Mobile App,Completed,Approved,4.9,Disbursed,4.0,None,Paid,0,0,0,Regular
APP10044,2026-05-24,23,Male,Hyderabad,Professional,37300,621,0,16086,0.61,No,160000,36,10.11,Website,Completed,Pending,12.2,Not Disbursed,,None,Not Applicable,0,0,0,Not Applicable
APP10045,2026-03-06,44,Female,Ahmedabad,Professional,75300,698,2,15077,0.66,No,670000,60,11.59,Partner,Completed,Rejected,15.4,Not Disbursed,,Credit Assessment,Not Applicable,0,0,0,Not Applicable
APP10046,2026-03-06,34,Female,Jaipur,Salaried,47100,693,3,8644,0.43,No,270000,12,11.51,Partner,Completed,Approved,17.9,Disbursed,4.3,None,Paid,0,0,0,Regular
APP10047,2026-02-07,54,Female,Delhi,Salaried,85500,730,0,8212,0.41,No,700000,12,11.6,Mobile App,Completed,Approved,5.2,Disbursed,2.5,None,Paid,0,0,0,Regular
APP10048,2026-08-09,41,Male,Delhi,Salaried,69300,673,0,13105,0.58,No,430000,60,10.75,Branch,Completed,Rejected,14.0,Not Disbursed,,Credit Assessment,Not Applicable,0,0,0,Not Applicable
APP10049,2026-06-18,35,Female,Ahmedabad,Salaried,71200,731,3,27350,0.35,No,430000,60,10.68,Mobile App,Completed,Rejected,3.1,Not Disbursed,,Credit Assessment,Not Applicable,0,0,0,Not Applicable
APP10050,2026-01-14,47,Female,Kolkata,Professional,62000,696,1,10104,0.66,No,470000,48,10.92,Website,Completed,Approved,9.8,Disbursed,3.2,None,Paid,0,0,0,Regular
APP10051,2026-02-13,38,Female,Hyderabad,Self-Employed,44000,655,2,12245,0.26,No,440000,18,12.83,Mobile App,Completed,Approved,9.2,Disbursed,2.7,None,Paid,0,0,0,Regular
APP10052,2026-03-12,30,Female,Lucknow,Salaried,30800,783,0,4921,0.31,No,250000,48,11.06,Mobile App,Completed,Approved,7.6,Disbursed,1.9,None,Bounce,1,1,1,Severe Delinquency
APP10053,2026-08-02,39,Female,Mumbai,Salaried,51700,783,1,16915,0.64,No,300000,36,9.16,Website,Completed,Pending,8.6,Not Disbursed,,None,Not Applicable,0,0,0,Not Applicable
APP10054,2026-06-28,46,Female,Chennai,Salaried,104300,695,2,17644,0.26,Yes,980000,60,9.9,Branch,Completed,Approved,13.3,Disbursed,5.5,None,Paid,0,0,0,Regular
APP10055,2026-02-04,30,Female,Bengaluru,Salaried,40800,850,2,14784,0.21,No,340000,48,9.88,Branch,Completed,Pending,18.0,Not Disbursed,,Credit Assessment,Not Applicable,0,0,0,Not Applicable
APP10056,2026-08-19,40,Male,Lucknow,Salaried,55500,674,3,8791,0.53,No,440000,36,12.56,Website,Completed,Rejected,8.3,Not Disbursed,,Credit Assessment,Not Applicable,0,0,0,Not Applicable
APP10057,2026-06-23,57,Male,Chennai,Salaried,56400,776,0,25012,0.63,Yes,500000,36,10.72,Website,Completed,Pending,9.7,Not Disbursed,,None,Not Applicable,0,0,0,Not Applicable
APP10058,2026-06-18,24,Male,Chennai,Salaried,30100,769,3,7626,0.23,No,50000,60,11.25,Branch,Completed,Approved,16.7,Disbursed,5.6,None,Paid,0,0,0,Regular
APP10059,2026-06-22,54,Female,Kolkata,Salaried,32100,773,0,4848,0.66,No,100000,48,11.51,Partner,Completed,Rejected,18.7,Not Disbursed,,Credit Assessment,Not Applicable,0,0,0,Not Applicable
APP10060,2026-04-10,60,Female,Kolkata,Salaried,24700,811,0,2375,0.24,No,260000,60,9.47,Website,Completed,Approved,7.4,Disbursed,5.6,None,Paid,0,0,0,Regular
APP10061,2026-09-20,57,Other,Ahmedabad,Self-Employed,84700,755,2,29961,0.46,No,460000,12,8.59,Mobile App,Completed,Approved,6.2,Disbursed,3.3,None,Paid,0,0,0,Regular
APP10062,2026-08-18,48,Female,Pune,Self-Employed,49300,717,1,8040,0.39,No,290000,18,10.52,Mobile App,Completed,Approved,7.1,Disbursed,1.6,None,Paid,0,0,0,Regular
APP10063,2026-05-30,26,Female,Pune,Self-Employed,63100,772,2,15234,0.59,No,410000,12,9.72,Website,Completed,Approved,4.0,Disbursed,2.7,None,Paid,0,0,0,Regular
APP10064,2026-02-23,60,Female,Lucknow,Salaried,63200,800,2,20079,0.64,No,390000,60,11.09,Partner,Completed,Approved,15.0,Disbursed,3.6,None,Paid,0,0,0,Regular
APP10065,2026-07-23,42,Female,Chennai,Salaried,73800,648,1,23154,0.52,No,430000,24,13.4,Branch,Completed,Rejected,14.2,Not Disbursed,,Credit Assessment,Not Applicable,0,0,0,Not Applicable
APP10066,2026-02-12,55,Male,Mumbai,Self-Employed,38000,781,2,6690,0.31,No,340000,36,10.91,Branch,Completed,Approved,7.3,Disbursed,3.3,None,Paid,0,0,0,Regular
APP10067,2026-07-27,26,Female,Bengaluru,Salaried,47300,812,1,11241,0.64,No,390000,24,9.45,Branch,Completed,Approved,13.2,Disbursed,4.6,None,Paid,0,0,0,Regular
APP10068,2026-09-29,31,Male,Bengaluru,Self-Employed,70200,716,1,15022,0.66,No,270000,24,9.55,Mobile App,Completed,Rejected,7.5,Not Disbursed,,Credit Assessment,Not Applicable,0,0,0,Not Applicable
APP10069,2026-06-13,41,Male,Pune,Professional,64400,749,0,10265,0.22,No,210000,18,10.67,Mobile App,Completed,Approved,7.4,Disbursed,2.4,None,Paid,0,0,0,Regular
APP10070,2026-02-03,25,Male,Hyderabad,Professional,141000,668,0,37822,0.5,No,1200000,12,10.28,Partner,Completed,Approved,11.9,Disbursed,5.1,None,Paid,0,0,0,Regular
APP10071,2026-09-23,51,Male,Kolkata,Self-Employed,67200,668,3,28136,0.35,No,370000,12,12.62,Branch,Completed,Approved,14.6,Disbursed,5.1,None,Paid,0,0,0,Regular
APP10072,2026-05-16,26,Female,Jaipur,Salaried,70600,686,0,20816,0.53,No,460000,48,11.28,Mobile App,Completed,Rejected,8.5,Not Disbursed,,Credit Assessment,Not Applicable,0,0,0,Not Applicable
APP10073,2026-06-26,57,Female,Mumbai,Salaried,63200,758,0,21074,0.45,No,290000,36,11.9,Partner,Completed,Approved,15.9,Disbursed,5.1,None,Paid,0,0,0,Regular
APP10074,2026-03-23,29,Male,Jaipur,Salaried,42300,696,1,7926,0.5,No,310000,18,10.47,Mobile App,Completed,Pending,13.9,Not Disbursed,,Credit Assessment,Not Applicable,0,0,0,Not Applicable
APP10075,2026-07-26,53,Male,Hyderabad,Salaried,32600,739,2,4825,0.38,No,340000,24,9.46,Website,Completed,Pending,12.1,Not Disbursed,,None,Not Applicable,0,0,0,Not Applicable
APP10076,2026-08-31,46,Female,Jaipur,Salaried,57500,769,1,25643,0.28,No,290000,24,10.08,Website,Completed,Approved,6.7,Disbursed,2.2,None,Bounce,1,1,0,Intensive Follow-up
APP10077,2026-01-14,30,Male,Jaipur,Salaried,89700,700,0,26881,0.2,No,500000,36,10.79,Mobile App,Completed,Approved,5.7,Disbursed,4.3,None,Paid,0,0,0,Regular
APP10078,2026-08-30,37,Male,Lucknow,Salaried,82900,725,0,32433,0.25,No,810000,12,11.49,Mobile App,Completed,Approved,6.6,Disbursed,2.4,None,Paid,0,0,0,Regular
APP10079,2026-06-02,24,Male,Jaipur,Salaried,36900,755,1,15405,0.52,No,220000,60,11.08,Website,Completed,Approved,3.5,Disbursed,3.8,None,Paid,0,0,0,Regular
APP10080,2026-05-19,34,Male,Ahmedabad,Salaried,75300,723,1,33332,0.27,No,750000,24,11.73,Mobile App,Pending,Approved,10.3,Disbursed,2.1,None,Paid,0,0,0,Regular
APP10081,2026-04-13,38,Female,Lucknow,Self-Employed,82400,655,2,25115,0.51,No,520000,18,12.32,Mobile App,Completed,Pending,11.2,Not Disbursed,,None,Not Applicable,0,0,0,Not Applicable
APP10082,2026-06-21,39,Female,Mumbai,Professional,26100,712,0,10907,0.58,No,380000,36,9.3,Website,Completed,Approved,7.0,Disbursed,1.0,None,Bounce,1,1,0,Intensive Follow-up
APP10083,2026-02-18,55,Male,Bengaluru,Professional,53300,769,2,12003,0.53,No,480000,18,8.74,Mobile App,Completed,Pending,10.7,Not Disbursed,,Credit Assessment,Not Applicable,0,0,0,Not Applicable
APP10084,2026-03-02,29,Male,Pune,Salaried,46800,673,1,13664,0.62,No,270000,36,11.49,Mobile App,Completed,Approved,11.8,Disbursed,4.2,None,Paid,0,0,0,Regular
APP10085,2026-09-27,39,Female,Pune,Salaried,39400,680,0,11159,0.31,No,240000,18,10.59,Branch,Completed,Rejected,10.7,Not Disbursed,,Credit Assessment,Not Applicable,0,0,0,Not Applicable
APP10086,2026-01-12,44,Female,Lucknow,Salaried,33500,773,0,11112,0.38,No,130000,12,9.58,Mobile App,Completed,Approved,4.8,Disbursed,3.1,None,Paid,0,0,0,Regular
APP10087,2026-07-13,21,Male,Lucknow,Salaried,45200,849,2,22368,0.28,No,190000,60,9.5,Website,Pending,Pending,14.2,Not Disbursed,,KYC,Not Applicable,0,0,0,Not Applicable
APP10088,2026-02-27,55,Female,Chennai,Salaried,102900,822,3,42167,0.38,No,630000,36,8.13,Mobile App,Completed,Approved,3.2,Disbursed,2.6,None,Paid,0,0,0,Regular
APP10089,2026-06-13,47,Male,Mumbai,Salaried,24200,850,0,4127,0.12,Yes,50000,12,10.31,Mobile App,Completed,Rejected,4.6,Not Disbursed,,Credit Assessment,Not Applicable,0,0,0,Not Applicable
APP10090,2026-04-05,41,Female,Bengaluru,Professional,56600,662,1,19925,0.54,No,280000,24,12.18,Mobile App,Pending,Pending,18.3,Not Disbursed,,KYC,Not Applicable,0,0,0,Not Applicable
APP10091,2026-01-21,51,Female,Pune,Salaried,125500,679,0,35918,0.25,No,620000,36,12.31,Partner,Completed,Approved,21.0,Disbursed,4.8,None,Paid,0,0,0,Regular
APP10092,2026-05-03,33,Male,Lucknow,Self-Employed,60000,778,0,5140,0.79,No,790000,36,10.21,Partner,Pending,Rejected,27.3,Not Disbursed,,KYC,Not Applicable,0,0,0,Not Applicable
APP10093,2026-08-02,39,Female,Jaipur,Salaried,43700,633,1,15177,0.51,No,170000,12,10.92,Partner,Completed,Approved,19.0,Disbursed,5.1,None,Paid,0,0,0,Regular
APP10094,2026-01-31,33,Female,Kolkata,Salaried,35500,684,2,11033,0.37,No,180000,24,10.82,Partner,Completed,Pending,20.9,Not Disbursed,,None,Not Applicable,0,0,0,Not Applicable
APP10095,2026-05-27,25,Male,Mumbai,Self-Employed,35800,846,1,9563,0.4,No,210000,36,8.07,Mobile App,Completed,Approved,2.9,Disbursed,2.8,None,Paid,0,0,0,Regular
APP10096,2026-07-13,48,Male,Bengaluru,Salaried,33300,741,1,7260,0.59,No,280000,60,10.21,Branch,Completed,Approved,11.9,Disbursed,4.4,None,Paid,0,0,0,Regular
APP10097,2026-01-17,24,Male,Bengaluru,Salaried,116500,723,4,53715,0.35,No,620000,48,8.72,Mobile App,Completed,Approved,3.5,Disbursed,4.9,None,Paid,0,0,0,Regular
APP10098,2026-09-14,41,Female,Pune,Salaried,108300,679,2,23715,0.47,No,670000,60,11.8,Mobile App,Completed,Rejected,7.3,Not Disbursed,,Credit Assessment,Not Applicable,0,0,0,Not Applicable
APP10099,2026-02-07,43,Female,Kolkata,Salaried,24000,609,0,4818,0.3,No,50000,48,10.55,Website,Pending,Pending,23.1,Not Disbursed,,None,Not Applicable,0,0,0,Not Applicable
APP10100,2026-01-07,30,Female,Bengaluru,Self-Employed,46900,776,1,8433,0.57,No,120000,36,9.17,Mobile App,Completed,Approved,6.4,Disbursed,1.6,None,Paid,0,0,0,Regular
APP10101,2026-04-11,45,Male,Jaipur,Professional,36400,677,1,3764,0.61,No,190000,24,10.69,Mobile App,Pending,Pending,19.1,Not Disbursed,,KYC,Not Applicable,0,0,0,Not Applicable
APP10102,2026-05-05,29,Female,Kolkata,Salaried,88300,681,3,39560,0.51,No,840000,18,10.08,Mobile App,Completed,Approved,4.0,Disbursed,3.5,None,Paid,0,0,0,Regular
APP10103,2026-05-10,38,Male,Kolkata,Salaried,83400,777,2,11673,0.36,No,550000,60,10.63,Partner,Completed,Pending,18.4,Not Disbursed,,None,Not Applicable,0,0,0,Not Applicable
APP10104,2026-01-23,48,Male,Delhi,Salaried,65900,707,3,18766,0.26,Yes,610000,48,10.51,Website,Completed,Approved,3.2,Disbursed,2.5,None,Paid,0,0,0,Regular
APP10105,2026-02-13,46,Male,Chennai,Professional,52100,690,0,15359,0.41,No,230000,48,9.06,Mobile App,Completed,Approved,7.9,Disbursed,2.2,None,Paid,0,0,0,Regular
APP10106,2026-09-22,30,Female,Chennai,Salaried,35500,740,0,7029,0.52,No,410000,60,8.7,Website,Completed,Rejected,9.8,Not Disbursed,,Credit Assessment,Not Applicable,0,0,0,Not Applicable
APP10107,2026-04-06,31,Female,Kolkata,Professional,38800,696,0,3523,0.34,No,190000,60,9.94,Mobile App,Completed,Approved,4.4,Disbursed,1.3,None,Paid,0,0,0,Regular
APP10108,2026-07-11,33,Female,Hyderabad,Self-Employed,43300,691,2,7459,0.31,No,400000,24,11.35,Mobile App,Completed,Approved,4.6,Disbursed,2.2,None,Paid,0,0,0,Regular
APP10109,2026-07-16,53,Female,Lucknow,Salaried,49300,706,0,22183,0.23,No,230000,36,12.14,Website,Completed,Rejected,5.6,Not Disbursed,,Credit Assessment,Not Applicable,0,0,0,Not Applicable
APP10110,2026-02-27,53,Male,Kolkata,Self-Employed,36600,739,1,13234,0.44,No,140000,36,10.29,Website,Completed,Pending,10.7,Not Disbursed,,None,Not Applicable,0,0,0,Not Applicable
APP10111,2026-04-18,38,Male,Chennai,Salaried,125600,747,2,50531,0.35,No,360000,24,11.24,Mobile App,Completed,Pending,10.2,Not Disbursed,,None,Not Applicable,0,0,0,Not Applicable
APP10112,2026-03-11,58,Male,Lucknow,Salaried,40800,713,1,8560,0.48,No,230000,24,11.99,Mobile App,Completed,Rejected,8.6,Not Disbursed,,Credit Assessment,Not Applicable,0,0,0,Not Applicable
APP10113,2026-07-08,47,Male,Hyderabad,Professional,28200,741,0,7363,0.3,No,150000,60,9.82,Branch,Completed,Pending,14.2,Not Disbursed,,None,Not Applicable,0,0,0,Not Applicable
APP10114,2026-08-24,52,Female,Mumbai,Professional,151900,730,0,58511,0.69,No,780000,18,8.07,Branch,Completed,Approved,14.7,Disbursed,4.4,None,Paid,0,0,0,Regular
APP10115,2026-03-09,31,Female,Mumbai,Professional,18000,718,2,2889,0.51,No,230000,60,10.41,Partner,Completed,Approved,16.0,Disbursed,4.5,None,Paid,0,0,0,Regular
APP10116,2026-03-15,54,Male,Mumbai,Salaried,47900,732,1,7890,0.24,No,470000,24,8.27,Partner,Completed,Rejected,16.3,Not Disbursed,,Credit Assessment,Not Applicable,0,0,0,Not Applicable
APP10117,2026-05-26,57,Female,Bengaluru,Salaried,87300,660,2,39127,0.49,No,640000,36,12.32,Mobile App,Completed,Approved,8.9,Disbursed,2.3,None,Paid,0,0,0,Regular
APP10118,2026-08-04,22,Male,Hyderabad,Salaried,60900,673,0,22758,0.43,No,520000,12,10.4,Mobile App,Completed,Pending,13.6,Not Disbursed,,None,Not Applicable,0,0,0,Not Applicable
APP10119,2026-03-21,32,Male,Delhi,Salaried,35000,723,3,11111,0.53,No,130000,12,10.15,Mobile App,Completed,Approved,7.2,Disbursed,3.4,None,Paid,0,0,0,Regular
APP10120,2026-03-25,46,Male,Delhi,Salaried,19500,747,1,2397,0.81,No,50000,18,9.99,Mobile App,Completed,Rejected,2.7,Not Disbursed,,Credit Assessment,Not Applicable,0,0,0,Not Applicable
APP10121,2026-01-23,43,Male,Hyderabad,Salaried,76200,717,0,8269,0.27,No,550000,24,11.49,Mobile App,Completed,Rejected,5.9,Not Disbursed,,Credit Assessment,Not Applicable,0,0,0,Not Applicable
APP10122,2026-09-22,21,Female,Ahmedabad,Salaried,81700,804,3,32205,0.49,No,380000,24,11.93,Partner,Completed,Approved,19.9,Disbursed,2.3,None,Paid,0,0,0,Regular
APP10123,2026-07-29,46,Female,Ahmedabad,Professional,74700,733,0,14035,0.46,No,610000,36,8.1,Mobile App,Pending,Rejected,14.1,Not Disbursed,,KYC,Not Applicable,0,0,0,Not Applicable
APP10124,2026-02-18,55,Female,Mumbai,Professional,147700,693,1,38705,0.95,No,630000,18,10.56,Mobile App,Completed,Approved,4.9,Disbursed,2.1,None,Paid,0,0,0,Regular
APP10125,2026-03-03,46,Female,Lucknow,Salaried,63500,813,0,14312,0.49,No,240000,18,10.14,Mobile App,Completed,Approved,6.3,Disbursed,3.3,None,Paid,0,0,0,Regular
APP10126,2026-08-20,34,Female,Ahmedabad,Salaried,38800,776,0,3683,0.5,No,130000,24,10.22,Branch,Completed,Approved,10.8,Disbursed,6.3,None,Paid,0,0,0,Regular
APP10127,2026-08-16,56,Female,Ahmedabad,Salaried,71200,743,0,10916,0.21,No,320000,48,11.24,Mobile App,Completed,Rejected,7.0,Not Disbursed,,Credit Assessment,Not Applicable,0,0,0,Not Applicable
APP10128,2026-02-01,26,Male,Chennai,Salaried,98000,734,0,23311,0.42,No,910000,18,8.35,Branch,Completed,Approved,14.4,Disbursed,4.2,None,Paid,0,0,0,Regular
APP10129,2026-05-24,45,Female,Pune,Salaried,74700,792,1,16548,0.41,No,490000,48,8.23,Partner,Completed,Approved,13.0,Disbursed,4.2,None,Paid,0,0,0,Regular
APP10130,2026-03-14,51,Male,Lucknow,Professional,64900,772,1,29118,0.39,No,600000,18,10.25,Branch,Completed,Approved,10.0,Disbursed,3.8,None,Bounce,1,0,0,Watch
APP10131,2026-07-06,33,Male,Ahmedabad,Salaried,23300,613,0,7158,0.52,No,180000,24,13.98,Mobile App,Completed,Approved,12.1,Disbursed,3.3,None,Paid,0,0,0,Regular
APP10132,2026-03-07,44,Male,Kolkata,Salaried,45700,757,1,14465,0.24,No,210000,48,8.71,Partner,Completed,Approved,12.3,Disbursed,4.9,None,Paid,0,0,0,Regular
APP10133,2026-05-16,21,Male,Lucknow,Salaried,33500,779,2,7305,0.64,No,160000,60,8.84,Partner,Completed,Pending,18.4,Not Disbursed,,None,Not Applicable,0,0,0,Not Applicable
APP10134,2026-01-18,25,Female,Delhi,Self-Employed,29600,765,2,13505,0.32,No,310000,48,9.18,Mobile App,Completed,Rejected,1.7,Not Disbursed,,Credit Assessment,Not Applicable,0,0,0,Not Applicable
APP10135,2026-01-28,41,Female,Delhi,Salaried,36600,766,0,4189,0.31,No,250000,60,8.41,Branch,Completed,Rejected,12.1,Not Disbursed,,Credit Assessment,Not Applicable,0,0,0,Not Applicable
APP10136,2026-05-30,34,Other,Kolkata,Self-Employed,103800,727,2,15400,0.13,No,520000,36,11.91,Mobile App,Completed,Pending,9.7,Not Disbursed,,Credit Assessment,Not Applicable,0,0,0,Not Applicable
APP10137,2026-06-26,51,Male,Hyderabad,Self-Employed,44400,748,1,9647,0.29,No,260000,24,11.23,Mobile App,Completed,Approved,6.2,Disbursed,3.0,None,Paid,0,0,0,Regular
APP10138,2026-03-03,47,Other,Lucknow,Salaried,31600,649,2,15056,0.44,No,130000,60,13.22,Website,Completed,Rejected,12.1,Not Disbursed,,Credit Assessment,Not Applicable,0,0,0,Not Applicable
APP10139,2026-01-07,49,Female,Bengaluru,Professional,72200,797,1,32417,0.2,No,580000,12,11.15,Mobile App,Completed,Approved,1.4,Disbursed,2.4,None,Paid,0,0,0,Regular
APP10140,2026-07-25,60,Male,Kolkata,Salaried,29500,761,1,3513,0.48,No,150000,36,8.16,Website,Completed,Approved,4.8,Disbursed,2.5,None,Paid,0,0,0,Regular
APP10141,2026-09-06,42,Male,Mumbai,Self-Employed,44500,726,1,17866,0.73,No,530000,24,11.04,Website,Completed,Approved,9.0,Disbursed,3.6,None,Paid,0,0,0,Regular
APP10142,2026-08-17,44,Male,Jaipur,Self-Employed,39200,702,1,15830,0.44,Yes,150000,24,9.07,Website,Completed,Approved,8.2,Disbursed,1.9,None,Bounce,1,1,1,Severe Delinquency
APP10143,2026-01-05,51,Male,Chennai,Salaried,78200,747,1,7693,0.6,No,260000,18,9.9,Branch,Completed,Approved,11.6,Disbursed,4.6,None,Paid,0,0,0,Regular
APP10144,2026-07-11,29,Male,Lucknow,Self-Employed,31900,714,0,5802,0.68,No,60000,24,10.37,Partner,Completed,Pending,18.8,Not Disbursed,,None,Not Applicable,0,0,0,Not Applicable
APP10145,2026-03-13,59,Male,Hyderabad,Self-Employed,53800,731,1,17365,0.54,No,440000,18,10.89,Mobile App,Completed,Pending,12.0,Not Disbursed,,None,Not Applicable,0,0,0,Not Applicable
APP10146,2026-08-30,52,Other,Hyderabad,Professional,41600,842,1,8610,0.36,No,160000,60,8.51,Website,Completed,Approved,8.6,Disbursed,4.3,None,Paid,0,0,0,Regular
APP10147,2026-08-30,37,Male,Jaipur,Self-Employed,25600,781,2,10377,0.31,No,240000,24,11.56,Mobile App,Completed,Approved,8.4,Disbursed,3.5,None,Paid,0,0,0,Regular
APP10148,2026-03-28,53,Female,Kolkata,Salaried,32700,788,1,14560,0.81,No,170000,18,10.31,Mobile App,Completed,Approved,4.6,Disbursed,2.5,None,Bounce,1,1,0,Intensive Follow-up
APP10149,2026-06-09,31,Male,Delhi,Salaried,50300,729,1,13958,0.37,No,250000,48,8.52,Mobile App,Completed,Rejected,6.2,Not Disbursed,,Credit Assessment,Not Applicable,0,0,0,Not Applicable
APP10150,2026-03-09,45,Male,Hyderabad,Salaried,78500,850,1,16092,0.19,No,700000,24,8.84,Mobile App,Completed,Approved,9.5,Disbursed,3.1,None,Paid,0,0,0,Regular
APP10151,2026-01-05,22,Male,Bengaluru,Salaried,120500,724,0,37422,0.19,No,510000,12,9.2,Mobile App,Completed,Approved,8.1,Disbursed,1.9,None,Paid,0,0,0,Regular
APP10152,2026-01-21,27,Male,Hyderabad,Salaried,71800,716,0,13254,0.4,No,370000,48,10.27,Partner,Pending,Pending,23.1,Not Disbursed,,KYC,Not Applicable,0,0,0,Not Applicable
APP10153,2026-06-10,34,Male,Ahmedabad,Salaried,64100,642,1,7530,0.5,No,380000,36,11.26,Mobile App,Completed,Rejected,9.7,Not Disbursed,,Credit Assessment,Not Applicable,0,0,0,Not Applicable
APP10154,2026-09-02,28,Female,Mumbai,Salaried,24900,691,3,5709,0.16,No,120000,36,11.78,Mobile App,Pending,Pending,16.9,Not Disbursed,,None,Not Applicable,0,0,0,Not Applicable
APP10155,2026-05-14,31,Female,Mumbai,Professional,74000,660,1,17917,0.19,No,590000,60,11.82,Partner,Pending,Pending,30.2,Not Disbursed,,KYC,Not Applicable,0,0,0,Not Applicable
APP10156,2026-01-06,21,Male,Jaipur,Self-Employed,63000,774,1,17234,0.28,No,200000,24,10.57,Partner,Completed,Approved,13.6,Disbursed,5.5,None,Paid,0,0,0,Regular
APP10157,2026-01-01,31,Male,Ahmedabad,Professional,54500,626,2,20057,0.54,No,130000,36,13.18,Partner,Completed,Approved,19.0,Disbursed,6.1,None,Bounce,1,1,1,Severe Delinquency
APP10158,2026-02-19,59,Male,Hyderabad,Professional,63200,723,0,24151,0.69,No,350000,60,11.04,Website,Completed,Rejected,4.0,Not Disbursed,,Credit Assessment,Not Applicable,0,0,0,Not Applicable
APP10159,2026-06-23,35,Female,Chennai,Self-Employed,91300,730,1,12849,0.59,No,430000,48,8.43,Website,Completed,Approved,7.9,Disbursed,2.4,None,Paid,0,0,0,Regular
APP10160,2026-07-18,47,Female,Lucknow,Salaried,96000,586,1,7834,0.48,No,590000,48,13.31,Website,Completed,Rejected,9.9,Not Disbursed,,Credit Assessment,Not Applicable,0,0,0,Not Applicable
APP10161,2026-04-22,59,Male,Jaipur,Professional,46800,705,1,9681,0.59,No,470000,60,9.1,Branch,Completed,Pending,18.3,Not Disbursed,,None,Not Applicable,0,0,0,Not Applicable
APP10162,2026-01-07,60,Male,Chennai,Professional,20700,767,2,7569,0.35,No,50000,60,10.09,Partner,Completed,Approved,17.1,Disbursed,3.7,None,Paid,0,0,0,Regular
APP10163,2026-05-02,22,Female,Mumbai,Self-Employed,21800,725,2,9604,0.37,No,50000,36,10.04,Mobile App,Completed,Rejected,5.4,Not Disbursed,,Credit Assessment,Not Applicable,0,0,0,Not Applicable
APP10164,2026-04-10,39,Male,Mumbai,Professional,93900,661,2,33767,0.43,No,930000,60,10.36,Website,Completed,Approved,5.8,Disbursed,3.0,None,Paid,0,0,0,Regular
APP10165,2026-06-04,32,Other,Delhi,Salaried,32800,697,0,4202,0.51,No,100000,18,10.42,Mobile App,Completed,Rejected,8.5,Not Disbursed,,Credit Assessment,Not Applicable,0,0,0,Not Applicable
APP10166,2026-01-05,57,Male,Delhi,Self-Employed,45900,798,2,13031,0.35,No,200000,24,8.46,Mobile App,Completed,Approved,8.4,Disbursed,2.6,None,Paid,0,0,0,Regular
APP10167,2026-03-27,43,Female,Lucknow,Professional,89000,769,2,35411,0.62,No,600000,48,11.89,Branch,Completed,Approved,13.2,Disbursed,4.1,None,Paid,0,0,0,Regular
APP10168,2026-05-09,55,Male,Delhi,Salaried,62500,755,1,24165,0.62,No,470000,12,10.23,Branch,Completed,Approved,10.1,Disbursed,4.7,None,Paid,0,0,0,Regular
APP10169,2026-08-13,57,Male,Hyderabad,Salaried,51600,713,1,4241,0.41,No,150000,12,9.67,Mobile App,Completed,Approved,4.7,Disbursed,4.5,None,Paid,0,0,0,Regular
APP10170,2026-02-13,22,Male,Jaipur,Salaried,140400,712,2,33735,0.75,No,940000,12,9.38,Branch,Completed,Approved,12.2,Disbursed,4.6,None,Paid,0,0,0,Regular
APP10171,2026-06-19,43,Female,Jaipur,Salaried,29100,800,2,9891,0.69,No,240000,60,9.43,Mobile App,Completed,Approved,6.4,Disbursed,3.2,None,Paid,0,0,0,Regular
APP10172,2026-06-19,36,Female,Lucknow,Salaried,34700,687,0,4733,0.14,No,90000,24,12.17,Mobile App,Completed,Approved,5.3,Disbursed,1.9,None,Paid,0,0,0,Regular
APP10173,2026-05-14,50,Female,Hyderabad,Salaried,23500,714,3,10805,0.51,No,300000,12,10.29,Mobile App,Completed,Pending,9.7,Not Disbursed,,Credit Assessment,Not Applicable,0,0,0,Not Applicable
APP10174,2026-08-17,55,Male,Bengaluru,Salaried,21500,695,1,5780,0.6,No,70000,48,9.14,Branch,Completed,Rejected,8.4,Not Disbursed,,Credit Assessment,Not Applicable,0,0,0,Not Applicable
APP10175,2026-09-24,57,Male,Bengaluru,Self-Employed,53900,714,1,11680,0.53,No,310000,36,10.65,Mobile App,Completed,Rejected,7.4,Not Disbursed,,Credit Assessment,Not Applicable,0,0,0,Not Applicable
APP10176,2026-02-09,38,Male,Hyderabad,Salaried,60000,729,0,6528,0.23,No,600000,24,10.06,Mobile App,Completed,Approved,7.7,Disbursed,2.5,None,Paid,0,0,0,Regular
APP10177,2026-01-29,38,Female,Bengaluru,Salaried,84600,735,0,10316,0.5,No,450000,36,8.67,Branch,Completed,Approved,10.3,Disbursed,5.2,None,Bounce,1,0,0,Watch
APP10178,2026-09-19,32,Male,Kolkata,Salaried,57800,804,1,6458,0.3,No,600000,36,9.06,Branch,Completed,Rejected,11.0,Not Disbursed,,Credit Assessment,Not Applicable,0,0,0,Not Applicable
APP10179,2026-01-01,42,Male,Lucknow,Salaried,39200,769,3,12411,0.34,No,270000,48,11.59,Mobile App,Completed,Rejected,8.2,Not Disbursed,,Credit Assessment,Not Applicable,0,0,0,Not Applicable
APP10180,2026-07-29,48,Male,Chennai,Professional,71800,782,0,15056,0.45,No,720000,36,9.03,Partner,Completed,Approved,12.5,Disbursed,5.0,None,Paid,0,0,0,Regular
APP10181,2026-09-05,21,Male,Mumbai,Salaried,80600,698,1,25879,0.5,No,660000,24,9.15,Mobile App,Pending,Rejected,13.0,Not Disbursed,,KYC,Not Applicable,0,0,0,Not Applicable
APP10182,2026-01-03,56,Male,Hyderabad,Professional,71700,810,2,12480,0.46,No,390000,48,11.22,Mobile App,Completed,Approved,2.3,Disbursed,2.5,None,Paid,0,0,0,Regular
APP10183,2026-01-18,30,Male,Lucknow,Salaried,35700,791,1,15860,0.26,No,200000,18,11.14,Mobile App,Completed,Approved,6.5,Disbursed,4.4,None,Paid,0,0,0,Regular
APP10184,2026-06-28,53,Male,Pune,Salaried,67800,759,1,12346,0.22,No,360000,12,9.39,Branch,Completed,Approved,13.5,Disbursed,4.9,None,Paid,0,0,0,Regular
APP10185,2026-08-23,38,Female,Pune,Salaried,33100,682,1,4081,0.29,No,280000,24,11.49,Website,Completed,Pending,11.5,Not Disbursed,,None,Not Applicable,0,0,0,Not Applicable
APP10186,2026-04-08,58,Male,Ahmedabad,Salaried,40600,638,1,15749,0.5,No,90000,12,11.64,Partner,Completed,Approved,14.4,Disbursed,4.8,None,Paid,0,0,0,Regular
APP10187,2026-09-10,33,Female,Pune,Professional,41400,809,1,4946,0.35,No,270000,48,11.59,Mobile App,Pending,Pending,13.4,Not Disbursed,,KYC,Not Applicable,0,0,0,Not Applicable
APP10188,2026-07-14,57,Male,Ahmedabad,Salaried,83500,735,1,22923,0.06,Yes,530000,60,10.32,Mobile App,Completed,Approved,7.4,Disbursed,3.8,None,Bounce,1,0,0,Watch
APP10189,2026-05-01,41,Female,Hyderabad,Salaried,42800,715,2,12278,0.17,No,310000,36,10.32,Partner,Completed,Approved,13.6,Disbursed,4.2,None,Paid,0,0,0,Regular
APP10190,2026-08-19,45,Female,Bengaluru,Salaried,28600,799,0,7939,0.34,No,330000,12,10.98,Mobile App,Completed,Approved,9.3,Disbursed,3.7,None,Paid,0,0,0,Regular
APP10191,2026-05-27,37,Female,Jaipur,Salaried,79200,683,2,28042,0.2,No,730000,24,10.6,Mobile App,Completed,Pending,9.9,Not Disbursed,,Credit Assessment,Not Applicable,0,0,0,Not Applicable
APP10192,2026-04-05,30,Male,Chennai,Salaried,63600,673,2,15645,0.49,No,450000,36,12.36,Partner,Completed,Pending,20.6,Not Disbursed,,None,Not Applicable,0,0,0,Not Applicable
APP10193,2026-05-26,29,Male,Hyderabad,Professional,65100,752,1,26373,0.38,No,540000,12,9.77,Mobile App,Completed,Approved,9.9,Disbursed,4.2,None,Paid,0,0,0,Regular
APP10194,2026-10-01,29,Female,Bengaluru,Salaried,135900,580,1,38054,0.47,No,1150000,18,12.04,Mobile App,Completed,Approved,8.5,Disbursed,1.0,None,Paid,0,0,0,Regular
APP10195,2026-01-04,43,Male,Pune,Self-Employed,51200,735,1,19543,0.51,No,100000,36,10.19,Mobile App,Pending,Rejected,12.4,Not Disbursed,,KYC,Not Applicable,0,0,0,Not Applicable
APP10196,2026-04-04,33,Female,Jaipur,Salaried,27900,632,1,3050,0.39,No,210000,60,10.31,Website,Completed,Approved,7.1,Disbursed,3.4,None,Paid,0,0,0,Regular
APP10197,2026-07-10,28,Male,Lucknow,Salaried,74600,679,2,10309,0.79,No,420000,12,10.67,Mobile App,Completed,Approved,10.2,Disbursed,2.5,None,Paid,0,0,0,Regular
APP10198,2026-08-24,23,Female,Bengaluru,Salaried,69200,777,2,29921,0.73,No,270000,36,10.94,Website,Completed,Rejected,5.3,Not Disbursed,,Credit Assessment,Not Applicable,0,0,0,Not Applicable
APP10199,2026-05-22,27,Male,Pune,Salaried,67400,723,1,28769,0.29,No,290000,12,10.34,Mobile App,Completed,Approved,7.9,Disbursed,3.9,None,Paid,0,0,0,Regular
APP10200,2026-06-12,46,Male,Mumbai,Professional,67300,791,2,14942,0.16,No,660000,60,11.93,Branch,Completed,Approved,13.5,Disbursed,5.5,None,Paid,0,0,0,Regular
APP10201,2026-03-24,43,Male,Ahmedabad,Self-Employed,30400,735,1,10380,0.22,No,180000,48,8.28,Branch,Completed,Pending,18.0,Not Disbursed,,None,Not Applicable,0,0,0,Not Applicable
APP10202,2026-07-29,30,Female,Hyderabad,Salaried,47000,677,1,14537,0.07,No,330000,48,11.42,Website,Completed,Approved,10.7,Disbursed,3.1,None,Paid,0,0,0,Regular
APP10203,2026-08-28,28,Female,Delhi,Salaried,65800,702,0,6459,0.26,No,690000,60,11.56,Website,Completed,Rejected,7.4,Not Disbursed,,Credit Assessment,Not Applicable,0,0,0,Not Applicable
APP10204,2026-02-24,24,Female,Kolkata,Self-Employed,66600,747,1,10648,0.34,No,380000,18,11.07,Branch,Completed,Approved,11.0,Disbursed,4.1,None,Paid,0,0,0,Regular
APP10205,2026-06-15,57,Female,Ahmedabad,Self-Employed,51700,670,1,16714,0.2,No,460000,48,11.43,Branch,Pending,Pending,22.8,Not Disbursed,,None,Not Applicable,0,0,0,Not Applicable
APP10206,2026-06-11,57,Male,Kolkata,Self-Employed,85500,778,0,29817,0.48,No,390000,24,8.09,Partner,Completed,Rejected,14.2,Not Disbursed,,Credit Assessment,Not Applicable,0,0,0,Not Applicable
APP10207,2026-02-18,38,Male,Jaipur,Salaried,31600,684,2,6832,0.45,No,270000,60,11.1,Mobile App,Completed,Approved,3.0,Disbursed,3.1,None,Paid,0,0,0,Regular
APP10208,2026-04-24,40,Female,Lucknow,Salaried,19000,762,1,6936,0.42,No,50000,60,8.61,Mobile App,Completed,Approved,8.2,Disbursed,3.3,None,Paid,0,0,0,Regular
APP10209,2026-04-11,46,Other,Lucknow,Salaried,31500,766,2,9641,0.41,No,90000,36,10.24,Branch,Completed,Approved,13.9,Disbursed,5.5,None,Paid,0,0,0,Regular
APP10210,2026-04-30,54,Female,Delhi,Salaried,46300,781,2,12276,0.48,No,450000,18,8.8,Website,Pending,Pending,15.8,Not Disbursed,,None,Not Applicable,0,0,0,Not Applicable
APP10211,2026-09-27,44,Female,Delhi,Salaried,65100,691,2,21422,0.44,No,430000,60,8.75,Website,Pending,Rejected,16.0,Not Disbursed,,KYC,Not Applicable,0,0,0,Not Applicable
APP10212,2026-09-30,31,Female,Pune,Self-Employed,60600,792,1,10931,0.57,No,110000,60,8.35,Branch,Completed,Rejected,14.1,Not Disbursed,,Credit Assessment,Not Applicable,0,0,0,Not Applicable
APP10213,2026-05-24,33,Male,Ahmedabad,Salaried,65200,697,1,23174,0.61,Yes,470000,48,9.36,Partner,Completed,Approved,16.5,Disbursed,1.1,None,Paid,0,0,0,Regular
APP10214,2026-03-11,42,Male,Bengaluru,Salaried,69300,850,1,30430,0.52,No,320000,18,9.72,Mobile App,Completed,Approved,5.1,Disbursed,4.0,None,Paid,0,0,0,Regular
APP10215,2026-04-07,30,Male,Lucknow,Professional,40000,803,2,18219,0.52,No,390000,36,8.43,Partner,Completed,Pending,17.4,Not Disbursed,,Credit Assessment,Not Applicable,0,0,0,Not Applicable
APP10216,2026-07-29,32,Female,Lucknow,Salaried,67900,737,1,7429,0.44,No,390000,60,11.06,Website,Completed,Pending,9.7,Not Disbursed,,Credit Assessment,Not Applicable,0,0,0,Not Applicable
APP10217,2026-09-26,21,Male,Kolkata,Salaried,64900,741,2,18986,0.8,No,610000,36,10.57,Mobile App,Completed,Approved,2.1,Disbursed,2.4,None,Paid,0,0,0,Regular
APP10218,2026-08-20,23,Male,Ahmedabad,Salaried,36000,769,2,14872,0.46,No,50000,24,8.36,Partner,Completed,Approved,16.7,Disbursed,5.6,None,Paid,0,0,0,Regular
APP10219,2026-07-05,53,Female,Lucknow,Professional,65500,759,1,19546,0.45,No,240000,60,8.34,Mobile App,Completed,Approved,6.0,Disbursed,3.0,None,Paid,0,0,0,Regular
APP10220,2026-03-09,45,Male,Jaipur,Salaried,30700,710,1,12353,0.56,No,200000,12,12.04,Mobile App,Completed,Approved,8.5,Disbursed,1.7,None,Paid,0,0,0,Regular
APP10221,2026-03-17,21,Male,Hyderabad,Salaried,54800,762,0,8781,0.3,No,250000,12,8.22,Branch,Completed,Approved,13.1,Disbursed,2.8,None,Paid,0,0,0,Regular
APP10222,2026-07-08,43,Female,Mumbai,Self-Employed,79800,697,2,15637,0.47,No,550000,48,12.05,Partner,Completed,Approved,12.2,Disbursed,4.9,None,Paid,0,0,0,Regular
APP10223,2026-06-12,25,Male,Jaipur,Salaried,53600,724,1,8450,0.57,No,50000,48,9.04,Partner,Pending,Pending,22.8,Not Disbursed,,KYC,Not Applicable,0,0,0,Not Applicable
APP10224,2026-06-20,57,Other,Chennai,Professional,65500,630,1,26656,0.52,No,310000,36,11.2,Branch,Completed,Approved,17.3,Disbursed,3.0,None,Paid,0,0,0,Regular
APP10225,2026-09-04,34,Female,Pune,Self-Employed,44900,641,1,5483,0.41,No,500000,18,10.2,Mobile App,Completed,Pending,15.9,Not Disbursed,,None,Not Applicable,0,0,0,Not Applicable
APP10226,2026-03-18,50,Male,Jaipur,Professional,47100,683,2,15968,0.49,No,420000,24,9.86,Partner,Completed,Pending,19.3,Not Disbursed,,Credit Assessment,Not Applicable,0,0,0,Not Applicable
APP10227,2026-04-14,22,Female,Kolkata,Salaried,101800,639,0,36452,0.46,Yes,540000,36,13.27,Mobile App,Completed,Approved,9.4,Disbursed,2.3,None,Bounce,1,1,1,Severe Delinquency
APP10228,2026-01-23,49,Male,Ahmedabad,Professional,36700,770,1,7381,0.43,No,210000,18,10.75,Website,Completed,Approved,3.7,Disbursed,4.3,None,Paid,0,0,0,Regular
APP10229,2026-09-21,59,Male,Chennai,Salaried,26500,706,2,6506,0.54,No,90000,24,8.69,Branch,Completed,Pending,17.0,Not Disbursed,,Credit Assessment,Not Applicable,0,0,0,Not Applicable
APP10230,2026-07-02,55,Female,Chennai,Salaried,58900,772,2,8762,0.29,Yes,610000,12,9.25,Mobile App,Completed,Approved,6.2,Disbursed,1.4,None,Paid,0,0,0,Regular
APP10231,2026-06-19,33,Male,Jaipur,Salaried,58300,674,1,11359,0.35,No,320000,18,12.08,Branch,Completed,Pending,20.0,Not Disbursed,,None,Not Applicable,0,0,0,Not Applicable
APP10232,2026-03-23,41,Female,Mumbai,Salaried,31000,724,2,10622,0.25,No,110000,48,11.9,Branch,Completed,Pending,14.2,Not Disbursed,,None,Not Applicable,0,0,0,Not Applicable
APP10233,2026-07-27,45,Female,Pune,Self-Employed,76200,770,1,12754,0.21,No,350000,36,8.28,Mobile App,Completed,Approved,4.3,Disbursed,3.9,None,Paid,0,0,0,Regular
APP10234,2026-06-03,27,Male,Lucknow,Self-Employed,45700,771,2,20944,0.59,No,380000,18,10.28,Branch,Completed,Approved,12.0,Disbursed,3.9,None,Paid,0,0,0,Regular
APP10235,2026-07-15,40,Male,Kolkata,Self-Employed,64800,748,2,9920,0.15,No,720000,24,9.62,Website,Completed,Approved,7.0,Disbursed,1.8,None,Paid,0,0,0,Regular
APP10236,2026-08-22,48,Male,Bengaluru,Salaried,37200,767,1,16705,0.34,No,160000,60,11.57,Partner,Completed,Approved,15.2,Disbursed,4.9,None,Paid,0,0,0,Regular
APP10237,2026-09-04,59,Male,Lucknow,Salaried,55900,759,1,16976,0.51,No,510000,36,11.85,Website,Completed,Approved,9.6,Disbursed,4.1,None,Paid,0,0,0,Regular
APP10238,2026-08-29,26,Female,Jaipur,Professional,53400,751,2,21596,0.52,No,110000,24,9.82,Partner,Completed,Rejected,12.1,Not Disbursed,,Credit Assessment,Not Applicable,0,0,0,Not Applicable
APP10239,2026-05-23,51,Male,Chennai,Salaried,46500,735,0,13419,0.6,No,190000,24,9.01,Partner,Completed,Approved,14.8,Disbursed,4.9,None,Paid,0,0,0,Regular
APP10240,2026-07-31,60,Female,Hyderabad,Salaried,38200,772,2,16384,0.4,No,440000,12,11.08,Website,Completed,Approved,10.1,Disbursed,4.8,None,Paid,0,0,0,Regular
APP10241,2026-05-28,36,Male,Bengaluru,Salaried,72500,736,1,10296,0.3,No,630000,48,11.71,Website,Completed,Approved,5.7,Disbursed,3.5,None,Paid,0,0,0,Regular
APP10242,2026-04-10,49,Female,Chennai,Professional,63700,641,0,15273,0.79,No,240000,12,11.66,Partner,Completed,Pending,22.5,Not Disbursed,,None,Not Applicable,0,0,0,Not Applicable
APP10243,2026-03-08,32,Female,Mumbai,Self-Employed,52100,640,1,5940,0.53,No,480000,60,11.1,Mobile App,Completed,Rejected,3.9,Not Disbursed,,Credit Assessment,Not Applicable,0,0,0,Not Applicable
APP10244,2026-01-31,57,Male,Bengaluru,Professional,67300,811,1,28360,0.39,No,640000,24,9.03,Website,Completed,Pending,11.4,Not Disbursed,,None,Not Applicable,0,0,0,Not Applicable
APP10245,2026-01-01,37,Female,Delhi,Salaried,128600,679,1,46865,0.42,No,1060000,12,12.55,Mobile App,Completed,Approved,6.7,Disbursed,3.0,None,Paid,0,0,0,Regular
APP10246,2026-07-25,45,Female,Chennai,Professional,61900,724,0,24283,0.43,No,520000,60,8.22,Partner,Completed,Approved,15.0,Disbursed,5.4,None,Paid,0,0,0,Regular
APP10247,2026-03-13,26,Female,Chennai,Salaried,48100,713,1,10685,0.46,No,460000,24,8.28,Website,Completed,Pending,9.1,Not Disbursed,,None,Not Applicable,0,0,0,Not Applicable
APP10248,2026-03-18,22,Male,Lucknow,Salaried,36300,585,1,13807,0.53,No,190000,60,13.66,Website,Completed,Approved,11.1,Disbursed,1.6,None,Paid,0,0,0,Regular
APP10249,2026-04-23,35,Male,Mumbai,Self-Employed,54500,703,1,17443,0.66,No,490000,12,8.59,Partner,Completed,Approved,11.6,Disbursed,3.5,None,Paid,0,0,0,Regular
APP10250,2026-01-04,33,Female,Kolkata,Salaried,143600,720,1,18992,0.19,No,930000,48,8.03,Website,Completed,Approved,8.7,Disbursed,1.9,None,Bounce,1,0,0,Watch
APP10251,2026-06-28,26,Male,Lucknow,Professional,39300,721,1,12448,0.25,No,280000,12,9.68,Branch,Completed,Rejected,9.3,Not Disbursed,,Credit Assessment,Not Applicable,0,0,0,Not Applicable
APP10252,2026-08-21,56,Female,Delhi,Professional,55600,662,1,6766,0.47,No,560000,18,9.33,Website,Completed,Approved,8.6,Disbursed,2.8,None,Paid,0,0,0,Regular
APP10253,2026-08-30,24,Male,Bengaluru,Salaried,26000,795,1,7657,0.6,No,250000,12,10.34,Mobile App,Completed,Approved,4.6,Disbursed,3.7,None,Paid,0,0,0,Regular
APP10254,2026-06-25,24,Male,Bengaluru,Salaried,61000,694,1,12973,0.45,No,420000,24,9.4,Mobile App,Completed,Pending,10.1,Not Disbursed,,None,Not Applicable,0,0,0,Not Applicable
APP10255,2026-03-18,39,Male,Lucknow,Professional,62900,675,2,28243,0.46,No,270000,36,12.56,Mobile App,Completed,Approved,7.1,Disbursed,4.2,None,Paid,0,0,0,Regular
APP10256,2026-01-09,21,Female,Mumbai,Salaried,49900,670,1,18726,0.5,No,280000,12,10.92,Mobile App,Completed,Approved,8.9,Disbursed,3.9,None,Paid,0,0,0,Regular
APP10257,2026-04-17,40,Female,Ahmedabad,Professional,47200,650,2,12605,0.19,No,190000,60,12.55,Partner,Completed,Approved,16.4,Disbursed,4.9,None,Paid,0,0,0,Regular
APP10258,2026-04-18,26,Male,Chennai,Self-Employed,183300,681,2,48622,0.52,Yes,1200000,18,11.79,Mobile App,Completed,Approved,2.4,Disbursed,2.6,None,Paid,0,0,0,Regular
APP10259,2026-02-14,35,Female,Hyderabad,Salaried,51600,670,1,19966,0.21,No,500000,36,9.32,Mobile App,Completed,Rejected,10.2,Not Disbursed,,Credit Assessment,Not Applicable,0,0,0,Not Applicable
APP10260,2026-04-07,32,Female,Delhi,Salaried,31100,846,2,11261,0.27,No,270000,24,8.25,Website,Completed,Approved,6.7,Not Disbursed,,Documentation,Not Applicable,0,0,0,Not Applicable
APP10261,2026-03-27,35,Male,Jaipur,Salaried,49600,699,2,19237,0.52,No,130000,24,10.89,Website,Completed,Approved,1.2,Disbursed,3.3,None,Bounce,1,1,0,Intensive Follow-up
APP10262,2026-03-25,31,Male,Hyderabad,Salaried,23300,744,1,2872,0.64,No,130000,18,10.13,Partner,Completed,Approved,14.2,Disbursed,5.3,None,Paid,0,0,0,Regular
APP10263,2026-03-13,28,Male,Kolkata,Professional,122400,706,0,50369,0.7,No,920000,48,10.99,Website,Completed,Pending,9.7,Not Disbursed,,None,Not Applicable,0,0,0,Not Applicable
APP10264,2026-06-12,28,Female,Kolkata,Salaried,39300,648,1,10799,0.43,No,340000,36,11.85,Mobile App,Completed,Pending,13.4,Not Disbursed,,Credit Assessment,Not Applicable,0,0,0,Not Applicable
APP10265,2026-08-01,53,Male,Chennai,Salaried,73600,788,1,14278,0.21,No,710000,60,8.56,Mobile App,Pending,Pending,17.8,Not Disbursed,,None,Not Applicable,0,0,0,Not Applicable
APP10266,2026-09-09,58,Male,Bengaluru,Salaried,47400,815,3,19423,0.59,No,340000,48,8.17,Partner,Completed,Approved,13.8,Disbursed,5.1,None,Paid,0,0,0,Regular
APP10267,2026-02-04,40,Male,Hyderabad,Salaried,69800,839,2,25617,0.54,No,240000,18,10.4,Branch,Completed,Approved,10.4,Disbursed,5.1,None,Paid,0,0,0,Regular
APP10268,2026-07-02,44,Male,Lucknow,Salaried,30300,767,1,10641,0.27,Yes,110000,36,8.19,Partner,Completed,Approved,14.4,Disbursed,4.4,None,Paid,0,0,0,Regular
APP10269,2026-09-06,39,Male,Delhi,Salaried,70800,795,1,28519,0.21,No,520000,60,9.65,Mobile App,Completed,Approved,8.7,Disbursed,3.3,None,Paid,0,0,0,Regular
APP10270,2026-03-13,31,Female,Bengaluru,Salaried,63600,760,2,24794,0.2,No,410000,18,11.27,Partner,Pending,Pending,24.9,Not Disbursed,,None,Not Applicable,0,0,0,Not Applicable
APP10271,2026-09-20,59,Male,Chennai,Salaried,30500,797,2,11730,0.38,No,230000,12,10.37,Mobile App,Completed,Pending,10.5,Not Disbursed,,None,Not Applicable,0,0,0,Not Applicable
APP10272,2026-09-28,51,Female,Hyderabad,Salaried,66500,742,1,8901,0.38,No,270000,48,8.87,Mobile App,Completed,Approved,4.5,Disbursed,4.7,None,Paid,0,0,0,Regular
APP10273,2026-04-27,33,Male,Bengaluru,Professional,162700,780,1,55622,0.62,No,1000000,18,9.63,Mobile App,Completed,Pending,11.5,Not Disbursed,,Credit Assessment,Not Applicable,0,0,0,Not Applicable
APP10274,2026-09-01,41,Female,Delhi,Salaried,54700,731,1,14368,0.28,No,480000,36,11.76,Mobile App,Completed,Approved,7.8,Disbursed,2.9,None,Paid,0,0,0,Regular
APP10275,2026-05-23,44,Female,Ahmedabad,Self-Employed,46500,778,2,18003,0.7,No,180000,24,11.06,Branch,Pending,Pending,25.5,Not Disbursed,,None,Not Applicable,0,0,0,Not Applicable
APP10276,2026-02-19,58,Male,Kolkata,Salaried,33400,812,0,14318,0.43,Yes,310000,12,11.04,Mobile App,Pending,Pending,13.7,Not Disbursed,,KYC,Not Applicable,0,0,0,Not Applicable
APP10277,2026-06-05,54,Male,Ahmedabad,Salaried,70300,671,3,23357,0.46,No,660000,36,12.52,Mobile App,Completed,Pending,11.9,Not Disbursed,,None,Not Applicable,0,0,0,Not Applicable
APP10278,2026-05-26,31,Male,Bengaluru,Salaried,38300,739,0,10708,0.43,No,280000,24,9.28,Website,Completed,Pending,11.6,Not Disbursed,,None,Not Applicable,0,0,0,Not Applicable
APP10279,2026-03-28,22,Male,Bengaluru,Self-Employed,35000,776,1,4061,0.33,No,320000,18,8.08,Mobile App,Completed,Approved,8.4,Disbursed,3.8,None,Paid,0,0,0,Regular
APP10280,2026-08-12,41,Female,Kolkata,Salaried,83900,591,0,18438,0.33,No,370000,60,11.39,Branch,Completed,Approved,16.2,Disbursed,3.1,None,Paid,0,0,0,Regular
APP10281,2026-06-03,25,Male,Jaipur,Salaried,42500,762,0,18464,0.37,No,120000,48,9.73,Website,Completed,Approved,8.0,Disbursed,4.7,None,Paid,0,0,0,Regular
APP10282,2026-04-13,55,Female,Kolkata,Salaried,65600,740,1,22319,0.57,No,570000,60,9.46,Branch,Pending,Pending,25.7,Not Disbursed,,KYC,Not Applicable,0,0,0,Not Applicable
APP10283,2026-08-12,30,Female,Hyderabad,Self-Employed,33500,698,0,5989,0.17,No,120000,18,10.13,Partner,Completed,Approved,13.5,Disbursed,5.0,None,Paid,0,0,0,Regular
APP10284,2026-07-23,23,Female,Hyderabad,Salaried,21300,678,2,10365,0.72,No,90000,48,12.61,Branch,Completed,Approved,14.3,Disbursed,5.7,None,Paid,0,0,0,Regular
APP10285,2026-08-05,29,Female,Lucknow,Self-Employed,110700,683,3,24705,0.3,No,610000,24,9.61,Branch,Completed,Rejected,14.8,Not Disbursed,,Credit Assessment,Not Applicable,0,0,0,Not Applicable
APP10286,2026-01-28,27,Female,Hyderabad,Salaried,34700,635,3,8574,0.27,No,370000,18,12.46,Website,Completed,Pending,19.7,Not Disbursed,,None,Not Applicable,0,0,0,Not Applicable
APP10287,2026-06-02,36,Female,Kolkata,Salaried,95900,755,2,42899,0.66,No,750000,24,8.84,Branch,Completed,Rejected,15.8,Not Disbursed,,Credit Assessment,Not Applicable,0,0,0,Not Applicable
APP10288,2026-06-17,31,Male,Chennai,Professional,77800,807,0,33297,0.25,No,640000,12,9.81,Mobile App,Completed,Approved,3.5,Disbursed,3.0,None,Paid,0,0,0,Regular
APP10289,2026-03-30,22,Male,Bengaluru,Salaried,71300,700,1,7873,0.53,No,700000,18,11.15,Mobile App,Completed,Pending,5.2,Not Disbursed,,Credit Assessment,Not Applicable,0,0,0,Not Applicable
APP10290,2026-08-08,41,Male,Pune,Salaried,46500,770,2,6402,0.23,Yes,280000,12,10.4,Mobile App,Pending,Rejected,11.0,Not Disbursed,,KYC,Not Applicable,0,0,0,Not Applicable
APP10291,2026-05-25,30,Female,Chennai,Salaried,58000,754,0,22393,0.3,No,560000,24,10.91,Website,Completed,Approved,10.0,Disbursed,4.4,None,Paid,0,0,0,Regular
APP10292,2026-05-01,33,Female,Kolkata,Self-Employed,37900,662,0,4234,0.08,No,250000,18,11.04,Mobile App,Completed,Pending,15.0,Not Disbursed,,Credit Assessment,Not Applicable,0,0,0,Not Applicable
APP10293,2026-05-24,43,Other,Lucknow,Self-Employed,55300,768,1,22680,0.34,Yes,270000,24,10.99,Partner,Completed,Approved,17.2,Disbursed,4.0,None,Bounce,1,1,1,Severe Delinquency
APP10294,2026-08-12,48,Female,Hyderabad,Salaried,72400,729,2,36054,0.33,No,360000,36,8.46,Mobile App,Completed,Approved,2.9,Disbursed,3.8,None,Paid,0,0,0,Regular
APP10295,2026-04-03,52,Female,Chennai,Professional,60000,745,1,12561,0.33,No,360000,24,9.67,Mobile App,Completed,Approved,2.3,Disbursed,3.1,None,Paid,0,0,0,Regular
APP10296,2026-08-20,25,Female,Ahmedabad,Self-Employed,85300,735,0,33240,0.2,No,350000,36,9.3,Mobile App,Completed,Approved,2.7,Disbursed,2.9,None,Paid,0,0,0,Regular
APP10297,2026-03-03,57,Female,Mumbai,Self-Employed,24000,750,0,2742,0.35,No,120000,12,9.19,Branch,Completed,Approved,9.8,Disbursed,4.1,None,Paid,0,0,0,Regular
APP10298,2026-08-26,48,Male,Hyderabad,Professional,62300,830,1,15252,0.5,No,280000,36,10.71,Mobile App,Completed,Approved,4.9,Disbursed,2.7,None,Paid,0,0,0,Regular
APP10299,2026-08-26,30,Male,Jaipur,Salaried,56500,742,2,10452,0.31,No,570000,24,10.64,Mobile App,Completed,Approved,3.3,Disbursed,1.8,None,Paid,0,0,0,Regular
APP10300,2026-05-16,57,Male,Chennai,Salaried,28700,729,1,4231,0.33,No,140000,48,9.37,Mobile App,Completed,Pending,8.2,Not Disbursed,,None,Not Applicable,0,0,0,Not Applicable
APP10301,2026-07-22,32,Female,Delhi,Self-Employed,102800,729,1,12662,0.51,No,1000000,60,11.22,Mobile App,Completed,Approved,1.1,Disbursed,1.2,None,Paid,0,0,0,Regular
APP10302,2026-08-16,26,Female,Mumbai,Salaried,122700,800,1,16406,0.44,No,970000,12,11.86,Mobile App,Completed,Approved,5.0,Disbursed,3.0,None,Paid,0,0,0,Regular
APP10303,2026-09-07,51,Female,Ahmedabad,Salaried,32200,742,1,10087,0.31,No,70000,48,8.93,Branch,Completed,Rejected,9.5,Not Disbursed,,Credit Assessment,Not Applicable,0,0,0,Not Applicable
APP10304,2026-08-28,24,Male,Kolkata,Salaried,58200,740,1,18065,0.37,No,320000,60,8.52,Website,Completed,Approved,7.5,Disbursed,3.4,None,Paid,0,0,0,Regular
APP10305,2026-05-01,39,Male,Kolkata,Professional,120800,850,2,53451,0.13,No,600000,18,8.84,Branch,Completed,Approved,8.7,Disbursed,5.1,None,Paid,0,0,0,Regular
APP10306,2026-05-17,24,Other,Chennai,Professional,48200,601,1,4991,0.47,No,390000,24,13.97,Branch,Pending,Rejected,22.6,Not Disbursed,,None,Not Applicable,0,0,0,Not Applicable
APP10307,2026-08-15,53,Male,Delhi,Self-Employed,98800,750,1,11775,0.19,No,790000,12,11.05,Website,Completed,Approved,8.1,Disbursed,3.5,None,Paid,0,0,0,Regular
APP10308,2026-09-29,52,Male,Delhi,Salaried,30700,781,3,12729,0.74,No,160000,18,9.69,Mobile App,Completed,Approved,5.6,Disbursed,2.1,None,Paid,0,0,0,Regular
APP10309,2026-03-19,35,Female,Kolkata,Salaried,48300,750,0,4396,0.43,No,470000,12,11.61,Partner,Completed,Approved,15.3,Disbursed,3.4,None,Paid,0,0,0,Regular
APP10310,2026-06-26,24,Other,Jaipur,Professional,31900,800,0,6255,0.24,No,340000,18,11.55,Branch,Completed,Approved,12.8,Disbursed,5.7,None,Paid,0,0,0,Regular
APP10311,2026-08-05,46,Male,Hyderabad,Salaried,57700,786,0,16161,0.47,No,390000,60,11.95,Branch,Completed,Approved,12.9,Disbursed,3.2,None,Paid,0,0,0,Regular
APP10312,2026-03-13,28,Male,Chennai,Salaried,55400,794,1,16166,0.57,No,460000,48,10.86,Branch,Completed,Rejected,10.9,Not Disbursed,,Credit Assessment,Not Applicable,0,0,0,Not Applicable
APP10313,2026-09-13,54,Male,Delhi,Salaried,78700,773,2,34354,0.57,No,330000,36,10.55,Mobile App,Completed,Approved,3.9,Disbursed,1.4,None,Paid,0,0,0,Regular
APP10314,2026-03-02,49,Male,Ahmedabad,Self-Employed,50900,699,0,22303,0.44,No,310000,12,10.83,Website,Completed,Pending,8.7,Not Disbursed,,None,Not Applicable,0,0,0,Not Applicable
APP10315,2026-08-20,47,Female,Chennai,Salaried,40900,784,2,6053,0.7,No,270000,36,11.6,Branch,Completed,Approved,12.6,Disbursed,4.6,None,Paid,0,0,0,Regular
APP10316,2026-03-26,45,Male,Lucknow,Salaried,25500,719,1,8907,0.62,No,200000,36,10.85,Branch,Completed,Approved,10.9,Disbursed,3.6,None,Paid,0,0,0,Regular
APP10317,2026-08-16,57,Male,Hyderabad,Salaried,28500,679,0,2838,0.32,No,250000,12,9.16,Mobile App,Completed,Approved,10.2,Disbursed,2.8,None,Paid,0,0,0,Regular
APP10318,2026-06-16,55,Male,Kolkata,Salaried,49800,740,1,13711,0.37,No,360000,24,8.73,Mobile App,Completed,Approved,7.1,Disbursed,3.5,None,Paid,0,0,0,Regular
APP10319,2026-07-28,24,Female,Delhi,Salaried,49800,749,1,7716,0.42,No,320000,36,10.53,Mobile App,Pending,Pending,13.8,Not Disbursed,,KYC,Not Applicable,0,0,0,Not Applicable
APP10320,2026-05-29,22,Female,Lucknow,Self-Employed,35400,748,1,3931,0.58,No,220000,18,10.61,Branch,Completed,Approved,11.6,Disbursed,5.4,None,Bounce,1,0,0,Watch
APP10321,2026-09-16,31,Female,Ahmedabad,Salaried,30200,701,1,11810,0.32,No,100000,12,12.21,Partner,Completed,Approved,14.8,Disbursed,3.7,None,Paid,0,0,0,Regular
APP10322,2026-09-08,41,Male,Chennai,Salaried,32700,719,2,8225,0.84,No,210000,12,11.07,Mobile App,Completed,Pending,8.1,Not Disbursed,,None,Not Applicable,0,0,0,Not Applicable
APP10323,2026-07-03,55,Female,Delhi,Salaried,52400,679,2,14310,0.59,No,90000,24,9.59,Partner,Pending,Rejected,24.3,Not Disbursed,,None,Not Applicable,0,0,0,Not Applicable
APP10324,2026-03-31,60,Male,Pune,Salaried,54600,637,2,11322,0.35,No,370000,48,9.92,Mobile App,Completed,Approved,11.2,Disbursed,2.9,None,Paid,0,0,0,Regular
APP10325,2026-06-15,29,Male,Bengaluru,Salaried,59000,649,1,19520,0.39,No,410000,48,11.15,Website,Completed,Approved,9.7,Disbursed,2.3,None,Paid,0,0,0,Regular
APP10326,2026-08-05,47,Female,Jaipur,Salaried,35300,661,1,8310,0.56,No,120000,48,13.01,Partner,Completed,Rejected,18.9,Not Disbursed,,Credit Assessment,Not Applicable,0,0,0,Not Applicable
APP10327,2026-08-13,36,Female,Chennai,Salaried,61300,763,0,19109,0.35,No,330000,24,11.06,Website,Completed,Rejected,10.6,Not Disbursed,,Credit Assessment,Not Applicable,0,0,0,Not Applicable
APP10328,2026-04-30,49,Male,Delhi,Professional,92200,700,1,9491,0.14,No,250000,12,11.86,Partner,Completed,Approved,13.5,Disbursed,4.2,None,Paid,0,0,0,Regular
APP10329,2026-03-06,60,Female,Kolkata,Salaried,47500,753,0,4256,0.21,No,350000,60,10.55,Mobile App,Completed,Rejected,5.7,Not Disbursed,,Credit Assessment,Not Applicable,0,0,0,Not Applicable
APP10330,2026-03-16,37,Female,Ahmedabad,Self-Employed,52000,782,1,12546,0.7,No,450000,18,8.23,Branch,Completed,Approved,10.8,Not Disbursed,,Documentation,Not Applicable,0,0,0,Not Applicable
APP10331,2026-01-22,53,Male,Jaipur,Professional,51000,781,2,13075,0.26,No,500000,24,9.98,Mobile App,Completed,Approved,5.2,Disbursed,2.7,None,Paid,0,0,0,Regular
APP10332,2026-01-23,21,Male,Pune,Salaried,35900,784,2,9660,0.14,No,330000,24,11.9,Branch,Completed,Approved,12.0,Disbursed,5.0,None,Paid,0,0,0,Regular
APP10333,2026-03-29,33,Female,Bengaluru,Salaried,44000,807,1,6387,0.53,No,180000,60,11.76,Branch,Completed,Approved,11.0,Disbursed,4.2,None,Paid,0,0,0,Regular
APP10334,2026-09-08,60,Male,Delhi,Salaried,32900,775,1,10376,0.58,No,160000,24,8.84,Branch,Completed,Approved,9.7,Disbursed,5.1,None,Paid,0,0,0,Regular
APP10335,2026-04-17,26,Male,Lucknow,Salaried,56500,622,0,14226,0.49,No,280000,36,10.84,Website,Completed,Rejected,6.7,Not Disbursed,,Credit Assessment,Not Applicable,0,0,0,Not Applicable
APP10336,2026-01-13,33,Female,Pune,Salaried,129200,705,1,14353,0.27,No,830000,48,9.02,Mobile App,Completed,Approved,3.6,Disbursed,3.4,None,Paid,0,0,0,Regular
APP10337,2026-05-14,35,Female,Delhi,Salaried,56500,759,1,6012,0.53,No,310000,24,8.03,Branch,Completed,Pending,17.1,Not Disbursed,,Credit Assessment,Not Applicable,0,0,0,Not Applicable
APP10338,2026-06-24,40,Female,Chennai,Self-Employed,48500,809,1,13079,0.26,No,160000,60,11.17,Website,Completed,Approved,7.9,Disbursed,1.9,None,Paid,0,0,0,Regular
APP10339,2026-06-16,41,Male,Kolkata,Self-Employed,66700,714,0,19588,0.36,No,770000,24,10.47,Mobile App,Completed,Approved,5.7,Disbursed,1.6,None,Paid,0,0,0,Regular
APP10340,2026-04-01,57,Male,Bengaluru,Salaried,92700,792,0,37151,0.28,No,340000,18,8.13,Website,Completed,Approved,8.7,Disbursed,2.5,None,Paid,0,0,0,Regular
APP10341,2026-04-16,59,Male,Bengaluru,Salaried,92200,697,1,22886,0.62,No,210000,36,8.98,Mobile App,Completed,Approved,9.8,Disbursed,2.6,None,Paid,0,0,0,Regular
APP10342,2026-01-21,34,Female,Ahmedabad,Salaried,59800,738,1,9247,0.24,No,410000,18,10.95,Mobile App,Completed,Pending,6.8,Not Disbursed,,None,Not Applicable,0,0,0,Not Applicable
APP10343,2026-05-30,39,Male,Ahmedabad,Salaried,34200,704,1,10553,0.27,No,300000,12,10.99,Branch,Completed,Rejected,13.0,Not Disbursed,,Credit Assessment,Not Applicable,0,0,0,Not Applicable
APP10344,2026-04-10,25,Male,Pune,Professional,41300,713,0,11012,0.63,No,270000,12,9.73,Mobile App,Completed,Approved,6.8,Disbursed,3.0,None,Paid,0,0,0,Regular
APP10345,2026-01-06,21,Female,Bengaluru,Salaried,79800,678,0,34434,0.38,No,720000,12,11.55,Mobile App,Completed,Approved,7.4,Disbursed,3.0,None,Paid,0,0,0,Regular
APP10346,2026-01-09,30,Female,Bengaluru,Salaried,26700,700,2,10548,0.19,No,140000,12,10.09,Branch,Completed,Approved,12.7,Disbursed,4.5,None,Paid,0,0,0,Regular
APP10347,2026-07-19,21,Female,Pune,Self-Employed,87000,850,0,17347,0.4,No,710000,36,8.85,Mobile App,Completed,Approved,4.6,Disbursed,3.5,None,Paid,0,0,0,Regular
APP10348,2026-03-10,35,Female,Hyderabad,Salaried,49300,787,1,21877,0.64,No,470000,18,9.33,Mobile App,Completed,Approved,5.2,Disbursed,2.3,None,Paid,0,0,0,Regular
APP10349,2026-03-12,41,Other,Ahmedabad,Salaried,50700,693,0,4305,0.41,Yes,460000,36,10.04,Branch,Completed,Rejected,13.1,Not Disbursed,,Credit Assessment,Not Applicable,0,0,0,Not Applicable
APP10350,2026-05-08,39,Female,Kolkata,Salaried,222800,713,2,82020,0.43,No,1200000,24,11.35,Branch,Completed,Approved,11.8,Disbursed,3.6,None,Bounce,1,0,0,Watch
APP10351,2026-08-28,35,Male,Kolkata,Salaried,28400,591,1,2820,0.9,Yes,110000,48,11.83,Mobile App,Completed,Rejected,6.2,Not Disbursed,,Credit Assessment,Not Applicable,0,0,0,Not Applicable
APP10352,2026-09-04,33,Female,Bengaluru,Salaried,38400,732,2,11828,0.74,No,160000,36,8.08,Partner,Completed,Rejected,16.7,Not Disbursed,,Credit Assessment,Not Applicable,0,0,0,Not Applicable
APP10353,2026-07-11,45,Female,Delhi,Self-Employed,122900,728,0,30916,0.26,No,450000,18,9.97,Mobile App,Completed,Approved,5.7,Disbursed,3.0,None,Paid,0,0,0,Regular
APP10354,2026-05-14,47,Male,Chennai,Salaried,127800,714,0,27634,0.58,No,630000,36,10.54,Mobile App,Completed,Rejected,4.5,Not Disbursed,,Credit Assessment,Not Applicable,0,0,0,Not Applicable
APP10355,2026-06-07,30,Female,Lucknow,Salaried,63900,656,2,17394,0.57,No,760000,36,12.22,Mobile App,Completed,Approved,10.8,Disbursed,1.8,None,Paid,0,0,0,Regular
APP10356,2026-03-10,26,Female,Lucknow,Self-Employed,47800,735,2,11663,0.35,No,440000,60,8.79,Branch,Completed,Approved,12.0,Disbursed,3.9,None,Paid,0,0,0,Regular
APP10357,2026-09-02,32,Male,Delhi,Salaried,74100,750,2,16744,0.68,No,370000,60,9.94,Mobile App,Completed,Approved,3.3,Disbursed,2.8,None,Paid,0,0,0,Regular
APP10358,2026-07-13,27,Female,Hyderabad,Self-Employed,56000,787,3,26594,0.4,No,240000,24,10.44,Website,Pending,Pending,18.4,Not Disbursed,,None,Not Applicable,0,0,0,Not Applicable
APP10359,2026-06-14,43,Male,Delhi,Salaried,88700,747,1,11129,0.05,No,390000,36,8.07,Branch,Completed,Approved,9.8,Disbursed,4.7,None,Paid,0,0,0,Regular
APP10360,2026-09-16,44,Male,Chennai,Self-Employed,36900,750,0,15773,0.6,No,260000,12,8.13,Branch,Completed,Approved,12.4,Disbursed,5.0,None,Paid,0,0,0,Regular
APP10361,2026-05-12,52,Male,Hyderabad,Self-Employed,42900,663,1,7295,0.62,No,310000,60,11.8,Partner,Completed,Pending,25.1,Not Disbursed,,Credit Assessment,Not Applicable,0,0,0,Not Applicable
APP10362,2026-04-25,28,Male,Jaipur,Salaried,53400,678,1,22525,0.64,Yes,390000,60,9.88,Mobile App,Completed,Pending,10.6,Not Disbursed,,None,Not Applicable,0,0,0,Not Applicable
APP10363,2026-03-06,39,Female,Delhi,Salaried,60000,708,1,11757,0.22,No,510000,18,10.32,Partner,Completed,Pending,19.5,Not Disbursed,,None,Not Applicable,0,0,0,Not Applicable
APP10364,2026-09-02,59,Male,Delhi,Salaried,58100,632,3,18298,0.39,No,480000,60,12.28,Mobile App,Completed,Approved,11.1,Disbursed,2.7,None,Paid,0,0,0,Regular
APP10365,2026-01-12,34,Male,Kolkata,Salaried,73000,692,2,15569,0.1,No,710000,60,10.75,Branch,Completed,Rejected,7.7,Not Disbursed,,Credit Assessment,Not Applicable,0,0,0,Not Applicable
APP10366,2026-08-15,42,Female,Ahmedabad,Professional,76300,717,2,15427,0.53,No,580000,48,10.84,Website,Completed,Approved,8.7,Disbursed,2.7,None,Paid,0,0,0,Regular
APP10367,2026-06-23,39,Male,Pune,Salaried,113500,724,0,37566,0.52,No,680000,18,10.37,Mobile App,Completed,Approved,6.9,Disbursed,2.9,None,Paid,0,0,0,Regular
APP10368,2026-03-01,30,Male,Kolkata,Salaried,33800,706,1,12023,0.5,No,50000,36,8.61,Mobile App,Completed,Pending,7.9,Not Disbursed,,Credit Assessment,Not Applicable,0,0,0,Not Applicable
APP10369,2026-07-27,52,Male,Jaipur,Salaried,52200,688,0,23489,0.33,No,310000,60,11.89,Mobile App,Completed,Rejected,6.9,Not Disbursed,,Credit Assessment,Not Applicable,0,0,0,Not Applicable
APP10370,2026-03-24,22,Female,Jaipur,Self-Employed,56400,631,1,18112,0.5,No,170000,48,10.13,Branch,Completed,Approved,13.2,Disbursed,4.8,None,Paid,0,0,0,Regular
APP10371,2026-06-30,37,Male,Mumbai,Salaried,36400,810,3,13596,0.42,No,360000,24,10.42,Partner,Completed,Approved,12.0,Disbursed,3.8,None,Paid,0,0,0,Regular
APP10372,2026-02-06,53,Female,Delhi,Self-Employed,42700,696,1,14935,0.23,No,360000,18,11.0,Website,Completed,Approved,6.9,Disbursed,4.1,None,Paid,0,0,0,Regular
APP10373,2026-06-20,38,Other,Pune,Self-Employed,63200,790,3,15614,0.46,No,230000,24,11.11,Website,Completed,Approved,6.2,Disbursed,2.9,None,Paid,0,0,0,Regular
APP10374,2026-04-03,30,Male,Pune,Salaried,70600,790,0,26723,0.55,No,390000,24,9.38,Website,Completed,Rejected,5.5,Not Disbursed,,Credit Assessment,Not Applicable,0,0,0,Not Applicable
APP10375,2026-08-08,55,Male,Kolkata,Salaried,55700,823,0,5545,0.61,No,530000,48,10.08,Mobile App,Completed,Approved,3.9,Disbursed,2.3,None,Paid,0,0,0,Regular
APP10376,2026-09-12,35,Female,Delhi,Professional,49500,787,2,23740,0.55,No,160000,36,10.06,Mobile App,Completed,Approved,2.7,Disbursed,2.0,None,Paid,0,0,0,Regular
APP10377,2026-03-31,55,Male,Kolkata,Salaried,28400,614,0,9220,0.95,No,380000,12,10.42,Website,Completed,Rejected,8.9,Not Disbursed,,Credit Assessment,Not Applicable,0,0,0,Not Applicable
APP10378,2026-09-21,29,Male,Mumbai,Salaried,47400,773,1,13247,0.43,No,200000,18,11.3,Mobile App,Completed,Approved,1.6,Disbursed,4.4,None,Paid,0,0,0,Regular
APP10379,2026-04-26,23,Male,Lucknow,Self-Employed,52700,681,2,14691,0.6,No,360000,18,10.66,Mobile App,Completed,Rejected,7.3,Not Disbursed,,Credit Assessment,Not Applicable,0,0,0,Not Applicable
APP10380,2026-04-12,44,Female,Kolkata,Professional,57200,805,1,7536,0.27,No,260000,12,11.79,Partner,Completed,Approved,12.7,Disbursed,4.4,None,Paid,0,0,0,Regular
APP10381,2026-08-08,38,Female,Ahmedabad,Salaried,123700,610,1,32866,0.15,No,1080000,12,14.11,Mobile App,Completed,Approved,9.2,Disbursed,4.5,None,Bounce,1,0,0,Watch
APP10382,2026-09-15,21,Female,Hyderabad,Salaried,31300,743,1,5760,0.31,No,120000,36,10.44,Website,Completed,Rejected,3.9,Not Disbursed,,Credit Assessment,Not Applicable,0,0,0,Not Applicable
APP10383,2026-01-27,33,Other,Lucknow,Salaried,40400,729,2,7438,0.53,No,230000,48,9.22,Mobile App,Completed,Approved,5.7,Disbursed,3.9,None,Paid,0,0,0,Regular
APP10384,2026-09-28,38,Female,Chennai,Self-Employed,66000,720,2,19103,0.42,No,330000,60,10.42,Mobile App,Completed,Approved,6.8,Disbursed,2.3,None,Paid,0,0,0,Regular
APP10385,2026-05-10,36,Male,Pune,Salaried,70700,850,1,27039,0.48,No,750000,48,11.57,Mobile App,Completed,Approved,7.0,Disbursed,3.0,None,Bounce,1,1,0,Intensive Follow-up
APP10386,2026-03-26,56,Other,Chennai,Salaried,31000,723,1,9352,0.39,Yes,180000,60,9.75,Partner,Completed,Pending,17.2,Not Disbursed,,None,Not Applicable,0,0,0,Not Applicable
APP10387,2026-05-30,53,Female,Kolkata,Salaried,44300,628,1,17954,0.76,No,250000,24,10.0,Mobile App,Completed,Approved,5.9,Disbursed,3.5,None,Paid,0,0,0,Regular
APP10388,2026-07-29,30,Male,Hyderabad,Professional,23600,763,1,6556,0.74,Yes,80000,12,11.59,Website,Pending,Pending,16.2,Not Disbursed,,None,Not Applicable,0,0,0,Not Applicable
APP10389,2026-08-15,39,Female,Mumbai,Salaried,30600,727,2,4155,0.23,No,100000,60,8.88,Branch,Completed,Approved,9.5,Disbursed,2.8,None,Paid,0,0,0,Regular
APP10390,2026-04-07,38,Female,Kolkata,Salaried,25800,756,1,3797,0.55,No,290000,60,8.28,Mobile App,Completed,Approved,3.8,Disbursed,4.9,None,Paid,0,0,0,Regular
APP10391,2026-06-23,25,Female,Ahmedabad,Professional,59300,690,1,5199,0.55,No,90000,18,12.01,Branch,Completed,Approved,14.8,Disbursed,4.0,None,Bounce,1,0,0,Watch
APP10392,2026-06-30,26,Female,Ahmedabad,Self-Employed,41300,691,1,11611,0.47,No,160000,36,11.2,Mobile App,Completed,Rejected,5.8,Not Disbursed,,Credit Assessment,Not Applicable,0,0,0,Not Applicable
APP10393,2026-06-04,35,Male,Kolkata,Self-Employed,27800,792,2,4399,0.38,No,180000,12,10.5,Mobile App,Completed,Approved,5.1,Disbursed,1.8,None,Paid,0,0,0,Regular
APP10394,2026-02-27,39,Female,Delhi,Salaried,54900,684,2,23161,0.25,No,550000,18,11.03,Mobile App,Completed,Pending,8.3,Not Disbursed,,None,Not Applicable,0,0,0,Not Applicable
APP10395,2026-02-12,38,Female,Chennai,Professional,36900,656,2,10449,0.46,No,220000,18,11.6,Mobile App,Completed,Approved,6.0,Disbursed,2.7,None,Paid,0,0,0,Regular
APP10396,2026-03-02,47,Male,Pune,Self-Employed,159300,785,1,62770,0.63,No,540000,48,11.85,Partner,Pending,Rejected,21.9,Not Disbursed,,None,Not Applicable,0,0,0,Not Applicable
APP10397,2026-04-04,30,Female,Mumbai,Self-Employed,51700,775,0,15497,0.33,No,240000,12,9.88,Mobile App,Completed,Rejected,6.8,Not Disbursed,,Credit Assessment,Not Applicable,0,0,0,Not Applicable
APP10398,2026-09-14,29,Male,Hyderabad,Salaried,74900,763,1,7655,0.28,No,230000,36,9.22,Website,Completed,Approved,9.0,Disbursed,2.1,None,Paid,0,0,0,Regular
APP10399,2026-07-10,35,Female,Bengaluru,Salaried,33200,732,0,3344,0.17,No,320000,12,10.59,Partner,Completed,Approved,13.8,Disbursed,5.8,None,Paid,0,0,0,Regular
APP10400,2026-09-05,33,Female,Delhi,Salaried,92500,720,2,14261,0.19,No,570000,60,8.18,Mobile App,Completed,Approved,8.0,Disbursed,3.7,None,Paid,0,0,0,Regular
APP10401,2026-01-20,41,Female,Hyderabad,Salaried,47100,768,3,18770,0.68,No,260000,60,9.16,Mobile App,Completed,Approved,5.6,Disbursed,2.8,None,Paid,0,0,0,Regular
APP10402,2026-05-03,30,Male,Delhi,Professional,92100,803,1,32201,0.19,No,650000,24,8.84,Mobile App,Completed,Approved,6.1,Disbursed,2.9,None,Paid,0,0,0,Regular
APP10403,2026-08-15,60,Male,Bengaluru,Salaried,18100,789,0,4494,0.49,No,180000,24,10.6,Branch,Completed,Approved,12.2,Disbursed,3.7,None,Paid,0,0,0,Regular
APP10404,2026-05-06,29,Male,Lucknow,Salaried,47400,671,0,11523,0.18,No,160000,36,11.78,Mobile App,Completed,Approved,10.9,Disbursed,1.9,None,Paid,0,0,0,Regular
APP10405,2026-02-03,56,Female,Delhi,Salaried,35400,686,2,5827,0.18,No,240000,12,9.95,Mobile App,Completed,Approved,7.6,Disbursed,2.7,None,Paid,0,0,0,Regular
APP10406,2026-05-19,59,Male,Ahmedabad,Salaried,50900,760,2,17318,0.71,No,430000,36,9.01,Partner,Pending,Rejected,25.2,Not Disbursed,,None,Not Applicable,0,0,0,Not Applicable
APP10407,2026-07-01,32,Female,Delhi,Salaried,51600,629,2,7734,0.43,No,370000,18,13.47,Mobile App,Completed,Approved,8.1,Disbursed,2.8,None,Paid,0,0,0,Regular
APP10408,2026-07-28,57,Female,Mumbai,Salaried,80400,703,1,26187,0.38,No,710000,12,9.39,Branch,Completed,Approved,8.8,Disbursed,4.8,None,Paid,0,0,0,Regular
APP10409,2026-07-06,21,Other,Bengaluru,Salaried,70900,714,1,23942,0.31,No,520000,18,8.18,Mobile App,Pending,Rejected,13.5,Not Disbursed,,KYC,Not Applicable,0,0,0,Not Applicable
APP10410,2026-05-26,40,Male,Delhi,Self-Employed,67900,692,2,21971,0.43,No,370000,18,11.37,Mobile App,Completed,Approved,3.8,Disbursed,3.3,None,Paid,0,0,0,Regular
APP10411,2026-07-22,27,Other,Delhi,Salaried,67900,630,1,22207,0.57,No,430000,12,9.83,Website,Completed,Approved,14.1,Disbursed,4.8,None,Paid,0,0,0,Regular
APP10412,2026-08-09,44,Male,Jaipur,Salaried,81900,752,0,13872,0.56,Yes,290000,24,8.97,Branch,Completed,Approved,11.9,Disbursed,3.6,None,Paid,0,0,0,Regular
APP10413,2026-03-23,46,Female,Kolkata,Self-Employed,95400,630,0,13764,0.67,No,300000,18,13.59,Mobile App,Completed,Pending,14.2,Not Disbursed,,Credit Assessment,Not Applicable,0,0,0,Not Applicable
APP10414,2026-07-13,34,Female,Mumbai,Salaried,70200,667,1,7662,0.05,No,630000,60,12.14,Mobile App,Completed,Approved,10.3,Disbursed,3.1,None,Paid,0,0,0,Regular
APP10415,2026-02-09,24,Female,Bengaluru,Salaried,70900,772,0,8481,0.48,No,720000,24,8.84,Mobile App,Completed,Approved,6.9,Disbursed,3.3,None,Paid,0,0,0,Regular
APP10416,2026-01-12,47,Female,Chennai,Salaried,52600,677,2,19123,0.28,No,170000,48,10.93,Mobile App,Completed,Approved,10.2,Disbursed,3.0,None,Paid,0,0,0,Regular
APP10417,2026-07-24,30,Female,Chennai,Salaried,39700,765,1,7107,0.05,No,330000,24,11.69,Mobile App,Completed,Pending,11.8,Not Disbursed,,None,Not Applicable,0,0,0,Not Applicable
APP10418,2026-01-18,37,Female,Hyderabad,Professional,59600,724,0,14607,0.31,No,190000,36,11.83,Mobile App,Completed,Approved,3.3,Disbursed,4.0,None,Paid,0,0,0,Regular
APP10419,2026-04-30,37,Male,Hyderabad,Salaried,57200,757,0,8511,0.42,No,280000,24,10.25,Mobile App,Completed,Approved,7.5,Disbursed,3.1,None,Paid,0,0,0,Regular
APP10420,2026-08-20,45,Female,Pune,Salaried,36000,820,0,3877,0.56,No,140000,24,8.68,Website,Completed,Approved,6.3,Disbursed,3.0,None,Paid,0,0,0,Regular
APP10421,2026-06-12,41,Male,Pune,Salaried,34500,850,1,6390,0.51,No,270000,12,11.01,Partner,Completed,Approved,10.9,Disbursed,4.9,None,Paid,0,0,0,Regular
APP10422,2026-07-08,46,Female,Chennai,Salaried,33400,652,1,13924,0.64,No,50000,12,12.62,Partner,Completed,Pending,22.1,Not Disbursed,,None,Not Applicable,0,0,0,Not Applicable
APP10423,2026-08-17,55,Other,Mumbai,Salaried,70400,760,2,25113,0.49,No,360000,36,10.67,Partner,Completed,Approved,16.1,Disbursed,2.8,None,Paid,0,0,0,Regular
APP10424,2026-04-07,54,Male,Lucknow,Salaried,54400,678,1,19774,0.43,No,320000,60,10.79,Branch,Completed,Approved,13.6,Disbursed,4.8,None,Bounce,1,1,0,Intensive Follow-up
APP10425,2026-06-07,42,Female,Lucknow,Self-Employed,55900,731,1,22007,0.18,No,280000,36,11.81,Partner,Completed,Approved,13.9,Disbursed,4.8,None,Paid,0,0,0,Regular
APP10426,2026-08-05,57,Male,Bengaluru,Salaried,27500,778,0,5781,0.45,No,160000,36,8.78,Mobile App,Completed,Approved,6.7,Disbursed,2.9,None,Paid,0,0,0,Regular
APP10427,2026-05-18,33,Female,Lucknow,Salaried,65300,761,2,11173,0.46,No,560000,48,9.98,Mobile App,Completed,Approved,4.8,Disbursed,2.8,None,Paid,0,0,0,Regular
APP10428,2026-06-21,31,Male,Chennai,Salaried,68800,678,2,24781,0.76,No,600000,60,8.92,Mobile App,Completed,Approved,7.3,Disbursed,3.1,None,Paid,0,0,0,Regular
APP10429,2026-08-20,37,Male,Bengaluru,Self-Employed,107600,742,0,18462,0.32,No,740000,18,9.96,Partner,Completed,Approved,12.2,Disbursed,5.2,None,Paid,0,0,0,Regular
APP10430,2026-03-17,43,Other,Hyderabad,Self-Employed,38700,763,1,10511,0.57,No,400000,24,11.91,Branch,Completed,Rejected,9.9,Not Disbursed,,Credit Assessment,Not Applicable,0,0,0,Not Applicable
APP10431,2026-07-20,35,Male,Bengaluru,Salaried,71700,846,2,19343,0.53,No,520000,36,10.36,Mobile App,Pending,Rejected,11.7,Not Disbursed,,None,Not Applicable,0,0,0,Not Applicable
APP10432,2026-05-28,38,Female,Mumbai,Salaried,140700,822,1,52514,0.21,No,690000,18,8.26,Mobile App,Completed,Approved,5.8,Disbursed,1.9,None,Paid,0,0,0,Regular
APP10433,2026-02-14,39,Female,Mumbai,Salaried,73300,675,2,32151,0.43,Yes,380000,48,11.75,Website,Completed,Rejected,7.3,Not Disbursed,,Credit Assessment,Not Applicable,0,0,0,Not Applicable
APP10434,2026-04-13,30,Other,Pune,Salaried,86700,775,1,28702,0.29,No,850000,24,9.0,Mobile App,Completed,Approved,1.4,Disbursed,3.8,None,Paid,0,0,0,Regular
APP10435,2026-08-04,47,Male,Hyderabad,Salaried,53000,748,1,14566,0.35,No,210000,24,8.35,Branch,Completed,Approved,11.6,Disbursed,4.6,None,Paid,0,0,0,Regular
APP10436,2026-02-19,29,Male,Hyderabad,Self-Employed,60700,831,0,6058,0.47,No,350000,48,11.29,Website,Completed,Approved,10.9,Disbursed,3.6,None,Paid,0,0,0,Regular
APP10437,2026-09-06,57,Male,Chennai,Professional,27200,716,0,7372,0.05,No,180000,60,10.57,Website,Completed,Approved,4.5,Not Disbursed,,Documentation,Not Applicable,0,0,0,Not Applicable
APP10438,2026-03-05,33,Female,Mumbai,Salaried,101300,850,1,27062,0.44,No,940000,18,9.73,Mobile App,Completed,Approved,7.9,Disbursed,3.7,None,Paid,0,0,0,Regular
APP10439,2026-01-15,22,Female,Pune,Salaried,83000,656,1,36094,0.66,No,550000,12,10.41,Website,Completed,Rejected,12.1,Not Disbursed,,Credit Assessment,Not Applicable,0,0,0,Not Applicable
APP10440,2026-06-23,28,Male,Mumbai,Salaried,68400,716,1,27804,0.4,No,450000,48,9.92,Partner,Completed,Pending,17.6,Not Disbursed,,Credit Assessment,Not Applicable,0,0,0,Not Applicable
APP10441,2026-02-19,29,Female,Hyderabad,Professional,39300,732,2,12481,0.66,No,160000,48,10.66,Website,Completed,Approved,4.2,Disbursed,4.9,None,Paid,0,0,0,Regular
APP10442,2026-01-16,52,Male,Ahmedabad,Salaried,22200,767,1,9011,0.34,No,280000,12,11.69,Partner,Completed,Approved,14.2,Disbursed,6.0,None,Paid,0,0,0,Regular
APP10443,2026-03-13,41,Female,Ahmedabad,Salaried,40300,779,1,5641,0.53,No,380000,60,11.57,Mobile App,Pending,Approved,14.7,Not Disbursed,,KYC,Not Applicable,0,0,0,Not Applicable
APP10444,2026-02-06,44,Male,Lucknow,Salaried,36700,805,0,9674,0.53,No,120000,48,10.28,Branch,Completed,Rejected,9.1,Not Disbursed,,Credit Assessment,Not Applicable,0,0,0,Not Applicable
APP10445,2026-09-23,29,Male,Hyderabad,Salaried,54900,765,3,13026,0.46,No,230000,18,11.73,Website,Pending,Approved,17.0,Not Disbursed,,KYC,Not Applicable,0,0,0,Not Applicable
APP10446,2026-05-01,53,Female,Lucknow,Salaried,65300,774,1,5948,0.35,No,590000,18,9.97,Website,Completed,Pending,13.9,Not Disbursed,,None,Not Applicable,0,0,0,Not Applicable
APP10447,2026-04-11,57,Male,Mumbai,Salaried,31200,696,3,9583,0.27,No,320000,18,10.62,Branch,Completed,Approved,13.6,Disbursed,6.1,None,Bounce,1,1,0,Intensive Follow-up
APP10448,2026-07-31,45,Male,Mumbai,Salaried,71700,610,2,33121,0.64,No,430000,12,13.19,Mobile App,Completed,Approved,10.7,Not Disbursed,,Documentation,Not Applicable,0,0,0,Not Applicable
APP10449,2026-07-02,55,Male,Mumbai,Professional,44800,691,1,8791,0.13,No,90000,36,12.17,Mobile App,Completed,Approved,7.0,Disbursed,3.4,None,Paid,0,0,0,Regular
APP10450,2026-04-18,35,Female,Hyderabad,Professional,74700,690,1,25262,0.36,No,590000,48,9.09,Branch,Completed,Approved,15.6,Disbursed,3.5,None,Paid,0,0,0,Regular
APP10451,2026-08-09,30,Female,Pune,Self-Employed,68000,720,1,12434,0.18,No,420000,48,10.13,Mobile App,Completed,Approved,3.7,Disbursed,3.7,None,Paid,0,0,0,Regular
APP10452,2026-10-01,40,Female,Chennai,Professional,26400,736,0,2379,0.38,No,130000,60,9.85,Mobile App,Completed,Pending,14.4,Not Disbursed,,None,Not Applicable,0,0,0,Not Applicable
APP10453,2026-01-07,57,Male,Jaipur,Salaried,107200,695,1,19710,0.79,No,650000,24,9.0,Partner,Completed,Approved,15.0,Disbursed,3.6,None,Paid,0,0,0,Regular
APP10454,2026-05-22,57,Male,Hyderabad,Self-Employed,52600,800,2,19250,0.46,No,280000,48,9.04,Mobile App,Completed,Pending,9.1,Not Disbursed,,Credit Assessment,Not Applicable,0,0,0,Not Applicable
APP10455,2026-01-23,52,Female,Bengaluru,Salaried,60500,821,1,24104,0.38,No,200000,60,10.4,Mobile App,Pending,Rejected,10.1,Not Disbursed,,KYC,Not Applicable,0,0,0,Not Applicable
APP10456,2026-03-24,43,Female,Jaipur,Salaried,55600,632,0,13005,0.73,No,550000,24,11.23,Mobile App,Completed,Approved,10.0,Disbursed,0.5,None,Paid,0,0,0,Regular
APP10457,2026-02-09,39,Male,Lucknow,Salaried,85300,764,1,25176,0.22,No,390000,60,11.83,Website,Completed,Rejected,6.5,Not Disbursed,,Credit Assessment,Not Applicable,0,0,0,Not Applicable
APP10458,2026-03-01,35,Male,Lucknow,Salaried,81400,810,0,24797,0.31,No,280000,48,10.77,Mobile App,Completed,Approved,5.7,Disbursed,4.7,None,Paid,0,0,0,Regular
APP10459,2026-06-24,49,Male,Kolkata,Salaried,43600,690,0,10731,0.23,No,210000,48,9.86,Partner,Completed,Rejected,11.9,Not Disbursed,,Credit Assessment,Not Applicable,0,0,0,Not Applicable
APP10460,2026-03-27,26,Female,Jaipur,Professional,64500,671,3,8755,0.22,No,160000,60,12.94,Branch,Completed,Pending,17.3,Not Disbursed,,Credit Assessment,Not Applicable,0,0,0,Not Applicable
APP10461,2026-08-12,29,Male,Jaipur,Professional,89200,649,1,11064,0.79,No,560000,60,10.58,Mobile App,Completed,Pending,17.1,Not Disbursed,,None,Not Applicable,0,0,0,Not Applicable
APP10462,2026-04-29,51,Male,Bengaluru,Self-Employed,80800,696,1,24194,0.44,No,480000,60,9.67,Website,Completed,Rejected,8.2,Not Disbursed,,Credit Assessment,Not Applicable,0,0,0,Not Applicable
APP10463,2026-05-28,42,Female,Jaipur,Professional,81700,713,2,16014,0.61,No,910000,18,9.24,Mobile App,Completed,Approved,6.9,Disbursed,2.4,None,Paid,0,0,0,Regular
APP10464,2026-08-16,49,Female,Bengaluru,Salaried,63900,786,0,5759,0.77,No,450000,12,10.08,Mobile App,Completed,Pending,11.0,Not Disbursed,,None,Not Applicable,0,0,0,Not Applicable
APP10465,2026-06-11,50,Female,Delhi,Self-Employed,99500,850,2,37554,0.52,No,860000,12,11.57,Mobile App,Completed,Approved,3.9,Disbursed,2.2,None,Paid,0,0,0,Regular
APP10466,2026-02-15,23,Female,Jaipur,Salaried,119700,684,2,15914,0.47,No,770000,24,12.52,Partner,Completed,Approved,13.8,Disbursed,4.0,None,Paid,0,0,0,Regular
APP10467,2026-07-20,34,Female,Delhi,Salaried,73900,736,1,23166,0.2,No,230000,24,10.39,Mobile App,Completed,Pending,8.5,Not Disbursed,,None,Not Applicable,0,0,0,Not Applicable
APP10468,2026-05-29,55,Male,Delhi,Salaried,78100,736,2,15244,0.66,No,420000,18,9.07,Mobile App,Completed,Approved,6.4,Disbursed,1.9,None,Paid,0,0,0,Regular
APP10469,2026-06-18,34,Male,Kolkata,Salaried,73100,686,2,20286,0.53,No,360000,12,9.2,Mobile App,Completed,Approved,4.3,Disbursed,2.7,None,Paid,0,0,0,Regular
APP10470,2026-02-22,55,Female,Mumbai,Self-Employed,61900,710,2,11643,0.09,No,500000,24,10.21,Website,Completed,Approved,6.5,Disbursed,0.6,None,Bounce,1,0,0,Watch
APP10471,2026-03-19,52,Female,Hyderabad,Salaried,22000,731,2,9242,0.37,No,80000,12,8.38,Mobile App,Completed,Approved,4.5,Not Disbursed,,Documentation,Not Applicable,0,0,0,Not Applicable
APP10472,2026-07-21,58,Male,Pune,Self-Employed,43900,645,1,19256,0.52,No,200000,36,13.31,Mobile App,Completed,Approved,9.2,Disbursed,2.3,None,Bounce,1,0,0,Watch
APP10473,2026-02-12,55,Male,Ahmedabad,Salaried,101100,726,0,32134,0.58,No,910000,18,8.57,Mobile App,Completed,Rejected,5.4,Not Disbursed,,Credit Assessment,Not Applicable,0,0,0,Not Applicable
APP10474,2026-05-01,60,Male,Jaipur,Self-Employed,58800,734,2,14995,0.51,No,390000,12,9.29,Branch,Completed,Approved,9.6,Disbursed,4.1,None,Paid,0,0,0,Regular
APP10475,2026-01-05,51,Male,Delhi,Professional,51700,805,1,6460,0.53,No,610000,36,9.19,Mobile App,Completed,Pending,12.4,Not Disbursed,,None,Not Applicable,0,0,0,Not Applicable
APP10476,2026-08-31,48,Other,Hyderabad,Salaried,63400,826,2,13038,0.58,No,450000,36,8.04,Branch,Completed,Approved,11.8,Disbursed,6.8,None,Paid,0,0,0,Regular
APP10477,2026-04-09,47,Female,Ahmedabad,Salaried,93900,732,1,19013,0.22,No,630000,48,9.1,Mobile App,Completed,Approved,7.2,Not Disbursed,,Documentation,Not Applicable,0,0,0,Not Applicable
APP10478,2026-08-31,48,Male,Hyderabad,Salaried,62700,712,1,10037,0.52,No,500000,60,9.0,Mobile App,Completed,Approved,5.9,Disbursed,1.7,None,Paid,0,0,0,Regular
APP10479,2026-07-17,21,Male,Pune,Salaried,72400,771,1,29793,0.61,No,580000,24,10.82,Mobile App,Completed,Rejected,3.5,Not Disbursed,,Credit Assessment,Not Applicable,0,0,0,Not Applicable
APP10480,2026-08-27,43,Female,Jaipur,Salaried,24100,714,2,5610,0.63,No,50000,24,11.2,Mobile App,Completed,Approved,6.7,Disbursed,2.9,None,Paid,0,0,0,Regular
APP10481,2026-05-10,43,Male,Pune,Salaried,37600,746,2,9910,0.42,No,190000,24,9.1,Partner,Completed,Approved,19.3,Disbursed,3.6,None,Paid,0,0,0,Regular
APP10482,2026-08-03,24,Other,Mumbai,Professional,67200,669,2,28812,0.22,Yes,250000,60,12.36,Website,Completed,Rejected,9.2,Not Disbursed,,Credit Assessment,Not Applicable,0,0,0,Not Applicable
APP10483,2026-02-01,28,Female,Mumbai,Salaried,80600,682,0,16369,0.25,No,200000,48,9.02,Partner,Completed,Approved,18.2,Disbursed,4.6,None,Paid,0,0,0,Regular
APP10484,2026-03-01,53,Female,Hyderabad,Salaried,51800,699,1,18458,0.43,No,280000,24,12.09,Mobile App,Completed,Rejected,3.3,Not Disbursed,,Credit Assessment,Not Applicable,0,0,0,Not Applicable
APP10485,2026-05-27,32,Male,Bengaluru,Salaried,60800,709,2,18260,0.44,No,550000,18,8.93,Mobile App,Completed,Pending,12.6,Not Disbursed,,Credit Assessment,Not Applicable,0,0,0,Not Applicable
APP10486,2026-08-11,29,Male,Kolkata,Salaried,38600,729,2,13283,0.28,No,370000,18,9.39,Branch,Completed,Pending,17.6,Not Disbursed,,None,Not Applicable,0,0,0,Not Applicable
APP10487,2026-07-03,39,Female,Jaipur,Salaried,71100,797,1,12550,0.54,No,420000,36,11.48,Website,Completed,Approved,5.2,Disbursed,2.8,None,Paid,0,0,0,Regular
APP10488,2026-07-25,21,Female,Ahmedabad,Salaried,62400,727,1,9290,0.6,Yes,450000,36,9.2,Partner,Completed,Approved,15.8,Disbursed,4.3,None,Paid,0,0,0,Regular
APP10489,2026-03-14,35,Male,Jaipur,Salaried,50900,657,1,7206,0.36,No,340000,48,12.47,Website,Completed,Approved,7.5,Disbursed,5.6,None,Paid,0,0,0,Regular
APP10490,2026-08-26,50,Female,Ahmedabad,Salaried,46500,697,1,7931,0.49,No,360000,24,11.28,Mobile App,Completed,Approved,7.3,Disbursed,3.3,None,Paid,0,0,0,Regular
APP10491,2026-07-23,27,Female,Chennai,Self-Employed,74900,799,2,30257,0.51,No,250000,24,11.66,Mobile App,Completed,Approved,3.1,Not Disbursed,,Documentation,Not Applicable,0,0,0,Not Applicable
APP10492,2026-02-21,35,Female,Pune,Salaried,46500,749,2,11397,0.33,No,380000,18,10.62,Mobile App,Completed,Approved,6.7,Disbursed,2.0,None,Paid,0,0,0,Regular
APP10493,2026-10-01,46,Male,Mumbai,Salaried,30800,819,1,10102,0.37,No,260000,12,11.89,Branch,Completed,Pending,12.2,Not Disbursed,,None,Not Applicable,0,0,0,Not Applicable
APP10494,2026-07-09,28,Male,Kolkata,Salaried,41700,734,0,12441,0.76,No,350000,12,9.01,Mobile App,Completed,Approved,3.1,Disbursed,2.7,None,Paid,0,0,0,Regular
APP10495,2026-08-23,42,Male,Mumbai,Salaried,37400,740,1,11236,0.64,No,120000,12,10.76,Mobile App,Completed,Approved,3.8,Disbursed,0.9,None,Paid,0,0,0,Regular
APP10496,2026-05-12,36,Male,Jaipur,Salaried,32500,740,0,12370,0.25,No,200000,60,10.89,Mobile App,Completed,Approved,3.5,Not Disbursed,,Documentation,Not Applicable,0,0,0,Not Applicable
APP10497,2026-07-24,26,Male,Kolkata,Professional,93300,681,0,34864,0.4,No,400000,36,12.42,Partner,Completed,Rejected,14.4,Not Disbursed,,Credit Assessment,Not Applicable,0,0,0,Not Applicable
APP10498,2026-07-19,39,Female,Kolkata,Salaried,103800,820,0,32686,0.49,No,460000,48,9.9,Mobile App,Completed,Approved,4.0,Disbursed,1.8,None,Paid,0,0,0,Regular
APP10499,2026-05-30,56,Female,Chennai,Salaried,73800,692,0,10546,0.42,No,380000,12,11.56,Partner,Completed,Approved,12.6,Disbursed,5.3,None,Paid,0,0,0,Regular
APP10500,2026-05-29,49,Male,Mumbai,Salaried,65500,850,0,23450,0.57,No,610000,48,8.71,Website,Completed,Approved,6.9,Disbursed,3.6,None,Paid,0,0,0,Regular
APP10501,2026-08-19,31,Male,Kolkata,Salaried,47500,758,1,14877,0.71,No,300000,48,8.63,Partner,Completed,Approved,12.7,Disbursed,3.4,None,Paid,0,0,0,Regular
APP10502,2026-03-27,32,Female,Mumbai,Salaried,43300,737,2,16092,0.33,No,190000,18,10.28,Mobile App,Completed,Approved,3.2,Disbursed,2.1,None,Bounce,1,0,0,Watch
APP10503,2026-05-06,51,Male,Chennai,Salaried,79800,709,1,33347,0.41,No,650000,60,10.95,Mobile App,Completed,Approved,8.0,Disbursed,3.5,None,Paid,0,0,0,Regular
APP10504,2026-03-03,49,Other,Bengaluru,Professional,55000,711,0,7641,0.75,No,550000,60,11.04,Website,Completed,Approved,7.0,Disbursed,1.7,None,Paid,0,0,0,Regular
APP10505,2026-02-27,59,Male,Jaipur,Self-Employed,41800,802,2,16649,0.12,Yes,330000,36,10.89,Mobile App,Completed,Approved,4.1,Disbursed,2.9,None,Paid,0,0,0,Regular
APP10506,2026-03-17,44,Female,Chennai,Salaried,37500,843,0,9358,0.65,No,310000,60,10.09,Mobile App,Completed,Approved,3.5,Disbursed,1.8,None,Paid,0,0,0,Regular
APP10507,2026-01-07,22,Female,Chennai,Salaried,69800,703,0,24000,0.36,No,300000,48,9.38,Branch,Completed,Approved,10.9,Disbursed,5.2,None,Paid,0,0,0,Regular
APP10508,2026-04-16,53,Male,Jaipur,Salaried,61400,742,2,15122,0.7,No,510000,48,8.9,Mobile App,Completed,Approved,5.6,Disbursed,2.8,None,Paid,0,0,0,Regular
APP10509,2026-05-19,38,Male,Delhi,Salaried,44800,716,3,19843,0.24,No,310000,60,10.29,Partner,Completed,Pending,20.5,Not Disbursed,,None,Not Applicable,0,0,0,Not Applicable
APP10510,2026-03-09,55,Male,Jaipur,Professional,58900,729,0,18895,0.43,No,300000,48,10.09,Mobile App,Completed,Approved,5.3,Disbursed,1.4,None,Paid,0,0,0,Regular
APP10511,2026-08-15,24,Female,Pune,Salaried,61800,745,0,19439,0.45,No,300000,48,11.11,Website,Completed,Approved,6.9,Disbursed,3.1,None,Paid,0,0,0,Regular
APP10512,2026-06-13,33,Male,Lucknow,Self-Employed,49900,703,2,11726,0.34,No,230000,60,11.91,Website,Completed,Approved,1.4,Disbursed,4.0,None,Paid,0,0,0,Regular
APP10513,2026-03-21,53,Male,Bengaluru,Salaried,101700,769,0,33986,0.47,No,430000,24,9.3,Mobile App,Completed,Approved,4.5,Disbursed,2.9,None,Paid,0,0,0,Regular
APP10514,2026-07-21,33,Male,Bengaluru,Professional,60800,819,1,22608,0.45,No,330000,24,11.05,Partner,Completed,Approved,14.4,Disbursed,2.6,None,Paid,0,0,0,Regular
APP10515,2026-09-15,21,Male,Kolkata,Salaried,45100,690,1,17267,0.49,No,500000,12,10.36,Mobile App,Completed,Pending,6.1,Not Disbursed,,None,Not Applicable,0,0,0,Not Applicable
APP10516,2026-03-10,38,Female,Pune,Salaried,245600,701,1,106861,0.25,No,1200000,12,11.9,Partner,Completed,Approved,14.8,Disbursed,3.0,None,Paid,0,0,0,Regular
APP10517,2026-07-04,25,Female,Kolkata,Self-Employed,111200,831,0,22385,0.35,No,730000,60,11.62,Website,Completed,Approved,5.6,Disbursed,3.4,None,Paid,0,0,0,Regular
APP10518,2026-09-20,49,Male,Pune,Salaried,52600,646,0,9178,0.26,No,220000,36,10.97,Mobile App,Completed,Rejected,10.0,Not Disbursed,,Credit Assessment,Not Applicable,0,0,0,Not Applicable
APP10519,2026-04-08,57,Female,Mumbai,Professional,84400,724,2,13068,0.49,No,330000,18,11.01,Website,Completed,Rejected,4.8,Not Disbursed,,Credit Assessment,Not Applicable,0,0,0,Not Applicable
APP10520,2026-06-15,48,Male,Ahmedabad,Salaried,62300,706,1,20949,0.6,No,470000,12,9.99,Website,Completed,Approved,7.4,Not Disbursed,,Documentation,Not Applicable,0,0,0,Not Applicable
APP10521,2026-06-28,37,Male,Lucknow,Self-Employed,43000,744,0,9082,0.67,No,270000,18,11.82,Branch,Completed,Approved,6.8,Disbursed,4.0,None,Paid,0,0,0,Regular
APP10522,2026-07-24,41,Male,Pune,Self-Employed,41800,749,3,17379,0.76,No,190000,36,8.79,Partner,Completed,Rejected,13.3,Not Disbursed,,Credit Assessment,Not Applicable,0,0,0,Not Applicable
APP10523,2026-07-24,45,Male,Delhi,Salaried,67000,778,2,23704,0.56,No,420000,48,11.85,Branch,Completed,Approved,17.9,Disbursed,4.4,None,Paid,0,0,0,Regular
APP10524,2026-03-13,27,Female,Hyderabad,Self-Employed,39400,737,1,12534,0.42,No,300000,60,10.78,Mobile App,Completed,Approved,5.0,Disbursed,3.1,None,Paid,0,0,0,Regular
APP10525,2026-06-14,23,Female,Pune,Professional,67000,742,1,28571,0.51,No,570000,12,8.11,Mobile App,Completed,Approved,4.2,Disbursed,2.2,None,Paid,0,0,0,Regular
APP10526,2026-01-01,22,Female,Ahmedabad,Salaried,31400,767,1,2686,0.4,No,150000,36,9.25,Website,Completed,Approved,6.9,Disbursed,1.2,None,Paid,0,0,0,Regular
APP10527,2026-04-26,51,Male,Hyderabad,Salaried,66500,777,1,23742,0.23,No,300000,18,9.0,Website,Completed,Approved,8.1,Disbursed,1.3,None,Paid,0,0,0,Regular
APP10528,2026-01-08,40,Female,Ahmedabad,Self-Employed,57000,804,1,13460,0.33,No,420000,36,8.57,Partner,Completed,Rejected,14.8,Not Disbursed,,Credit Assessment,Not Applicable,0,0,0,Not Applicable
APP10529,2026-09-07,23,Male,Pune,Salaried,39900,690,2,17248,0.26,No,260000,48,11.69,Website,Completed,Pending,8.6,Not Disbursed,,None,Not Applicable,0,0,0,Not Applicable
APP10530,2026-09-16,50,Male,Chennai,Self-Employed,23800,840,2,3927,0.45,No,290000,18,8.73,Mobile App,Completed,Approved,7.9,Disbursed,3.4,None,Paid,0,0,0,Regular
APP10531,2026-03-19,53,Female,Pune,Self-Employed,22100,733,1,6106,0.21,Yes,50000,48,10.16,Website,Completed,Approved,6.2,Disbursed,1.7,None,Paid,0,0,0,Regular
APP10532,2026-05-05,60,Female,Pune,Salaried,53400,649,2,17923,0.5,No,370000,12,10.98,Partner,Completed,Approved,14.4,Disbursed,5.9,None,Paid,0,0,0,Regular
APP10533,2026-03-02,31,Male,Kolkata,Salaried,40800,850,2,11364,0.39,No,270000,18,10.08,Mobile App,Completed,Approved,4.2,Not Disbursed,,Documentation,Not Applicable,0,0,0,Not Applicable
APP10534,2026-03-28,54,Female,Lucknow,Salaried,65600,732,0,6957,0.79,No,300000,12,11.5,Mobile App,Completed,Rejected,3.9,Not Disbursed,,Credit Assessment,Not Applicable,0,0,0,Not Applicable
APP10535,2026-02-21,52,Male,Pune,Salaried,54200,691,1,19776,0.45,No,520000,24,11.43,Mobile App,Completed,Pending,7.7,Not Disbursed,,Credit Assessment,Not Applicable,0,0,0,Not Applicable
APP10536,2026-05-03,52,Female,Ahmedabad,Salaried,51300,766,0,15619,0.21,No,360000,12,9.44,Partner,Completed,Approved,16.5,Disbursed,2.1,None,Paid,0,0,0,Regular
APP10537,2026-01-15,59,Female,Kolkata,Self-Employed,50500,792,1,19086,0.41,No,150000,18,10.92,Partner,Completed,Rejected,14.4,Not Disbursed,,Credit Assessment,Not Applicable,0,0,0,Not Applicable
APP10538,2026-06-20,37,Female,Chennai,Salaried,90400,793,0,28465,0.66,No,240000,60,9.41,Branch,Completed,Approved,10.4,Disbursed,5.3,None,Paid,0,0,0,Regular
APP10539,2026-04-08,55,Male,Pune,Salaried,32300,632,0,5000,0.28,No,170000,24,12.09,Website,Completed,Pending,16.0,Not Disbursed,,Credit Assessment,Not Applicable,0,0,0,Not Applicable
APP10540,2026-05-31,53,Male,Jaipur,Salaried,58200,758,1,19981,0.64,No,180000,24,10.45,Website,Completed,Approved,7.9,Disbursed,2.8,None,Paid,0,0,0,Regular
APP10541,2026-04-09,26,Female,Pune,Salaried,25100,725,2,11001,0.55,No,180000,18,9.65,Branch,Completed,Approved,16.2,Disbursed,4.1,None,Paid,0,0,0,Regular
APP10542,2026-09-01,54,Male,Lucknow,Professional,75600,845,0,15003,0.15,No,820000,60,10.14,Mobile App,Completed,Approved,9.8,Disbursed,5.0,None,Paid,0,0,0,Regular
APP10543,2026-03-17,27,Male,Lucknow,Salaried,37100,753,1,6662,0.52,No,200000,12,8.26,Partner,Pending,Pending,24.8,Not Disbursed,,KYC,Not Applicable,0,0,0,Not Applicable
APP10544,2026-01-04,43,Female,Hyderabad,Salaried,76000,728,4,15932,0.24,No,490000,48,11.88,Branch,Completed,Approved,10.2,Disbursed,4.8,None,Paid,0,0,0,Regular
APP10545,2026-06-19,24,Male,Chennai,Salaried,69100,580,1,10504,0.55,No,710000,12,11.16,Mobile App,Completed,Rejected,8.2,Not Disbursed,,Credit Assessment,Not Applicable,0,0,0,Not Applicable
APP10546,2026-09-26,46,Male,Kolkata,Self-Employed,46200,755,2,9039,0.3,No,250000,18,9.03,Branch,Completed,Rejected,10.0,Not Disbursed,,Credit Assessment,Not Applicable,0,0,0,Not Applicable
APP10547,2026-03-21,59,Female,Jaipur,Salaried,48900,817,1,10873,0.42,Yes,330000,18,10.4,Partner,Completed,Approved,13.3,Disbursed,4.7,None,Paid,0,0,0,Regular
APP10548,2026-04-09,57,Female,Ahmedabad,Self-Employed,78500,787,1,7406,0.38,No,880000,24,10.41,Mobile App,Pending,Approved,10.5,Disbursed,2.5,None,Paid,0,0,0,Regular
APP10549,2026-02-20,60,Male,Ahmedabad,Professional,58400,716,2,14903,0.56,No,290000,36,11.47,Mobile App,Completed,Approved,4.2,Disbursed,1.1,None,Paid,0,0,0,Regular
APP10550,2026-02-23,26,Male,Chennai,Professional,64800,749,1,11959,0.18,No,510000,36,9.29,Website,Completed,Approved,10.0,Not Disbursed,,Documentation,Not Applicable,0,0,0,Not Applicable
APP10551,2026-01-27,51,Male,Hyderabad,Salaried,75000,838,2,14969,0.72,No,600000,18,11.29,Branch,Completed,Approved,11.3,Disbursed,4.4,None,Paid,0,0,0,Regular
APP10552,2026-01-03,48,Male,Jaipur,Self-Employed,56200,749,2,11168,0.45,No,420000,48,11.62,Mobile App,Completed,Approved,6.8,Disbursed,2.7,None,Paid,0,0,0,Regular
APP10553,2026-07-13,42,Other,Kolkata,Self-Employed,29900,762,2,11283,0.55,No,220000,60,9.11,Mobile App,Completed,Pending,9.2,Not Disbursed,,None,Not Applicable,0,0,0,Not Applicable
APP10554,2026-05-26,33,Male,Ahmedabad,Salaried,21900,739,1,8163,0.49,No,210000,60,11.42,Mobile App,Completed,Pending,12.6,Not Disbursed,,None,Not Applicable,0,0,0,Not Applicable
APP10555,2026-08-13,37,Female,Delhi,Salaried,79900,757,1,21712,0.61,No,280000,36,10.95,Mobile App,Completed,Rejected,5.7,Not Disbursed,,Credit Assessment,Not Applicable,0,0,0,Not Applicable
APP10556,2026-04-05,49,Male,Mumbai,Self-Employed,61400,815,1,5235,0.37,No,550000,36,10.51,Branch,Completed,Approved,13.4,Disbursed,5.0,None,Paid,0,0,0,Regular
APP10557,2026-04-30,42,Male,Ahmedabad,Salaried,41000,775,1,11580,0.52,No,230000,12,8.02,Website,Completed,Approved,8.1,Disbursed,2.6,None,Paid,0,0,0,Regular
APP10558,2026-09-09,21,Male,Kolkata,Self-Employed,37700,758,1,12067,0.39,No,330000,48,10.45,Website,Completed,Rejected,5.6,Not Disbursed,,Credit Assessment,Not Applicable,0,0,0,Not Applicable
APP10559,2026-04-27,43,Other,Ahmedabad,Salaried,96700,743,2,38725,0.58,No,380000,60,11.95,Partner,Completed,Rejected,17.2,Not Disbursed,,Credit Assessment,Not Applicable,0,0,0,Not Applicable
APP10560,2026-08-26,29,Male,Chennai,Salaried,29400,751,0,7394,0.54,No,280000,18,10.19,Website,Completed,Approved,9.0,Disbursed,4.0,None,Paid,0,0,0,Regular
APP10561,2026-04-16,47,Female,Hyderabad,Salaried,65100,674,1,6434,0.19,No,480000,48,10.46,Branch,Completed,Rejected,16.8,Not Disbursed,,Credit Assessment,Not Applicable,0,0,0,Not Applicable
APP10562,2026-01-28,32,Female,Lucknow,Self-Employed,71100,765,2,15707,0.4,No,400000,48,9.33,Branch,Completed,Approved,13.0,Disbursed,4.6,None,Bounce,1,0,0,Watch
APP10563,2026-07-29,26,Female,Chennai,Salaried,39000,652,3,13489,0.51,No,130000,12,9.99,Branch,Completed,Approved,16.0,Disbursed,4.1,None,Paid,0,0,0,Regular
APP10564,2026-06-26,56,Male,Hyderabad,Self-Employed,63800,736,1,14097,0.34,Yes,530000,24,11.54,Mobile App,Pending,Rejected,11.6,Not Disbursed,,KYC,Not Applicable,0,0,0,Not Applicable
APP10565,2026-08-02,26,Male,Delhi,Salaried,74000,739,3,35916,0.68,No,520000,12,11.97,Partner,Completed,Pending,22.8,Not Disbursed,,Credit Assessment,Not Applicable,0,0,0,Not Applicable
APP10566,2026-01-10,44,Male,Pune,Salaried,32100,682,0,5693,0.57,No,320000,60,9.97,Mobile App,Completed,Approved,4.4,Disbursed,2.8,None,Paid,0,0,0,Regular
APP10567,2026-06-13,33,Male,Kolkata,Salaried,67600,688,2,33641,0.18,No,420000,24,12.09,Mobile App,Completed,Approved,5.0,Disbursed,5.2,None,Bounce,1,0,0,Watch
APP10568,2026-03-04,28,Female,Bengaluru,Self-Employed,49000,756,0,4095,0.73,No,370000,18,8.22,Branch,Completed,Pending,14.7,Not Disbursed,,None,Not Applicable,0,0,0,Not Applicable
APP10569,2026-02-01,29,Female,Delhi,Salaried,66200,697,1,22858,0.31,No,530000,60,10.23,Mobile App,Pending,Rejected,15.8,Not Disbursed,,KYC,Not Applicable,0,0,0,Not Applicable
APP10570,2026-09-29,53,Female,Bengaluru,Professional,59100,738,1,23285,0.42,No,470000,24,8.03,Mobile App,Completed,Approved,5.0,Disbursed,4.0,None,Paid,0,0,0,Regular
APP10571,2026-05-15,37,Female,Bengaluru,Salaried,32900,657,0,3605,0.44,Yes,160000,12,12.17,Branch,Completed,Pending,18.0,Not Disbursed,,None,Not Applicable,0,0,0,Not Applicable
APP10572,2026-07-17,41,Female,Ahmedabad,Salaried,40700,660,1,5824,0.3,No,280000,36,10.88,Website,Completed,Pending,12.7,Not Disbursed,,Credit Assessment,Not Applicable,0,0,0,Not Applicable
APP10573,2026-05-23,22,Male,Chennai,Salaried,77000,637,2,35804,0.74,No,380000,36,10.57,Mobile App,Completed,Approved,10.7,Disbursed,3.1,None,Paid,0,0,0,Regular
APP10574,2026-07-11,52,Male,Ahmedabad,Salaried,42400,748,3,18119,0.4,No,180000,60,11.23,Mobile App,Completed,Approved,3.2,Disbursed,2.1,None,Paid,0,0,0,Regular
APP10575,2026-04-28,29,Female,Ahmedabad,Salaried,51300,716,2,23218,0.28,No,580000,48,10.91,Mobile App,Completed,Rejected,10.2,Not Disbursed,,Credit Assessment,Not Applicable,0,0,0,Not Applicable
APP10576,2026-01-31,60,Female,Pune,Salaried,53700,648,2,19371,0.66,Yes,230000,60,11.33,Website,Completed,Approved,7.2,Disbursed,3.2,None,Bounce,1,0,0,Watch
APP10577,2026-05-08,35,Male,Chennai,Salaried,68000,690,2,16744,0.37,No,320000,48,11.76,Branch,Completed,Approved,10.7,Disbursed,5.4,None,Paid,0,0,0,Regular
APP10578,2026-05-21,48,Male,Mumbai,Salaried,39800,688,1,8612,0.28,No,330000,18,10.46,Mobile App,Completed,Rejected,6.2,Not Disbursed,,Credit Assessment,Not Applicable,0,0,0,Not Applicable
APP10579,2026-01-21,33,Male,Ahmedabad,Salaried,60700,784,1,15571,0.62,No,300000,36,11.53,Mobile App,Completed,Approved,3.6,Disbursed,4.7,None,Paid,0,0,0,Regular
APP10580,2026-08-18,24,Male,Bengaluru,Salaried,38100,781,2,9987,0.56,No,250000,12,8.64,Branch,Completed,Approved,11.0,Disbursed,4.9,None,Paid,0,0,0,Regular
APP10581,2026-08-01,37,Female,Mumbai,Salaried,57600,738,1,9275,0.43,No,410000,24,10.2,Branch,Completed,Approved,9.9,Disbursed,5.2,None,Bounce,1,0,0,Watch
APP10582,2026-05-12,23,Female,Mumbai,Salaried,58700,687,1,24212,0.48,No,590000,60,10.0,Branch,Completed,Approved,10.5,Disbursed,5.2,None,Paid,0,0,0,Regular
APP10583,2026-08-26,41,Male,Kolkata,Salaried,69100,704,1,6593,0.51,No,200000,48,8.54,Website,Completed,Approved,6.4,Disbursed,2.4,None,Paid,0,0,0,Regular
APP10584,2026-08-16,35,Male,Hyderabad,Salaried,48400,707,1,12677,0.29,No,410000,18,9.79,Partner,Completed,Approved,15.6,Disbursed,4.5,None,Bounce,1,1,1,Severe Delinquency
APP10585,2026-01-16,57,Male,Delhi,Salaried,41900,751,1,9824,0.71,No,230000,24,11.52,Mobile App,Completed,Rejected,7.8,Not Disbursed,,Credit Assessment,Not Applicable,0,0,0,Not Applicable
APP10586,2026-05-24,51,Female,Delhi,Salaried,63200,792,1,22160,0.23,No,210000,36,10.84,Mobile App,Completed,Approved,5.0,Disbursed,5.1,None,Paid,0,0,0,Regular
APP10587,2026-07-10,51,Female,Hyderabad,Salaried,38000,745,0,14786,0.14,No,320000,60,10.9,Mobile App,Completed,Approved,5.6,Disbursed,1.9,None,Paid,0,0,0,Regular
APP10588,2026-08-27,55,Female,Chennai,Salaried,60700,753,1,19963,0.32,No,320000,12,9.8,Partner,Completed,Pending,22.1,Not Disbursed,,None,Not Applicable,0,0,0,Not Applicable
APP10589,2026-03-26,55,Male,Bengaluru,Professional,39400,780,0,17398,0.5,No,220000,12,10.96,Branch,Pending,Rejected,17.0,Not Disbursed,,None,Not Applicable,0,0,0,Not Applicable
APP10590,2026-01-01,42,Male,Chennai,Self-Employed,91400,715,1,26826,0.28,No,760000,60,11.67,Mobile App,Completed,Rejected,5.4,Not Disbursed,,Credit Assessment,Not Applicable,0,0,0,Not Applicable
APP10591,2026-06-03,53,Male,Ahmedabad,Salaried,39300,710,1,14988,0.46,No,170000,60,9.57,Branch,Completed,Approved,14.2,Disbursed,4.2,None,Paid,0,0,0,Regular
APP10592,2026-01-14,44,Female,Kolkata,Salaried,133700,666,0,35430,0.34,No,1190000,48,10.6,Website,Completed,Approved,6.1,Disbursed,1.9,None,Paid,0,0,0,Regular
APP10593,2026-03-07,52,Male,Delhi,Salaried,57100,707,0,14174,0.42,No,130000,24,10.63,Branch,Completed,Pending,16.5,Not Disbursed,,Credit Assessment,Not Applicable,0,0,0,Not Applicable
APP10594,2026-02-09,22,Male,Ahmedabad,Salaried,39200,793,1,13642,0.22,No,110000,36,8.8,Website,Completed,Approved,6.9,Disbursed,2.8,None,Paid,0,0,0,Regular
APP10595,2026-07-07,52,Female,Kolkata,Self-Employed,37900,759,1,9268,0.32,No,390000,60,11.18,Branch,Pending,Rejected,19.2,Not Disbursed,,None,Not Applicable,0,0,0,Not Applicable
APP10596,2026-04-06,48,Female,Jaipur,Professional,44000,796,1,14949,0.49,No,350000,36,10.66,Mobile App,Completed,Rejected,6.4,Not Disbursed,,Credit Assessment,Not Applicable,0,0,0,Not Applicable
APP10597,2026-09-26,49,Male,Jaipur,Salaried,45200,759,1,12976,0.58,No,260000,12,10.66,Branch,Completed,Approved,14.5,Not Disbursed,,Documentation,Not Applicable,0,0,0,Not Applicable
APP10598,2026-05-07,58,Male,Hyderabad,Professional,34800,782,2,12680,0.12,No,100000,48,10.51,Website,Completed,Pending,4.5,Not Disbursed,,None,Not Applicable,0,0,0,Not Applicable
APP10599,2026-03-22,47,Male,Chennai,Professional,84300,721,2,23268,0.46,No,630000,18,8.97,Branch,Completed,Approved,13.7,Disbursed,5.0,None,Paid,0,0,0,Regular
APP10600,2026-03-12,54,Female,Delhi,Salaried,25600,617,0,9690,0.62,No,70000,24,11.94,Mobile App,Completed,Approved,8.1,Disbursed,3.1,None,Paid,0,0,0,Regular
APP10601,2026-08-06,26,Male,Chennai,Salaried,60500,624,3,21171,0.36,No,550000,18,12.6,Website,Completed,Approved,11.5,Disbursed,2.0,None,Paid,0,0,0,Regular
APP10602,2026-09-12,33,Male,Bengaluru,Self-Employed,65800,728,1,10242,0.21,No,520000,24,9.5,Branch,Completed,Approved,14.4,Disbursed,4.8,None,Paid,0,0,0,Regular
APP10603,2026-04-12,46,Male,Hyderabad,Professional,52400,703,2,14113,0.46,No,420000,24,9.4,Mobile App,Completed,Approved,7.1,Disbursed,2.3,None,Paid,0,0,0,Regular
APP10604,2026-01-31,48,Male,Ahmedabad,Salaried,53400,712,1,20104,0.57,No,460000,24,8.2,Mobile App,Completed,Approved,8.2,Disbursed,2.7,None,Paid,0,0,0,Regular
APP10605,2026-01-09,42,Other,Hyderabad,Salaried,42500,743,1,8960,0.05,No,50000,18,11.82,Website,Completed,Rejected,5.1,Not Disbursed,,Credit Assessment,Not Applicable,0,0,0,Not Applicable
APP10606,2026-02-11,26,Male,Lucknow,Professional,38900,758,1,9726,0.47,No,180000,18,9.63,Mobile App,Completed,Approved,8.2,Disbursed,1.5,None,Paid,0,0,0,Regular
APP10607,2026-06-30,49,Female,Kolkata,Professional,71100,626,2,18248,0.7,No,440000,18,11.5,Branch,Completed,Pending,20.1,Not Disbursed,,None,Not Applicable,0,0,0,Not Applicable
APP10608,2026-09-03,36,Male,Pune,Salaried,76500,786,2,10564,0.53,No,500000,36,8.63,Website,Completed,Approved,7.3,Disbursed,3.1,None,Paid,0,0,0,Regular
APP10609,2026-03-27,35,Male,Jaipur,Salaried,98400,790,3,16155,0.62,No,470000,36,10.08,Branch,Completed,Approved,14.4,Disbursed,4.9,None,Paid,0,0,0,Regular
APP10610,2026-08-25,35,Male,Lucknow,Salaried,95600,708,2,31810,0.38,No,900000,18,10.45,Partner,Completed,Approved,19.0,Disbursed,4.3,None,Paid,0,0,0,Regular
APP10611,2026-08-21,44,Male,Bengaluru,Salaried,46700,836,2,21533,0.24,No,60000,18,8.7,Mobile App,Completed,Pending,10.3,Not Disbursed,,None,Not Applicable,0,0,0,Not Applicable
APP10612,2026-07-27,28,Male,Bengaluru,Salaried,67900,799,1,25501,0.35,No,330000,48,11.01,Mobile App,Completed,Approved,1.7,Disbursed,2.8,None,Paid,0,0,0,Regular
APP10613,2026-03-17,54,Male,Bengaluru,Salaried,54900,690,1,10454,0.28,No,260000,24,10.4,Mobile App,Completed,Rejected,2.6,Not Disbursed,,Credit Assessment,Not Applicable,0,0,0,Not Applicable
APP10614,2026-02-21,58,Male,Bengaluru,Salaried,44900,768,1,11679,0.6,No,340000,36,9.18,Mobile App,Pending,Rejected,10.3,Not Disbursed,,None,Not Applicable,0,0,0,Not Applicable
APP10615,2026-07-10,24,Female,Kolkata,Professional,22600,850,2,10022,0.56,No,170000,12,8.1,Website,Pending,Pending,19.9,Not Disbursed,,None,Not Applicable,0,0,0,Not Applicable
APP10616,2026-08-14,46,Female,Lucknow,Salaried,62700,760,1,15186,0.41,No,640000,60,10.93,Mobile App,Completed,Approved,6.4,Disbursed,4.1,None,Paid,0,0,0,Regular
APP10617,2026-01-01,38,Female,Pune,Salaried,47400,824,0,7203,0.82,No,300000,48,11.96,Mobile App,Completed,Rejected,4.4,Not Disbursed,,Credit Assessment,Not Applicable,0,0,0,Not Applicable
APP10618,2026-06-19,31,Male,Hyderabad,Self-Employed,73000,779,2,12576,0.27,No,480000,24,10.53,Partner,Completed,Pending,16.5,Not Disbursed,,None,Not Applicable,0,0,0,Not Applicable
APP10619,2026-04-23,41,Male,Lucknow,Salaried,36100,701,1,9345,0.46,No,120000,36,11.9,Partner,Completed,Approved,15.0,Disbursed,4.4,None,Paid,0,0,0,Regular
APP10620,2026-06-20,36,Male,Bengaluru,Professional,74900,843,0,14281,0.55,No,650000,24,11.75,Mobile App,Completed,Approved,4.5,Disbursed,2.1,None,Paid,0,0,0,Regular
APP10621,2026-02-17,28,Female,Ahmedabad,Professional,47300,760,0,8797,0.61,No,230000,36,11.74,Website,Completed,Approved,8.6,Disbursed,3.0,None,Paid,0,0,0,Regular
APP10622,2026-03-29,30,Other,Mumbai,Salaried,33100,702,0,11221,0.08,No,150000,12,11.95,Branch,Completed,Approved,13.6,Disbursed,3.1,None,Paid,0,0,0,Regular
APP10623,2026-07-03,52,Female,Lucknow,Salaried,60800,664,1,22323,0.34,No,400000,36,12.93,Website,Completed,Pending,15.8,Not Disbursed,,None,Not Applicable,0,0,0,Not Applicable
APP10624,2026-08-11,40,Female,Kolkata,Salaried,122800,647,1,11496,0.82,Yes,1200000,18,11.1,Mobile App,Completed,Approved,8.9,Disbursed,1.5,None,Paid,0,0,0,Regular
APP10625,2026-08-05,56,Male,Hyderabad,Professional,35900,756,2,5544,0.75,No,180000,36,10.63,Mobile App,Completed,Pending,5.7,Not Disbursed,,None,Not Applicable,0,0,0,Not Applicable
APP10626,2026-02-23,57,Male,Bengaluru,Salaried,48500,768,2,10612,0.7,No,560000,36,9.93,Partner,Completed,Approved,13.1,Disbursed,3.7,None,Paid,0,0,0,Regular
APP10627,2026-02-02,53,Female,Bengaluru,Salaried,87600,802,0,39214,0.35,No,480000,12,9.9,Website,Completed,Approved,9.1,Disbursed,1.4,None,Bounce,1,1,1,Severe Delinquency
APP10628,2026-01-25,47,Male,Lucknow,Salaried,41100,711,2,15508,0.17,No,290000,18,12.01,Partner,Pending,Pending,25.5,Not Disbursed,,KYC,Not Applicable,0,0,0,Not Applicable
APP10629,2026-06-18,38,Male,Jaipur,Professional,118800,745,0,31334,0.24,No,960000,18,10.59,Branch,Completed,Approved,11.8,Disbursed,3.9,None,Bounce,1,0,0,Watch
APP10630,2026-05-03,51,Female,Bengaluru,Professional,68200,733,2,19627,0.4,No,280000,48,8.26,Mobile App,Completed,Approved,6.6,Disbursed,3.3,None,Paid,0,0,0,Regular
APP10631,2026-02-14,38,Male,Delhi,Self-Employed,42800,667,1,11045,0.2,No,80000,18,13.03,Branch,Completed,Approved,18.3,Disbursed,4.0,None,Paid,0,0,0,Regular
APP10632,2026-04-27,31,Female,Bengaluru,Salaried,66000,737,0,13587,0.2,No,510000,36,11.34,Partner,Completed,Approved,12.5,Disbursed,3.2,None,Paid,0,0,0,Regular
APP10633,2026-03-01,52,Male,Ahmedabad,Salaried,63100,730,1,13346,0.82,No,360000,12,10.37,Mobile App,Pending,Rejected,12.7,Not Disbursed,,KYC,Not Applicable,0,0,0,Not Applicable
APP10634,2026-03-20,51,Male,Jaipur,Self-Employed,39600,754,2,9720,0.29,No,210000,24,9.12,Mobile App,Completed,Pending,8.9,Not Disbursed,,None,Not Applicable,0,0,0,Not Applicable
APP10635,2026-04-19,47,Other,Jaipur,Salaried,54700,782,1,8116,0.5,No,410000,12,10.33,Mobile App,Completed,Approved,5.3,Disbursed,3.9,None,Paid,0,0,0,Regular
APP10636,2026-06-20,26,Female,Hyderabad,Salaried,125000,815,2,59503,0.57,No,890000,12,9.08,Partner,Pending,Rejected,19.8,Not Disbursed,,KYC,Not Applicable,0,0,0,Not Applicable
APP10637,2026-08-29,24,Female,Delhi,Professional,59400,845,0,16663,0.45,No,310000,12,8.87,Website,Completed,Approved,5.5,Disbursed,2.9,None,Paid,0,0,0,Regular
APP10638,2026-05-28,29,Female,Jaipur,Salaried,44000,709,0,17225,0.29,No,120000,36,9.3,Partner,Completed,Approved,16.3,Disbursed,3.4,None,Paid,0,0,0,Regular
APP10639,2026-05-08,60,Male,Delhi,Self-Employed,34100,779,2,13855,0.57,No,280000,60,10.98,Mobile App,Completed,Rejected,2.8,Not Disbursed,,Credit Assessment,Not Applicable,0,0,0,Not Applicable
APP10640,2026-05-21,25,Male,Bengaluru,Professional,45300,742,2,17558,0.29,No,220000,60,9.77,Mobile App,Completed,Pending,11.6,Not Disbursed,,None,Not Applicable,0,0,0,Not Applicable
APP10641,2026-04-01,33,Male,Bengaluru,Salaried,23000,727,1,9917,0.25,No,70000,12,9.7,Partner,Completed,Approved,15.5,Disbursed,5.1,None,Paid,0,0,0,Regular
APP10642,2026-03-16,21,Male,Jaipur,Salaried,52300,766,2,23044,0.74,No,180000,18,8.44,Mobile App,Completed,Approved,5.8,Disbursed,3.5,None,Paid,0,0,0,Regular
APP10643,2026-09-28,44,Male,Delhi,Salaried,101200,850,2,46287,0.45,No,550000,60,8.01,Branch,Pending,Rejected,15.1,Not Disbursed,,None,Not Applicable,0,0,0,Not Applicable
APP10644,2026-06-22,22,Female,Jaipur,Salaried,43400,725,0,10294,0.37,No,200000,48,9.43,Mobile App,Completed,Approved,3.3,Disbursed,4.0,None,Paid,0,0,0,Regular
APP10645,2026-07-29,36,Male,Ahmedabad,Salaried,25900,720,1,6548,0.15,No,230000,48,8.48,Mobile App,Completed,Approved,5.4,Disbursed,2.3,None,Paid,0,0,0,Regular
APP10646,2026-06-19,38,Male,Ahmedabad,Professional,60500,657,0,25843,0.43,No,330000,60,9.66,Mobile App,Completed,Pending,13.1,Not Disbursed,,None,Not Applicable,0,0,0,Not Applicable
APP10647,2026-06-01,53,Male,Lucknow,Salaried,50400,698,0,4534,0.5,Yes,430000,18,10.28,Mobile App,Completed,Approved,5.7,Disbursed,3.8,None,Paid,0,0,0,Regular
APP10648,2026-03-22,49,Female,Bengaluru,Salaried,103400,833,1,40208,0.13,No,830000,36,8.85,Mobile App,Completed,Approved,4.4,Disbursed,2.2,None,Paid,0,0,0,Regular
APP10649,2026-08-18,30,Female,Kolkata,Salaried,76400,623,0,32966,0.41,No,890000,36,11.64,Website,Completed,Rejected,6.8,Not Disbursed,,Credit Assessment,Not Applicable,0,0,0,Not Applicable
APP10650,2026-09-03,60,Male,Ahmedabad,Salaried,43500,737,1,10012,0.27,No,460000,12,9.58,Branch,Completed,Approved,15.4,Disbursed,5.0,None,Paid,0,0,0,Regular
APP10651,2026-04-23,58,Male,Bengaluru,Salaried,74500,781,0,8005,0.35,No,270000,24,10.8,Mobile App,Completed,Approved,6.5,Disbursed,4.0,None,Paid,0,0,0,Regular
APP10652,2026-02-11,26,Male,Lucknow,Salaried,46700,739,0,15509,0.57,Yes,140000,12,8.33,Mobile App,Completed,Rejected,6.6,Not Disbursed,,Credit Assessment,Not Applicable,0,0,0,Not Applicable
APP10653,2026-09-02,33,Male,Delhi,Salaried,130400,752,0,11679,0.09,No,690000,48,9.15,Mobile App,Completed,Approved,6.2,Disbursed,4.6,None,Paid,0,0,0,Regular
APP10654,2026-03-18,54,Male,Delhi,Salaried,78200,789,2,11334,0.46,No,240000,24,9.62,Website,Completed,Approved,6.9,Disbursed,4.4,None,Paid,0,0,0,Regular
APP10655,2026-07-01,57,Female,Kolkata,Salaried,43700,784,1,16780,0.28,No,350000,60,11.15,Mobile App,Completed,Approved,6.4,Disbursed,1.9,None,Paid,0,0,0,Regular
APP10656,2026-08-31,22,Male,Jaipur,Salaried,34700,687,2,15230,0.54,No,230000,60,10.65,Mobile App,Completed,Rejected,5.5,Not Disbursed,,Credit Assessment,Not Applicable,0,0,0,Not Applicable
APP10657,2026-03-08,36,Male,Kolkata,Self-Employed,27700,739,2,5051,0.21,No,250000,60,9.47,Mobile App,Completed,Pending,9.4,Not Disbursed,,None,Not Applicable,0,0,0,Not Applicable
APP10658,2026-04-06,54,Female,Delhi,Salaried,69500,746,1,30817,0.29,No,380000,12,9.18,Partner,Completed,Pending,15.3,Not Disbursed,,None,Not Applicable,0,0,0,Not Applicable
APP10659,2026-02-01,22,Male,Ahmedabad,Salaried,50000,640,0,13347,0.75,No,220000,48,12.29,Mobile App,Completed,Approved,9.4,Disbursed,2.3,None,Paid,0,0,0,Regular
APP10660,2026-03-05,42,Female,Mumbai,Professional,44900,841,1,6820,0.2,No,160000,60,10.18,Mobile App,Completed,Approved,6.3,Disbursed,3.3,None,Paid,0,0,0,Regular
APP10661,2026-07-28,59,Other,Pune,Salaried,62400,693,2,13323,0.67,No,510000,48,11.66,Mobile App,Completed,Approved,12.1,Disbursed,2.3,None,Paid,0,0,0,Regular
APP10662,2026-08-01,54,Male,Mumbai,Professional,98200,672,2,43199,0.39,No,520000,60,12.63,Mobile App,Completed,Approved,7.2,Disbursed,5.7,None,Paid,0,0,0,Regular
APP10663,2026-04-10,60,Male,Kolkata,Salaried,71400,727,1,8966,0.13,No,460000,18,8.68,Mobile App,Completed,Approved,5.2,Disbursed,3.2,None,Paid,0,0,0,Regular
APP10664,2026-09-10,31,Male,Lucknow,Salaried,38500,723,1,6715,0.69,No,180000,48,11.74,Mobile App,Completed,Pending,6.9,Not Disbursed,,None,Not Applicable,0,0,0,Not Applicable
APP10665,2026-06-14,48,Female,Mumbai,Salaried,38000,661,3,5719,0.3,No,130000,12,12.94,Partner,Completed,Rejected,19.8,Not Disbursed,,Credit Assessment,Not Applicable,0,0,0,Not Applicable
APP10666,2026-06-05,34,Female,Bengaluru,Self-Employed,41200,669,2,12006,0.6,No,410000,60,12.61,Mobile App,Completed,Pending,11.1,Not Disbursed,,Credit Assessment,Not Applicable,0,0,0,Not Applicable
APP10667,2026-07-08,21,Male,Ahmedabad,Self-Employed,46900,850,2,15270,0.28,No,150000,12,11.97,Partner,Completed,Approved,12.6,Disbursed,4.0,None,Paid,0,0,0,Regular
APP10668,2026-09-25,58,Male,Hyderabad,Salaried,59400,661,1,18509,0.19,No,330000,24,10.36,Branch,Completed,Pending,21.7,Not Disbursed,,Credit Assessment,Not Applicable,0,0,0,Not Applicable
APP10669,2026-08-09,55,Male,Lucknow,Salaried,87500,745,1,23202,0.33,No,470000,18,9.62,Mobile App,Completed,Approved,7.6,Disbursed,1.5,None,Paid,0,0,0,Regular
APP10670,2026-09-24,56,Male,Mumbai,Salaried,53100,748,0,4848,0.16,No,550000,60,8.55,Mobile App,Completed,Approved,4.0,Disbursed,4.3,None,Paid,0,0,0,Regular
APP10671,2026-04-21,56,Male,Hyderabad,Self-Employed,22200,695,2,9859,0.56,No,250000,36,8.56,Website,Completed,Approved,4.3,Disbursed,2.6,None,Paid,0,0,0,Regular
APP10672,2026-01-16,51,Male,Delhi,Self-Employed,65000,661,1,28780,0.42,No,260000,48,12.51,Mobile App,Completed,Pending,13.5,Not Disbursed,,None,Not Applicable,0,0,0,Not Applicable
APP10673,2026-01-14,31,Male,Pune,Salaried,71800,698,2,35859,0.33,No,670000,12,8.63,Website,Completed,Pending,12.0,Not Disbursed,,None,Not Applicable,0,0,0,Not Applicable
APP10674,2026-09-11,25,Female,Mumbai,Salaried,43200,767,0,10699,0.47,No,260000,36,9.76,Website,Completed,Approved,9.0,Disbursed,3.3,None,Paid,0,0,0,Regular
APP10675,2026-02-04,59,Female,Bengaluru,Salaried,114800,757,1,10011,0.5,No,740000,36,11.08,Mobile App,Completed,Rejected,1,Not Disbursed,,Credit Assessment,Not Applicable,0,0,0,Not Applicable
APP10676,2026-03-26,37,Female,Jaipur,Self-Employed,35900,681,3,9421,0.71,No,220000,36,11.49,Mobile App,Completed,Approved,4.4,Not Disbursed,,Documentation,Not Applicable,0,0,0,Not Applicable
APP10677,2026-06-15,26,Male,Mumbai,Salaried,37800,785,1,9566,0.05,No,110000,36,8.19,Branch,Completed,Approved,11.5,Disbursed,5.3,None,Paid,0,0,0,Regular
APP10678,2026-02-17,46,Female,Mumbai,Professional,35700,738,2,7945,0.57,No,190000,36,11.51,Partner,Completed,Approved,10.1,Disbursed,4.3,None,Paid,0,0,0,Regular
APP10679,2026-06-13,58,Male,Bengaluru,Salaried,33600,769,2,13500,0.14,No,160000,36,9.63,Partner,Completed,Approved,15.7,Disbursed,3.8,None,Paid,0,0,0,Regular
APP10680,2026-03-15,42,Female,Ahmedabad,Professional,70200,656,0,17397,0.37,No,260000,36,9.62,Mobile App,Completed,Rejected,8.4,Not Disbursed,,Credit Assessment,Not Applicable,0,0,0,Not Applicable
APP10681,2026-01-21,31,Female,Chennai,Salaried,82500,738,0,35204,0.86,No,500000,60,10.23,Mobile App,Completed,Approved,6.2,Disbursed,3.8,None,Paid,0,0,0,Regular
APP10682,2026-09-17,55,Male,Hyderabad,Salaried,67700,793,3,11979,0.11,No,660000,60,11.88,Branch,Completed,Approved,6.8,Disbursed,5.8,None,Paid,0,0,0,Regular
APP10683,2026-09-02,29,Female,Lucknow,Salaried,79800,723,1,19726,0.31,No,550000,60,8.78,Website,Completed,Approved,2.5,Disbursed,3.1,None,Paid,0,0,0,Regular
APP10684,2026-04-11,32,Female,Lucknow,Salaried,49800,807,1,12486,0.17,No,190000,48,9.98,Website,Completed,Approved,5.9,Disbursed,4.1,None,Paid,0,0,0,Regular
APP10685,2026-05-24,23,Male,Jaipur,Salaried,56700,826,1,5624,0.33,No,230000,36,11.6,Mobile App,Completed,Approved,4.2,Disbursed,2.8,None,Paid,0,0,0,Regular
APP10686,2026-04-24,32,Male,Chennai,Professional,44200,729,0,5831,0.46,No,340000,18,11.47,Website,Completed,Pending,12.5,Not Disbursed,,None,Not Applicable,0,0,0,Not Applicable
APP10687,2026-04-24,33,Male,Lucknow,Professional,47500,713,0,13168,0.15,No,630000,24,9.51,Mobile App,Completed,Rejected,3.1,Not Disbursed,,Credit Assessment,Not Applicable,0,0,0,Not Applicable
APP10688,2026-06-06,59,Male,Chennai,Salaried,49600,779,0,21395,0.37,No,120000,60,10.51,Website,Completed,Approved,9.3,Not Disbursed,,Documentation,Not Applicable,0,0,0,Not Applicable
APP10689,2026-03-30,28,Male,Jaipur,Self-Employed,122000,769,3,30919,0.45,No,800000,36,9.46,Mobile App,Completed,Approved,3.6,Disbursed,3.3,None,Paid,0,0,0,Regular
APP10690,2026-09-26,34,Male,Ahmedabad,Self-Employed,83500,815,1,36115,0.62,No,530000,12,9.89,Mobile App,Completed,Approved,2.6,Disbursed,3.4,None,Paid,0,0,0,Regular
APP10691,2026-06-02,24,Male,Bengaluru,Self-Employed,30300,661,1,11023,0.13,No,290000,36,12.63,Mobile App,Completed,Pending,13.1,Not Disbursed,,None,Not Applicable,0,0,0,Not Applicable
APP10692,2026-08-08,29,Male,Chennai,Salaried,34600,674,0,13865,0.5,No,290000,24,12.86,Branch,Pending,Rejected,24.0,Not Disbursed,,None,Not Applicable,0,0,0,Not Applicable
APP10693,2026-04-04,22,Female,Mumbai,Professional,48400,751,3,8640,0.67,No,310000,24,10.73,Website,Completed,Approved,6.7,Disbursed,3.2,None,Paid,0,0,0,Regular
APP10694,2026-03-27,39,Female,Jaipur,Salaried,44200,667,1,17442,0.54,No,330000,36,12.74,Partner,Completed,Approved,14.9,Disbursed,5.4,None,Paid,0,0,0,Regular
APP10695,2026-08-01,39,Female,Delhi,Salaried,73100,773,0,10998,0.52,No,670000,12,9.05,Website,Completed,Approved,10.4,Disbursed,3.6,None,Paid,0,0,0,Regular
APP10696,2026-08-21,31,Female,Jaipur,Salaried,52600,637,2,24351,0.35,No,300000,60,11.19,Mobile App,Completed,Approved,10.1,Disbursed,4.1,None,Bounce,1,1,0,Intensive Follow-up
APP10697,2026-04-20,56,Female,Delhi,Salaried,57600,782,2,8838,0.38,No,420000,48,10.96,Mobile App,Completed,Rejected,4.9,Not Disbursed,,Credit Assessment,Not Applicable,0,0,0,Not Applicable
APP10698,2026-08-26,31,Male,Kolkata,Self-Employed,73700,767,1,12344,0.63,No,540000,48,10.95,Website,Completed,Approved,5.4,Disbursed,3.7,None,Paid,0,0,0,Regular
APP10699,2026-08-28,52,Female,Kolkata,Salaried,121800,718,1,44667,0.73,No,1020000,48,11.08,Mobile App,Completed,Approved,7.7,Disbursed,3.3,None,Paid,0,0,0,Regular
APP10700,2026-04-07,52,Male,Pune,Salaried,86600,743,0,14715,0.28,No,750000,24,8.69,Website,Completed,Rejected,6.0,Not Disbursed,,Credit Assessment,Not Applicable,0,0,0,Not Applicable
APP10701,2026-01-21,23,Female,Jaipur,Salaried,118100,619,1,28603,0.39,No,980000,60,10.83,Website,Completed,Approved,8.6,Disbursed,2.2,None,Paid,0,0,0,Regular
APP10702,2026-06-28,38,Other,Pune,Professional,100800,710,1,10541,0.47,No,780000,12,10.86,Partner,Completed,Approved,11.6,Disbursed,3.7,None,Paid,0,0,0,Regular
APP10703,2026-03-22,26,Female,Ahmedabad,Salaried,98300,792,0,28834,0.49,No,640000,48,8.47,Mobile App,Pending,Rejected,9.6,Not Disbursed,,KYC,Not Applicable,0,0,0,Not Applicable
APP10704,2026-04-12,50,Female,Bengaluru,Salaried,75900,665,2,13504,0.53,No,280000,60,12.8,Mobile App,Completed,Pending,10.1,Not Disbursed,,None,Not Applicable,0,0,0,Not Applicable
APP10705,2026-06-22,34,Female,Lucknow,Salaried,48900,771,2,18391,0.35,No,500000,18,11.44,Mobile App,Completed,Approved,6.3,Disbursed,1.5,None,Paid,0,0,0,Regular
APP10706,2026-09-12,57,Male,Bengaluru,Salaried,45500,659,0,9814,0.69,No,130000,60,12.51,Branch,Completed,Approved,18.2,Disbursed,3.8,None,Paid,0,0,0,Regular
APP10707,2026-03-24,27,Female,Ahmedabad,Salaried,40700,709,2,9913,0.52,Yes,370000,60,10.14,Mobile App,Completed,Approved,10.6,Disbursed,2.9,None,Paid,0,0,0,Regular
APP10708,2026-04-24,56,Male,Mumbai,Salaried,64900,788,2,22624,0.34,No,460000,12,10.8,Branch,Completed,Approved,14.7,Disbursed,3.1,None,Paid,0,0,0,Regular
APP10709,2026-05-07,39,Female,Mumbai,Salaried,145700,606,1,46149,0.26,No,610000,36,11.29,Mobile App,Completed,Pending,10.9,Not Disbursed,,Credit Assessment,Not Applicable,0,0,0,Not Applicable
APP10710,2026-08-18,27,Female,Hyderabad,Salaried,70600,779,2,19955,0.16,No,410000,36,8.43,Mobile App,Completed,Approved,10.7,Disbursed,1.2,None,Paid,0,0,0,Regular
APP10711,2026-04-11,58,Female,Delhi,Professional,73800,724,2,16325,0.47,No,360000,24,8.1,Mobile App,Completed,Approved,5.8,Disbursed,2.4,None,Paid,0,0,0,Regular
APP10712,2026-07-21,57,Female,Chennai,Salaried,56900,834,0,5177,0.48,No,210000,18,9.75,Mobile App,Completed,Approved,8.6,Disbursed,5.1,None,Paid,0,0,0,Regular
APP10713,2026-08-17,30,Female,Lucknow,Salaried,43600,686,1,7779,0.43,No,260000,12,11.03,Partner,Completed,Rejected,14.3,Not Disbursed,,Credit Assessment,Not Applicable,0,0,0,Not Applicable
APP10714,2026-09-14,50,Female,Hyderabad,Salaried,71400,743,0,27389,0.18,No,520000,48,8.15,Mobile App,Completed,Approved,6.3,Disbursed,3.0,None,Bounce,1,0,0,Watch
APP10715,2026-09-06,58,Female,Lucknow,Self-Employed,95100,818,1,30410,0.49,No,920000,36,9.15,Website,Completed,Approved,10.9,Disbursed,4.3,None,Paid,0,0,0,Regular
APP10716,2026-03-13,24,Male,Lucknow,Salaried,42900,774,2,20927,0.31,No,320000,48,8.11,Mobile App,Completed,Approved,4.3,Disbursed,0.9,None,Paid,0,0,0,Regular
APP10717,2026-09-20,50,Female,Ahmedabad,Self-Employed,57100,767,1,18625,0.72,No,230000,48,10.38,Mobile App,Pending,Rejected,9.7,Not Disbursed,,KYC,Not Applicable,0,0,0,Not Applicable
APP10718,2026-03-12,58,Female,Bengaluru,Professional,30800,801,2,10701,0.25,No,360000,12,8.64,Mobile App,Pending,Pending,16.8,Not Disbursed,,KYC,Not Applicable,0,0,0,Not Applicable
APP10719,2026-02-13,28,Female,Chennai,Salaried,69900,790,1,29709,0.36,Yes,470000,36,9.2,Partner,Completed,Approved,18.5,Disbursed,5.6,None,Paid,0,0,0,Regular
APP10720,2026-07-01,46,Female,Delhi,Professional,55900,731,2,21133,0.23,No,430000,48,8.92,Branch,Pending,Pending,22.1,Not Disbursed,,KYC,Not Applicable,0,0,0,Not Applicable
APP10721,2026-07-23,28,Female,Delhi,Self-Employed,50200,719,2,9814,0.28,No,430000,24,8.75,Mobile App,Completed,Approved,2.9,Disbursed,1.3,None,Paid,0,0,0,Regular
APP10722,2026-05-05,23,Male,Kolkata,Self-Employed,35800,761,1,10968,0.55,Yes,210000,12,11.3,Mobile App,Completed,Approved,6.2,Disbursed,4.2,None,Paid,0,0,0,Regular
APP10723,2026-01-12,47,Female,Jaipur,Salaried,55300,849,1,15324,0.63,No,430000,24,10.49,Branch,Completed,Approved,11.2,Disbursed,3.2,None,Paid,0,0,0,Regular
APP10724,2026-05-08,25,Female,Delhi,Salaried,101800,722,1,36600,0.26,No,1030000,60,8.18,Branch,Completed,Approved,12.0,Disbursed,4.5,None,Paid,0,0,0,Regular
APP10725,2026-08-02,37,Female,Jaipur,Salaried,25700,736,2,5988,0.74,No,130000,24,9.61,Mobile App,Completed,Pending,10.2,Not Disbursed,,Credit Assessment,Not Applicable,0,0,0,Not Applicable
APP10726,2026-04-05,25,Male,Ahmedabad,Professional,57300,670,1,5471,0.06,Yes,290000,48,12.68,Website,Completed,Approved,7.9,Disbursed,3.4,None,Bounce,1,1,1,Severe Delinquency
APP10727,2026-01-26,45,Male,Jaipur,Salaried,76400,711,0,25800,0.28,No,510000,60,8.62,Partner,Pending,Approved,20.6,Not Disbursed,,KYC,Not Applicable,0,0,0,Not Applicable
APP10728,2026-06-10,60,Female,Lucknow,Self-Employed,53500,773,0,11233,0.6,No,180000,48,8.99,Branch,Completed,Pending,15.3,Not Disbursed,,None,Not Applicable,0,0,0,Not Applicable
APP10729,2026-08-11,29,Female,Lucknow,Salaried,49600,809,1,15921,0.39,No,390000,18,9.73,Website,Completed,Pending,10.3,Not Disbursed,,None,Not Applicable,0,0,0,Not Applicable
APP10730,2026-05-13,47,Female,Kolkata,Salaried,42700,693,1,17516,0.27,No,340000,18,11.74,Mobile App,Completed,Approved,7.3,Disbursed,2.3,None,Paid,0,0,0,Regular
APP10731,2026-09-02,45,Male,Bengaluru,Self-Employed,46100,755,0,9607,0.25,No,210000,18,10.78,Mobile App,Completed,Approved,4.5,Disbursed,3.1,None,Paid,0,0,0,Regular
APP10732,2026-01-04,51,Female,Bengaluru,Self-Employed,63500,672,2,10602,0.66,No,450000,48,12.0,Mobile App,Completed,Rejected,8.4,Not Disbursed,,Credit Assessment,Not Applicable,0,0,0,Not Applicable
APP10733,2026-03-26,55,Female,Ahmedabad,Salaried,112700,699,1,12316,0.11,No,1000000,12,10.97,Website,Pending,Rejected,15.8,Not Disbursed,,KYC,Not Applicable,0,0,0,Not Applicable
APP10734,2026-03-31,48,Female,Delhi,Professional,26500,733,1,4355,0.23,No,100000,12,9.24,Mobile App,Completed,Approved,7.9,Disbursed,4.4,None,Paid,0,0,0,Regular
APP10735,2026-02-27,28,Male,Pune,Salaried,87000,850,1,28715,0.4,No,380000,24,8.56,Branch,Completed,Rejected,14.4,Not Disbursed,,Credit Assessment,Not Applicable,0,0,0,Not Applicable
APP10736,2026-07-14,33,Female,Ahmedabad,Salaried,62200,598,1,21855,0.69,No,350000,18,13.18,Branch,Completed,Approved,12.7,Disbursed,3.2,None,Bounce,1,0,0,Watch
APP10737,2026-04-28,25,Male,Chennai,Self-Employed,62500,690,1,10710,0.57,No,220000,48,9.92,Branch,Pending,Pending,22.0,Not Disbursed,,KYC,Not Applicable,0,0,0,Not Applicable
APP10738,2026-08-07,35,Male,Mumbai,Salaried,61700,668,2,19553,0.29,No,50000,24,9.25,Mobile App,Completed,Pending,15.5,Not Disbursed,,Credit Assessment,Not Applicable,0,0,0,Not Applicable
APP10739,2026-09-20,55,Female,Jaipur,Professional,72600,638,2,12316,0.34,No,510000,24,12.28,Website,Completed,Rejected,4.6,Not Disbursed,,Credit Assessment,Not Applicable,0,0,0,Not Applicable
APP10740,2026-02-15,55,Male,Lucknow,Salaried,47900,701,2,18467,0.71,No,440000,18,11.83,Website,Completed,Approved,9.7,Disbursed,2.7,None,Paid,0,0,0,Regular
APP10741,2026-03-22,59,Male,Kolkata,Self-Employed,41200,695,0,10149,0.38,No,200000,12,12.27,Mobile App,Pending,Pending,14.8,Not Disbursed,,KYC,Not Applicable,0,0,0,Not Applicable
APP10742,2026-09-04,57,Female,Bengaluru,Salaried,55700,766,1,6952,0.43,No,500000,12,10.86,Website,Completed,Approved,4.9,Disbursed,3.2,None,Paid,0,0,0,Regular
APP10743,2026-03-12,28,Female,Delhi,Self-Employed,37300,821,2,17239,0.38,No,420000,48,8.78,Mobile App,Completed,Approved,3.2,Disbursed,3.1,None,Paid,0,0,0,Regular
APP10744,2026-01-24,40,Female,Lucknow,Salaried,64000,715,0,15943,0.42,Yes,400000,24,9.84,Mobile App,Pending,Pending,15.2,Not Disbursed,,KYC,Not Applicable,0,0,0,Not Applicable
APP10745,2026-08-29,45,Female,Delhi,Salaried,92100,744,2,35966,0.22,No,890000,36,8.17,Mobile App,Completed,Approved,5.5,Disbursed,4.2,None,Paid,0,0,0,Regular
APP10746,2026-09-06,60,Female,Jaipur,Self-Employed,48800,699,2,16590,0.58,No,100000,48,11.55,Mobile App,Completed,Approved,3.1,Disbursed,4.0,None,Paid,0,0,0,Regular
APP10747,2026-04-06,25,Female,Chennai,Self-Employed,50500,690,0,4477,0.27,No,230000,60,10.12,Branch,Completed,Approved,11.6,Disbursed,3.6,None,Paid,0,0,0,Regular
APP10748,2026-03-16,40,Other,Jaipur,Professional,128000,679,1,34417,0.26,No,430000,12,9.94,Partner,Completed,Approved,18.2,Disbursed,3.1,None,Paid,0,0,0,Regular
APP10749,2026-07-10,59,Male,Kolkata,Professional,51800,674,2,17997,0.37,No,560000,24,10.86,Mobile App,Completed,Approved,5.2,Disbursed,4.0,None,Paid,0,0,0,Regular
APP10750,2026-08-29,23,Female,Jaipur,Salaried,75000,780,0,25711,0.66,Yes,680000,60,11.97,Branch,Completed,Approved,12.9,Disbursed,3.8,None,Paid,0,0,0,Regular
APP10751,2026-02-03,53,Female,Jaipur,Salaried,45900,745,0,12447,0.11,No,190000,36,8.24,Website,Completed,Pending,11.3,Not Disbursed,,Credit Assessment,Not Applicable,0,0,0,Not Applicable
APP10752,2026-01-17,43,Male,Mumbai,Salaried,94900,818,2,15363,0.45,No,810000,18,9.85,Partner,Pending,Pending,28.2,Not Disbursed,,KYC,Not Applicable,0,0,0,Not Applicable
APP10753,2026-07-31,48,Male,Mumbai,Salaried,48200,760,0,14093,0.13,No,370000,60,9.38,Branch,Completed,Approved,10.5,Disbursed,3.4,None,Paid,0,0,0,Regular
APP10754,2026-07-26,59,Female,Ahmedabad,Self-Employed,42800,693,1,5661,0.22,No,380000,60,9.43,Partner,Completed,Approved,14.2,Disbursed,5.5,None,Paid,0,0,0,Regular
APP10755,2026-06-03,32,Female,Hyderabad,Salaried,47600,817,1,19983,0.28,No,290000,36,11.72,Branch,Completed,Approved,7.3,Disbursed,1.6,None,Paid,0,0,0,Regular
APP10756,2026-07-21,53,Female,Hyderabad,Professional,45800,683,1,18065,0.19,No,240000,36,10.18,Partner,Completed,Rejected,15.6,Not Disbursed,,Credit Assessment,Not Applicable,0,0,0,Not Applicable
APP10757,2026-02-21,60,Female,Delhi,Salaried,49800,770,0,13950,0.28,No,420000,60,9.85,Mobile App,Completed,Approved,6.5,Disbursed,3.0,None,Paid,0,0,0,Regular
APP10758,2026-04-01,53,Male,Delhi,Salaried,65100,717,0,14579,0.38,No,340000,48,12.05,Branch,Completed,Approved,14.1,Disbursed,2.4,None,Paid,0,0,0,Regular
APP10759,2026-05-13,26,Male,Bengaluru,Salaried,27400,749,1,3793,0.15,No,160000,12,9.76,Website,Completed,Rejected,8.7,Not Disbursed,,Credit Assessment,Not Applicable,0,0,0,Not Applicable
APP10760,2026-01-25,60,Female,Ahmedabad,Salaried,110000,705,1,27672,0.11,No,1020000,24,8.34,Branch,Completed,Rejected,9.2,Not Disbursed,,Credit Assessment,Not Applicable,0,0,0,Not Applicable
APP10761,2026-02-18,46,Female,Lucknow,Salaried,32000,758,1,5845,0.45,No,120000,48,11.82,Mobile App,Completed,Rejected,7.2,Not Disbursed,,Credit Assessment,Not Applicable,0,0,0,Not Applicable
APP10762,2026-01-31,42,Male,Lucknow,Professional,95700,756,1,27736,0.58,No,550000,36,8.29,Branch,Completed,Approved,12.3,Disbursed,3.7,None,Paid,0,0,0,Regular
APP10763,2026-04-22,45,Male,Ahmedabad,Salaried,65300,772,1,25719,0.53,No,650000,12,8.64,Partner,Completed,Approved,14.6,Disbursed,4.8,None,Paid,0,0,0,Regular
APP10764,2026-01-17,43,Male,Delhi,Salaried,94900,707,1,23722,0.51,No,600000,48,10.55,Mobile App,Completed,Approved,3.2,Disbursed,2.3,None,Paid,0,0,0,Regular
APP10765,2026-08-19,47,Male,Mumbai,Salaried,79300,842,1,32835,0.52,No,460000,12,9.29,Website,Completed,Approved,8.2,Disbursed,4.0,None,Paid,0,0,0,Regular
APP10766,2026-01-13,57,Male,Delhi,Salaried,122300,705,1,47938,0.5,No,1060000,60,11.08,Mobile App,Completed,Approved,5.8,Disbursed,4.0,None,Paid,0,0,0,Regular
APP10767,2026-08-11,29,Female,Ahmedabad,Salaried,23400,765,2,4499,0.66,No,160000,48,8.43,Mobile App,Completed,Approved,4.8,Disbursed,2.7,None,Paid,0,0,0,Regular
APP10768,2026-04-21,28,Male,Pune,Salaried,41200,648,2,12425,0.35,No,150000,48,9.71,Branch,Completed,Approved,13.0,Disbursed,4.1,None,Paid,0,0,0,Regular
APP10769,2026-04-28,45,Male,Bengaluru,Salaried,103000,771,1,20092,0.85,No,340000,36,8.54,Branch,Completed,Approved,11.9,Disbursed,3.6,None,Paid,0,0,0,Regular
APP10770,2026-01-07,30,Female,Delhi,Salaried,54300,687,2,17605,0.63,No,390000,48,9.17,Mobile App,Completed,Rejected,4.9,Not Disbursed,,Credit Assessment,Not Applicable,0,0,0,Not Applicable
APP10771,2026-07-28,34,Other,Hyderabad,Professional,66800,721,0,26365,0.66,No,640000,12,9.01,Mobile App,Completed,Rejected,1.5,Not Disbursed,,Credit Assessment,Not Applicable,0,0,0,Not Applicable
APP10772,2026-08-01,33,Female,Mumbai,Salaried,73800,795,0,30564,0.46,No,520000,12,10.73,Branch,Completed,Rejected,12.6,Not Disbursed,,Credit Assessment,Not Applicable,0,0,0,Not Applicable
APP10773,2026-09-14,25,Male,Kolkata,Professional,230400,748,1,39569,0.63,No,1200000,36,8.22,Mobile App,Completed,Approved,6.0,Disbursed,2.4,None,Paid,0,0,0,Regular
APP10774,2026-04-07,46,Male,Chennai,Professional,39200,640,0,8387,0.71,No,370000,24,12.47,Mobile App,Completed,Approved,2.9,Disbursed,4.2,None,Paid,0,0,0,Regular
APP10775,2026-03-19,57,Female,Mumbai,Salaried,60600,768,0,14576,0.46,No,260000,36,8.41,Mobile App,Completed,Pending,12.1,Not Disbursed,,None,Not Applicable,0,0,0,Not Applicable
APP10776,2026-03-10,53,Male,Mumbai,Salaried,37000,708,0,15696,0.23,No,120000,12,11.12,Partner,Completed,Approved,18.8,Disbursed,4.7,None,Paid,0,0,0,Regular
APP10777,2026-08-28,39,Male,Bengaluru,Professional,67300,808,1,29024,0.83,Yes,620000,24,11.11,Mobile App,Completed,Approved,7.1,Disbursed,1.9,None,Paid,0,0,0,Regular
APP10778,2026-09-15,45,Male,Lucknow,Self-Employed,54900,801,1,24509,0.16,No,580000,18,9.53,Mobile App,Completed,Approved,4.5,Disbursed,1.1,None,Paid,0,0,0,Regular
APP10779,2026-06-04,25,Female,Hyderabad,Salaried,38800,755,1,7871,0.4,No,360000,24,11.38,Mobile App,Completed,Approved,4.5,Disbursed,3.2,None,Paid,0,0,0,Regular
APP10780,2026-03-22,32,Female,Pune,Salaried,81600,681,1,10111,0.2,No,320000,60,12.54,Mobile App,Pending,Rejected,11.3,Not Disbursed,,KYC,Not Applicable,0,0,0,Not Applicable
APP10781,2026-08-17,28,Female,Chennai,Professional,51700,709,1,21495,0.45,No,410000,36,8.59,Branch,Pending,Rejected,19.2,Not Disbursed,,KYC,Not Applicable,0,0,0,Not Applicable
APP10782,2026-01-13,56,Female,Bengaluru,Salaried,112100,758,2,35539,0.74,No,480000,36,10.77,Branch,Completed,Approved,7.8,Disbursed,5.2,None,Paid,0,0,0,Regular
APP10783,2026-01-13,47,Male,Bengaluru,Salaried,50900,807,0,7618,0.51,No,280000,12,11.71,Website,Completed,Approved,5.3,Disbursed,3.6,None,Paid,0,0,0,Regular
APP10784,2026-07-23,44,Female,Jaipur,Self-Employed,41400,786,1,17793,0.65,No,70000,60,10.12,Mobile App,Completed,Rejected,11.0,Not Disbursed,,Credit Assessment,Not Applicable,0,0,0,Not Applicable
APP10785,2026-04-20,26,Male,Bengaluru,Professional,41100,715,2,17137,0.54,No,280000,60,11.74,Website,Completed,Approved,7.0,Disbursed,3.5,None,Paid,0,0,0,Regular
APP10786,2026-02-16,30,Female,Ahmedabad,Salaried,127600,757,2,56853,0.3,No,460000,24,11.63,Website,Completed,Approved,4.7,Disbursed,3.5,None,Paid,0,0,0,Regular
APP10787,2026-04-04,56,Other,Mumbai,Salaried,46400,745,0,17957,0.43,Yes,200000,36,10.82,Partner,Completed,Rejected,17.2,Not Disbursed,,Credit Assessment,Not Applicable,0,0,0,Not Applicable
APP10788,2026-09-18,52,Male,Kolkata,Professional,84900,689,1,20696,0.49,No,520000,60,8.69,Mobile App,Pending,Rejected,11.3,Not Disbursed,,None,Not Applicable,0,0,0,Not Applicable
APP10789,2026-01-26,27,Male,Hyderabad,Salaried,30000,733,1,11454,0.66,No,240000,24,11.6,Branch,Completed,Approved,13.3,Disbursed,3.2,None,Paid,0,0,0,Regular
APP10790,2026-01-30,36,Male,Ahmedabad,Professional,37400,738,1,12250,0.45,No,230000,48,10.03,Mobile App,Completed,Approved,4.7,Disbursed,2.4,None,Paid,0,0,0,Regular
APP10791,2026-06-25,39,Male,Pune,Salaried,90200,717,2,27617,0.34,No,420000,60,9.38,Mobile App,Completed,Approved,2.3,Disbursed,3.7,None,Paid,0,0,0,Regular
APP10792,2026-06-07,38,Female,Delhi,Salaried,62500,742,1,23579,0.43,No,600000,60,8.29,Website,Completed,Approved,6.4,Disbursed,2.6,None,Paid,0,0,0,Regular
APP10793,2026-01-15,33,Male,Kolkata,Professional,65400,720,1,28338,0.35,No,610000,18,9.84,Website,Completed,Approved,7.2,Disbursed,2.5,None,Paid,0,0,0,Regular
APP10794,2026-06-21,42,Male,Jaipur,Salaried,52700,808,0,22559,0.27,No,130000,12,8.73,Mobile App,Completed,Approved,4.1,Disbursed,3.6,None,Paid,0,0,0,Regular
APP10795,2026-07-25,28,Female,Bengaluru,Salaried,83100,810,1,20672,0.59,No,210000,36,9.19,Mobile App,Pending,Pending,14.8,Not Disbursed,,KYC,Not Applicable,0,0,0,Not Applicable
APP10796,2026-02-10,49,Male,Hyderabad,Professional,48000,815,3,6827,0.49,No,240000,12,8.44,Branch,Completed,Approved,9.6,Disbursed,3.9,None,Paid,0,0,0,Regular
APP10797,2026-06-21,57,Male,Bengaluru,Salaried,48000,752,0,3981,0.56,No,100000,60,10.45,Mobile App,Completed,Approved,5.1,Disbursed,3.8,None,Paid,0,0,0,Regular
APP10798,2026-04-26,43,Male,Kolkata,Self-Employed,89100,671,1,33228,0.13,No,260000,18,11.28,Mobile App,Completed,Approved,7.2,Disbursed,3.5,None,Paid,0,0,0,Regular
APP10799,2026-03-22,38,Male,Hyderabad,Salaried,66200,699,0,8439,0.31,No,550000,48,8.83,Mobile App,Completed,Pending,12.3,Not Disbursed,,Credit Assessment,Not Applicable,0,0,0,Not Applicable
APP10800,2026-02-02,21,Other,Lucknow,Salaried,53700,708,2,21083,0.29,No,240000,18,8.83,Partner,Completed,Approved,14.1,Disbursed,5.7,None,Paid,0,0,0,Regular
APP10801,2026-02-10,60,Female,Mumbai,Self-Employed,48300,728,0,19206,0.56,No,140000,48,11.69,Mobile App,Completed,Pending,12.2,Not Disbursed,,None,Not Applicable,0,0,0,Not Applicable
APP10802,2026-05-30,60,Female,Delhi,Salaried,47200,718,1,5254,0.57,No,220000,24,8.77,Mobile App,Completed,Approved,8.8,Disbursed,4.5,None,Bounce,1,1,1,Severe Delinquency
APP10803,2026-05-24,47,Female,Delhi,Salaried,37700,696,0,14189,0.41,No,340000,60,10.01,Website,Completed,Rejected,6.5,Not Disbursed,,Credit Assessment,Not Applicable,0,0,0,Not Applicable
APP10804,2026-05-24,58,Male,Bengaluru,Professional,77000,691,1,19431,0.44,No,420000,18,10.27,Partner,Completed,Pending,20.2,Not Disbursed,,None,Not Applicable,0,0,0,Not Applicable
APP10805,2026-01-12,42,Female,Chennai,Self-Employed,123900,724,3,44695,0.82,No,540000,12,8.88,Mobile App,Completed,Rejected,7.2,Not Disbursed,,Credit Assessment,Not Applicable,0,0,0,Not Applicable
APP10806,2026-01-29,37,Female,Ahmedabad,Salaried,86300,605,2,11561,0.56,No,600000,24,10.61,Mobile App,Completed,Rejected,8.1,Not Disbursed,,Credit Assessment,Not Applicable,0,0,0,Not Applicable
APP10807,2026-02-16,32,Male,Lucknow,Salaried,38200,790,1,16494,0.68,No,140000,48,9.82,Mobile App,Completed,Rejected,6.3,Not Disbursed,,Credit Assessment,Not Applicable,0,0,0,Not Applicable
APP10808,2026-04-04,31,Male,Bengaluru,Salaried,131700,728,3,39662,0.43,No,960000,60,11.7,Partner,Completed,Pending,22.0,Not Disbursed,,None,Not Applicable,0,0,0,Not Applicable
APP10809,2026-03-17,24,Female,Jaipur,Salaried,92000,798,1,24577,0.44,No,380000,48,11.79,Branch,Completed,Approved,12.6,Disbursed,3.0,None,Paid,0,0,0,Regular
APP10810,2026-02-07,52,Female,Pune,Salaried,68900,716,1,6714,0.47,No,780000,60,9.9,Mobile App,Completed,Rejected,6.4,Not Disbursed,,Credit Assessment,Not Applicable,0,0,0,Not Applicable
APP10811,2026-08-21,24,Male,Ahmedabad,Salaried,42900,814,1,14455,0.48,No,410000,36,8.73,Mobile App,Completed,Approved,9.9,Disbursed,1.6,None,Paid,0,0,0,Regular
APP10812,2026-08-15,22,Female,Hyderabad,Salaried,38300,717,0,15521,0.1,No,430000,12,11.57,Branch,Completed,Rejected,13.8,Not Disbursed,,Credit Assessment,Not Applicable,0,0,0,Not Applicable
APP10813,2026-08-18,22,Female,Jaipur,Salaried,147700,728,0,12380,0.49,No,1160000,12,9.99,Mobile App,Completed,Rejected,2.2,Not Disbursed,,Credit Assessment,Not Applicable,0,0,0,Not Applicable
APP10814,2026-02-12,60,Male,Bengaluru,Salaried,62700,694,1,10425,0.57,No,680000,18,9.09,Partner,Pending,Rejected,17.5,Not Disbursed,,KYC,Not Applicable,0,0,0,Not Applicable
APP10815,2026-06-01,59,Female,Chennai,Salaried,46000,794,3,9697,0.34,No,250000,36,10.66,Partner,Completed,Approved,11.6,Disbursed,5.1,None,Paid,0,0,0,Regular
APP10816,2026-02-12,32,Female,Kolkata,Salaried,76900,658,1,11687,0.28,No,220000,12,9.95,Mobile App,Completed,Approved,7.5,Disbursed,2.8,None,Paid,0,0,0,Regular
APP10817,2026-07-19,30,Female,Bengaluru,Self-Employed,47800,702,2,15735,0.24,No,110000,24,9.6,Branch,Completed,Approved,10.5,Disbursed,3.7,None,Paid,0,0,0,Regular
APP10818,2026-08-11,40,Male,Mumbai,Salaried,45000,726,2,14582,0.34,No,180000,36,10.9,Website,Completed,Approved,10.2,Disbursed,3.0,None,Paid,0,0,0,Regular
APP10819,2026-02-16,34,Female,Bengaluru,Salaried,73500,635,2,10792,0.53,Yes,390000,24,11.58,Mobile App,Completed,Rejected,14.3,Not Disbursed,,Credit Assessment,Not Applicable,0,0,0,Not Applicable
APP10820,2026-01-03,60,Female,Kolkata,Salaried,66400,652,1,17932,0.51,Yes,410000,36,10.75,Website,Completed,Approved,9.5,Not Disbursed,,Documentation,Not Applicable,0,0,0,Not Applicable
APP10821,2026-03-29,33,Male,Jaipur,Salaried,57300,702,1,21749,0.47,No,600000,12,11.0,Mobile App,Pending,Rejected,10.4,Not Disbursed,,None,Not Applicable,0,0,0,Not Applicable
APP10822,2026-02-12,57,Male,Mumbai,Salaried,42400,675,1,7221,0.47,No,320000,48,10.92,Mobile App,Completed,Approved,9.9,Disbursed,0.5,None,Paid,0,0,0,Regular
APP10823,2026-09-18,28,Male,Jaipur,Professional,126400,693,1,35935,0.5,No,540000,60,11.46,Mobile App,Completed,Approved,8.3,Disbursed,2.1,None,Paid,0,0,0,Regular
APP10824,2026-09-25,35,Female,Bengaluru,Salaried,94100,673,3,37868,0.37,No,540000,12,9.34,Website,Completed,Approved,8.5,Disbursed,2.3,None,Bounce,1,0,0,Watch
APP10825,2026-03-19,38,Female,Delhi,Salaried,52500,668,1,6350,0.59,No,380000,48,11.85,Mobile App,Completed,Approved,4.9,Not Disbursed,,Documentation,Not Applicable,0,0,0,Not Applicable
APP10826,2026-06-02,45,Female,Kolkata,Salaried,92900,736,1,22839,0.34,No,450000,24,11.55,Mobile App,Completed,Approved,3.3,Disbursed,2.9,None,Paid,0,0,0,Regular
APP10827,2026-05-26,58,Male,Mumbai,Salaried,61700,729,0,11888,0.66,No,420000,12,9.62,Website,Completed,Approved,7.3,Disbursed,2.7,None,Paid,0,0,0,Regular
APP10828,2026-09-21,25,Male,Pune,Self-Employed,31500,695,0,6522,0.53,No,230000,36,11.72,Mobile App,Completed,Approved,4.5,Disbursed,3.0,None,Paid,0,0,0,Regular
APP10829,2026-01-22,21,Female,Bengaluru,Salaried,30400,743,1,8555,0.4,No,250000,18,9.32,Website,Completed,Rejected,7.8,Not Disbursed,,Credit Assessment,Not Applicable,0,0,0,Not Applicable
APP10830,2026-06-26,40,Male,Jaipur,Salaried,77900,850,0,22181,0.13,Yes,810000,36,10.88,Mobile App,Completed,Rejected,6.2,Not Disbursed,,Credit Assessment,Not Applicable,0,0,0,Not Applicable
APP10831,2026-08-30,46,Female,Lucknow,Salaried,97000,735,1,37386,0.64,No,790000,36,8.65,Mobile App,Completed,Approved,4.4,Disbursed,3.0,None,Paid,0,0,0,Regular
APP10832,2026-06-26,23,Female,Pune,Salaried,27200,724,0,11784,0.45,No,290000,24,10.45,Mobile App,Pending,Rejected,10.1,Not Disbursed,,KYC,Not Applicable,0,0,0,Not Applicable
APP10833,2026-07-10,48,Male,Bengaluru,Salaried,51300,768,2,12967,0.47,No,410000,12,10.39,Partner,Completed,Approved,16.5,Disbursed,4.0,None,Paid,0,0,0,Regular
APP10834,2026-02-04,59,Female,Bengaluru,Salaried,76200,844,1,33429,0.36,No,430000,48,11.72,Mobile App,Completed,Approved,3.0,Disbursed,3.9,None,Paid,0,0,0,Regular
APP10835,2026-06-10,51,Female,Bengaluru,Salaried,53200,664,1,9106,0.33,No,420000,18,9.53,Branch,Completed,Rejected,14.2,Not Disbursed,,Credit Assessment,Not Applicable,0,0,0,Not Applicable
APP10836,2026-07-02,28,Other,Chennai,Salaried,64600,686,2,23617,0.32,No,460000,24,11.77,Mobile App,Completed,Rejected,7.9,Not Disbursed,,Credit Assessment,Not Applicable,0,0,0,Not Applicable
APP10837,2026-04-22,40,Female,Jaipur,Self-Employed,81000,751,1,23880,0.28,No,200000,48,9.69,Branch,Completed,Approved,9.3,Disbursed,4.6,None,Paid,0,0,0,Regular
APP10838,2026-02-02,25,Male,Pune,Self-Employed,57300,799,1,15312,0.66,No,230000,18,9.25,Mobile App,Completed,Approved,9.6,Disbursed,3.1,None,Paid,0,0,0,Regular
APP10839,2026-07-13,28,Female,Hyderabad,Salaried,76100,751,3,31975,0.61,No,440000,60,11.73,Mobile App,Completed,Approved,7.3,Disbursed,2.1,None,Paid,0,0,0,Regular
APP10840,2026-06-24,58,Male,Lucknow,Professional,72800,733,2,30848,0.39,No,670000,48,9.92,Website,Completed,Rejected,9.8,Not Disbursed,,Credit Assessment,Not Applicable,0,0,0,Not Applicable
APP10841,2026-08-23,57,Female,Pune,Self-Employed,68200,758,2,25611,0.54,No,300000,60,10.33,Mobile App,Pending,Pending,14.2,Not Disbursed,,KYC,Not Applicable,0,0,0,Not Applicable
APP10842,2026-02-07,49,Female,Chennai,Self-Employed,86100,694,2,41312,0.4,Yes,210000,36,11.8,Branch,Completed,Approved,8.9,Disbursed,4.1,None,Paid,0,0,0,Regular
APP10843,2026-09-25,40,Male,Pune,Salaried,97600,787,1,28775,0.29,No,1020000,24,8.42,Mobile App,Completed,Approved,1.0,Disbursed,3.0,None,Paid,0,0,0,Regular
APP10844,2026-03-27,32,Male,Mumbai,Salaried,55500,753,1,9487,0.62,No,270000,24,11.33,Branch,Completed,Rejected,11.8,Not Disbursed,,Credit Assessment,Not Applicable,0,0,0,Not Applicable
APP10845,2026-03-04,49,Male,Mumbai,Salaried,121200,655,1,46874,0.35,No,790000,36,9.79,Mobile App,Pending,Approved,11.3,Disbursed,2.8,None,Paid,0,0,0,Regular
APP10846,2026-05-26,36,Male,Delhi,Salaried,117300,762,2,43300,0.41,No,450000,12,9.31,Partner,Completed,Approved,14.4,Disbursed,5.5,None,Paid,0,0,0,Regular
APP10847,2026-01-04,29,Female,Ahmedabad,Salaried,33200,776,1,7313,0.23,No,410000,48,10.51,Branch,Completed,Approved,13.6,Disbursed,3.4,None,Paid,0,0,0,Regular
APP10848,2026-09-18,55,Female,Kolkata,Salaried,63600,818,2,17347,0.5,No,390000,12,11.64,Branch,Completed,Approved,11.1,Disbursed,4.4,None,Paid,0,0,0,Regular
APP10849,2026-02-23,51,Male,Ahmedabad,Salaried,28700,720,1,5940,0.28,No,230000,24,10.49,Partner,Completed,Pending,21.0,Not Disbursed,,Credit Assessment,Not Applicable,0,0,0,Not Applicable
APP10850,2026-03-10,50,Male,Chennai,Salaried,33700,787,1,6008,0.85,Yes,230000,48,11.73,Branch,Completed,Approved,12.4,Disbursed,5.3,None,Paid,0,0,0,Regular
APP10851,2026-05-23,53,Male,Hyderabad,Salaried,70600,667,1,26395,0.62,No,190000,36,12.81,Website,Completed,Rejected,8.8,Not Disbursed,,Credit Assessment,Not Applicable,0,0,0,Not Applicable
APP10852,2026-02-24,53,Female,Hyderabad,Professional,74400,720,1,14999,0.74,No,480000,24,11.03,Partner,Completed,Approved,14.1,Disbursed,5.4,None,Paid,0,0,0,Regular
APP10853,2026-01-07,38,Male,Mumbai,Salaried,127800,597,2,26333,0.38,No,910000,60,12.95,Branch,Completed,Approved,17.0,Disbursed,2.7,None,Bounce,1,0,0,Watch
APP10854,2026-01-11,28,Male,Chennai,Salaried,39500,769,1,6989,0.46,No,270000,48,8.23,Mobile App,Completed,Approved,2.1,Disbursed,3.5,None,Paid,0,0,0,Regular
APP10855,2026-03-19,52,Male,Hyderabad,Salaried,40700,769,1,4390,0.63,No,260000,18,10.98,Partner,Completed,Approved,20.1,Disbursed,6.1,None,Paid,0,0,0,Regular
APP10856,2026-08-09,37,Male,Lucknow,Salaried,37200,752,2,7390,0.17,Yes,290000,18,8.4,Partner,Completed,Approved,11.9,Disbursed,5.1,None,Paid,0,0,0,Regular
APP10857,2026-06-10,45,Female,Ahmedabad,Salaried,58700,747,3,24551,0.56,Yes,330000,36,8.12,Branch,Completed,Approved,9.9,Disbursed,3.4,None,Bounce,1,1,0,Intensive Follow-up
APP10858,2026-07-19,27,Male,Bengaluru,Salaried,27900,774,2,3984,0.57,No,180000,36,9.98,Website,Completed,Pending,12.7,Not Disbursed,,None,Not Applicable,0,0,0,Not Applicable
APP10859,2026-05-31,32,Female,Hyderabad,Salaried,136000,762,1,51526,0.61,Yes,630000,18,11.43,Partner,Completed,Rejected,16.7,Not Disbursed,,Credit Assessment,Not Applicable,0,0,0,Not Applicable
APP10860,2026-07-12,29,Female,Bengaluru,Salaried,50100,648,2,8038,0.43,No,460000,24,11.91,Mobile App,Completed,Pending,12.2,Not Disbursed,,None,Not Applicable,0,0,0,Not Applicable
APP10861,2026-03-09,34,Male,Kolkata,Salaried,48500,712,1,12236,0.53,Yes,370000,18,8.58,Partner,Completed,Approved,14.0,Disbursed,3.3,None,Paid,0,0,0,Regular
APP10862,2026-04-20,57,Male,Chennai,Professional,79400,760,0,18238,0.43,No,480000,36,9.85,Mobile App,Completed,Approved,6.7,Disbursed,0.9,None,Paid,0,0,0,Regular
APP10863,2026-09-28,24,Male,Jaipur,Salaried,45200,748,3,15199,0.61,No,340000,48,11.73,Website,Completed,Approved,6.4,Disbursed,3.1,None,Paid,0,0,0,Regular
APP10864,2026-04-13,33,Female,Bengaluru,Self-Employed,43500,600,2,13770,0.66,No,290000,36,13.37,Mobile App,Completed,Rejected,12.3,Not Disbursed,,Credit Assessment,Not Applicable,0,0,0,Not Applicable
APP10865,2026-02-16,52,Male,Bengaluru,Professional,46800,850,1,4101,0.41,No,290000,36,8.49,Partner,Completed,Approved,11.5,Disbursed,5.7,None,Paid,0,0,0,Regular
APP10866,2026-07-18,28,Female,Mumbai,Salaried,38300,736,1,10071,0.34,No,240000,48,8.04,Website,Completed,Rejected,5.7,Not Disbursed,,Credit Assessment,Not Applicable,0,0,0,Not Applicable
APP10867,2026-02-19,42,Female,Delhi,Professional,102800,733,2,15291,0.7,No,620000,60,10.09,Website,Completed,Approved,9.7,Disbursed,2.0,None,Paid,0,0,0,Regular
APP10868,2026-07-12,26,Female,Lucknow,Salaried,48000,744,0,9329,0.53,No,420000,12,11.77,Website,Completed,Approved,7.1,Disbursed,2.2,None,Paid,0,0,0,Regular
APP10869,2026-09-20,59,Male,Hyderabad,Salaried,174000,746,1,17690,0.65,No,1200000,60,9.79,Mobile App,Completed,Rejected,8.3,Not Disbursed,,Credit Assessment,Not Applicable,0,0,0,Not Applicable
APP10870,2026-03-13,39,Male,Bengaluru,Professional,50400,695,2,19397,0.29,No,330000,18,10.71,Mobile App,Completed,Approved,3.5,Disbursed,2.4,None,Bounce,1,1,0,Intensive Follow-up
APP10871,2026-04-13,42,Female,Delhi,Self-Employed,180100,788,2,34934,0.46,No,1110000,48,11.93,Mobile App,Completed,Approved,5.6,Disbursed,4.7,None,Paid,0,0,0,Regular
APP10872,2026-04-23,29,Male,Kolkata,Salaried,75900,799,3,30382,0.34,No,350000,24,11.41,Mobile App,Completed,Pending,10.0,Not Disbursed,,None,Not Applicable,0,0,0,Not Applicable
APP10873,2026-02-21,40,Female,Mumbai,Salaried,36300,715,0,16107,0.56,No,160000,24,11.1,Mobile App,Completed,Approved,3.2,Disbursed,3.1,None,Paid,0,0,0,Regular
APP10874,2026-05-19,29,Male,Bengaluru,Salaried,135900,682,2,37790,0.47,No,1200000,48,11.92,Mobile App,Completed,Pending,10.9,Not Disbursed,,None,Not Applicable,0,0,0,Not Applicable
APP10875,2026-07-13,39,Male,Delhi,Self-Employed,65000,685,3,11068,0.52,No,360000,18,10.89,Mobile App,Completed,Approved,5.7,Disbursed,3.1,None,Paid,0,0,0,Regular
APP10876,2026-02-11,28,Female,Chennai,Self-Employed,51300,754,1,15015,0.55,No,470000,24,10.12,Branch,Completed,Approved,10.5,Disbursed,3.8,None,Paid,0,0,0,Regular
APP10877,2026-02-16,50,Female,Kolkata,Salaried,28500,665,0,10782,0.42,No,170000,48,9.74,Branch,Completed,Approved,18.9,Disbursed,4.6,None,Bounce,1,1,1,Severe Delinquency
APP10878,2026-01-30,44,Female,Hyderabad,Salaried,69400,682,1,21249,0.37,No,440000,18,9.57,Mobile App,Completed,Pending,8.0,Not Disbursed,,Credit Assessment,Not Applicable,0,0,0,Not Applicable
APP10879,2026-08-01,24,Other,Pune,Salaried,43300,751,1,4897,0.35,No,570000,36,8.18,Website,Completed,Approved,7.0,Disbursed,1.8,None,Paid,0,0,0,Regular
APP10880,2026-04-25,27,Male,Kolkata,Professional,37100,828,1,6515,0.3,No,200000,48,9.35,Partner,Completed,Approved,16.1,Disbursed,4.5,None,Paid,0,0,0,Regular
APP10881,2026-08-29,31,Male,Mumbai,Salaried,31900,645,2,9714,0.54,Yes,50000,12,13.4,Partner,Pending,Approved,27.8,Not Disbursed,,KYC,Not Applicable,0,0,0,Not Applicable
APP10882,2026-07-07,30,Female,Pune,Self-Employed,111900,750,1,13946,0.62,No,610000,36,11.14,Partner,Completed,Approved,17.4,Disbursed,4.8,None,Bounce,1,0,0,Watch
APP10883,2026-08-22,50,Male,Jaipur,Salaried,39000,778,2,8148,0.69,No,200000,48,9.04,Partner,Completed,Pending,18.8,Not Disbursed,,None,Not Applicable,0,0,0,Not Applicable
APP10884,2026-01-05,51,Female,Ahmedabad,Self-Employed,45200,738,3,21168,0.23,No,270000,24,8.87,Branch,Completed,Approved,10.5,Disbursed,5.0,None,Bounce,1,0,0,Watch
APP10885,2026-02-08,44,Female,Jaipur,Self-Employed,78800,709,0,24381,0.57,No,640000,48,11.48,Branch,Completed,Approved,11.7,Disbursed,5.0,None,Paid,0,0,0,Regular
APP10886,2026-06-16,41,Male,Mumbai,Salaried,49300,666,2,16442,0.31,No,270000,60,9.15,Website,Completed,Pending,14.3,Not Disbursed,,Credit Assessment,Not Applicable,0,0,0,Not Applicable
APP10887,2026-03-12,28,Male,Hyderabad,Professional,42200,808,0,15668,0.41,No,80000,24,10.18,Mobile App,Completed,Rejected,6.0,Not Disbursed,,Credit Assessment,Not Applicable,0,0,0,Not Applicable
APP10888,2026-08-11,25,Male,Ahmedabad,Salaried,36700,671,1,7571,0.41,No,190000,60,12.01,Mobile App,Completed,Approved,8.8,Disbursed,4.0,None,Paid,0,0,0,Regular
APP10889,2026-04-21,44,Male,Kolkata,Self-Employed,53600,787,2,8181,0.33,No,260000,60,8.39,Mobile App,Completed,Rejected,2.0,Not Disbursed,,Credit Assessment,Not Applicable,0,0,0,Not Applicable
APP10890,2026-01-24,41,Female,Pune,Salaried,46400,746,2,17564,0.2,No,220000,36,9.79,Mobile App,Completed,Approved,7.0,Disbursed,1.8,None,Paid,0,0,0,Regular
APP10891,2026-09-01,48,Female,Mumbai,Salaried,143100,757,3,56005,0.31,No,490000,36,10.43,Mobile App,Completed,Approved,4.0,Disbursed,3.2,None,Paid,0,0,0,Regular
APP10892,2026-08-31,47,Male,Mumbai,Self-Employed,67600,805,1,6847,0.35,No,380000,12,8.8,Partner,Completed,Rejected,15.2,Not Disbursed,,Credit Assessment,Not Applicable,0,0,0,Not Applicable
APP10893,2026-01-15,47,Male,Chennai,Salaried,24600,701,2,9914,0.37,No,190000,36,9.34,Branch,Completed,Approved,11.9,Disbursed,5.6,None,Paid,0,0,0,Regular
APP10894,2026-05-31,54,Female,Bengaluru,Salaried,23700,694,0,2829,0.59,No,250000,36,9.15,Mobile App,Completed,Rejected,4.8,Not Disbursed,,Credit Assessment,Not Applicable,0,0,0,Not Applicable
APP10895,2026-02-18,55,Female,Hyderabad,Salaried,60500,744,0,23544,0.71,No,80000,18,11.99,Mobile App,Completed,Approved,3.5,Disbursed,4.3,None,Paid,0,0,0,Regular
APP10896,2026-05-30,38,Female,Kolkata,Salaried,72200,717,2,34005,0.23,No,320000,12,10.39,Website,Completed,Rejected,5.9,Not Disbursed,,Credit Assessment,Not Applicable,0,0,0,Not Applicable
APP10897,2026-06-16,34,Female,Ahmedabad,Salaried,92200,815,2,17441,0.39,No,940000,12,9.04,Mobile App,Completed,Rejected,5.3,Not Disbursed,,Credit Assessment,Not Applicable,0,0,0,Not Applicable
APP10898,2026-08-08,31,Male,Lucknow,Self-Employed,94800,638,0,15471,0.33,No,390000,12,9.88,Mobile App,Completed,Approved,7.1,Disbursed,3.3,None,Paid,0,0,0,Regular
APP10899,2026-09-11,48,Male,Ahmedabad,Salaried,47000,818,0,20754,0.37,No,230000,12,11.97,Partner,Completed,Approved,12.1,Disbursed,2.8,None,Paid,0,0,0,Regular
APP10900,2026-06-28,47,Male,Mumbai,Salaried,61100,777,0,8771,0.29,Yes,320000,24,11.83,Partner,Completed,Approved,16.0,Disbursed,4.4,None,Bounce,1,1,0,Intensive Follow-up
APP10901,2026-04-26,36,Female,Mumbai,Professional,44500,810,0,9016,0.6,No,70000,24,11.42,Mobile App,Completed,Rejected,3.1,Not Disbursed,,Credit Assessment,Not Applicable,0,0,0,Not Applicable
APP10902,2026-03-04,58,Male,Jaipur,Self-Employed,25500,736,0,10297,0.38,No,230000,18,8.51,Website,Completed,Approved,4.9,Disbursed,4.4,None,Paid,0,0,0,Regular
APP10903,2026-05-18,38,Male,Delhi,Salaried,61400,694,1,24780,0.35,Yes,220000,36,11.08,Mobile App,Completed,Approved,2.7,Disbursed,3.3,None,Bounce,1,1,1,Severe Delinquency
APP10904,2026-01-14,57,Female,Ahmedabad,Salaried,34400,744,2,7426,0.09,No,270000,24,11.56,Mobile App,Completed,Pending,9.5,Not Disbursed,,None,Not Applicable,0,0,0,Not Applicable
APP10905,2026-02-18,48,Female,Pune,Salaried,58700,762,0,23691,0.39,No,250000,60,9.08,Branch,Completed,Approved,11.2,Not Disbursed,,Documentation,Not Applicable,0,0,0,Not Applicable
APP10906,2026-06-14,29,Female,Delhi,Salaried,62900,658,1,19873,0.4,No,590000,24,12.04,Partner,Completed,Approved,20.3,Disbursed,5.2,None,Paid,0,0,0,Regular
APP10907,2026-05-29,55,Male,Lucknow,Salaried,82500,678,1,24139,0.76,No,550000,48,12.68,Mobile App,Completed,Approved,12.2,Disbursed,1.3,None,Paid,0,0,0,Regular
APP10908,2026-03-28,38,Female,Jaipur,Salaried,55700,628,1,15615,0.65,No,470000,18,11.29,Branch,Completed,Approved,14.9,Disbursed,3.7,None,Paid,0,0,0,Regular
APP10909,2026-05-09,34,Male,Chennai,Self-Employed,25200,755,2,6543,0.43,No,130000,60,11.52,Mobile App,Completed,Pending,6.9,Not Disbursed,,Credit Assessment,Not Applicable,0,0,0,Not Applicable
APP10910,2026-06-25,21,Female,Bengaluru,Self-Employed,42000,759,0,15606,0.32,No,210000,36,11.31,Mobile App,Completed,Approved,8.1,Not Disbursed,,Documentation,Not Applicable,0,0,0,Not Applicable
APP10911,2026-04-24,24,Male,Chennai,Salaried,34500,824,1,10604,0.69,No,200000,18,9.53,Mobile App,Completed,Approved,7.7,Disbursed,4.6,None,Paid,0,0,0,Regular
APP10912,2026-03-30,21,Male,Kolkata,Professional,54400,629,2,22135,0.53,No,470000,36,10.62,Mobile App,Completed,Pending,15.4,Not Disbursed,,Credit Assessment,Not Applicable,0,0,0,Not Applicable
APP10913,2026-07-19,48,Female,Kolkata,Self-Employed,128000,740,2,36075,0.34,Yes,1180000,12,9.4,Mobile App,Pending,Rejected,10.8,Not Disbursed,,None,Not Applicable,0,0,0,Not Applicable
APP10914,2026-02-05,39,Female,Pune,Salaried,50700,643,3,23367,0.5,No,360000,48,11.43,Mobile App,Completed,Rejected,10.4,Not Disbursed,,Credit Assessment,Not Applicable,0,0,0,Not Applicable
APP10915,2026-07-19,42,Female,Jaipur,Salaried,54400,627,1,22109,0.6,No,200000,12,12.15,Mobile App,Completed,Approved,12.0,Disbursed,2.2,None,Paid,0,0,0,Regular
APP10916,2026-06-10,49,Male,Mumbai,Salaried,48300,758,2,7020,0.58,No,90000,24,9.93,Branch,Completed,Approved,11.6,Disbursed,3.9,None,Paid,0,0,0,Regular
APP10917,2026-05-31,38,Female,Kolkata,Self-Employed,21600,711,1,7970,0.38,No,70000,36,9.07,Website,Completed,Rejected,6.4,Not Disbursed,,Credit Assessment,Not Applicable,0,0,0,Not Applicable
APP10918,2026-06-02,53,Male,Jaipur,Salaried,66600,817,0,13987,0.11,No,340000,36,11.53,Branch,Completed,Approved,16.2,Disbursed,3.5,None,Paid,0,0,0,Regular
APP10919,2026-08-08,26,Male,Jaipur,Self-Employed,134300,647,1,39409,0.73,No,520000,36,9.59,Mobile App,Completed,Pending,18.5,Not Disbursed,,None,Not Applicable,0,0,0,Not Applicable
APP10920,2026-05-24,23,Female,Pune,Salaried,120600,755,2,35313,0.45,No,930000,12,11.1,Mobile App,Completed,Approved,6.2,Disbursed,1.2,None,Paid,0,0,0,Regular
APP10921,2026-07-24,60,Female,Jaipur,Salaried,67100,793,1,25437,0.17,Yes,440000,24,8.1,Mobile App,Completed,Approved,7.7,Disbursed,1.6,None,Paid,0,0,0,Regular
APP10922,2026-02-01,41,Male,Chennai,Self-Employed,114200,659,1,28379,0.49,No,930000,12,12.27,Website,Completed,Approved,11.6,Disbursed,4.0,None,Paid,0,0,0,Regular
APP10923,2026-06-15,46,Male,Lucknow,Professional,170300,746,2,33312,0.34,No,1200000,48,11.86,Website,Pending,Rejected,17.0,Not Disbursed,,KYC,Not Applicable,0,0,0,Not Applicable
APP10924,2026-05-02,34,Male,Pune,Salaried,37500,638,2,13349,0.61,Yes,250000,60,13.47,Mobile App,Completed,Rejected,9.4,Not Disbursed,,Credit Assessment,Not Applicable,0,0,0,Not Applicable
APP10925,2026-09-20,40,Male,Lucknow,Self-Employed,34500,731,2,17172,0.39,No,70000,18,10.97,Website,Completed,Approved,9.3,Disbursed,5.0,None,Paid,0,0,0,Regular
APP10926,2026-01-27,38,Male,Pune,Self-Employed,110900,850,1,38608,0.36,No,700000,60,8.41,Branch,Completed,Approved,11.8,Disbursed,4.1,None,Paid,0,0,0,Regular
APP10927,2026-01-17,37,Male,Lucknow,Professional,189400,687,1,80989,0.43,No,810000,18,10.73,Branch,Completed,Approved,13.0,Disbursed,4.7,None,Paid,0,0,0,Regular
APP10928,2026-08-28,25,Female,Kolkata,Salaried,61500,739,2,15419,0.14,No,510000,48,10.53,Branch,Completed,Rejected,12.1,Not Disbursed,,Credit Assessment,Not Applicable,0,0,0,Not Applicable
APP10929,2026-05-18,26,Female,Jaipur,Salaried,49800,709,1,14256,0.1,No,170000,12,9.09,Branch,Completed,Pending,17.6,Not Disbursed,,None,Not Applicable,0,0,0,Not Applicable
APP10930,2026-07-28,59,Female,Bengaluru,Salaried,42100,850,1,6151,0.42,No,160000,24,10.39,Branch,Completed,Rejected,9.3,Not Disbursed,,Credit Assessment,Not Applicable,0,0,0,Not Applicable
APP10931,2026-06-07,58,Female,Bengaluru,Professional,52700,798,0,12114,0.53,No,200000,36,8.17,Mobile App,Completed,Pending,9.6,Not Disbursed,,None,Not Applicable,0,0,0,Not Applicable
APP10932,2026-07-09,43,Female,Kolkata,Salaried,105700,786,1,19343,0.13,Yes,410000,48,9.11,Branch,Completed,Approved,14.0,Disbursed,1.3,None,Paid,0,0,0,Regular
APP10933,2026-03-26,46,Female,Pune,Professional,47800,648,2,16566,0.47,Yes,260000,60,13.28,Branch,Completed,Approved,14.0,Disbursed,4.4,None,Paid,0,0,0,Regular
APP10934,2026-09-02,57,Male,Mumbai,Salaried,122900,814,1,37583,0.57,No,1030000,48,11.46,Mobile App,Completed,Approved,3.1,Disbursed,2.3,None,Paid,0,0,0,Regular
APP10935,2026-02-13,46,Male,Ahmedabad,Self-Employed,52500,723,0,8999,0.48,No,300000,48,8.62,Partner,Completed,Approved,13.7,Disbursed,3.9,None,Paid,0,0,0,Regular
APP10936,2026-05-26,29,Female,Mumbai,Salaried,34200,728,1,7784,0.26,No,440000,24,10.92,Branch,Completed,Rejected,10.1,Not Disbursed,,Credit Assessment,Not Applicable,0,0,0,Not Applicable
APP10937,2026-03-19,57,Female,Hyderabad,Salaried,54800,705,1,16376,0.18,No,290000,18,8.52,Website,Completed,Rejected,6.9,Not Disbursed,,Credit Assessment,Not Applicable,0,0,0,Not Applicable
APP10938,2026-07-09,32,Female,Pune,Salaried,21000,743,2,7551,0.34,No,320000,48,9.61,Mobile App,Completed,Rejected,4.0,Not Disbursed,,Credit Assessment,Not Applicable,0,0,0,Not Applicable
APP10939,2026-06-07,29,Male,Delhi,Salaried,41500,691,0,17699,0.28,No,370000,60,10.54,Mobile App,Completed,Pending,9.6,Not Disbursed,,Credit Assessment,Not Applicable,0,0,0,Not Applicable
APP10940,2026-06-20,28,Male,Chennai,Salaried,36500,730,1,3092,0.58,No,220000,24,11.33,Branch,Completed,Approved,11.3,Disbursed,4.5,None,Paid,0,0,0,Regular
APP10941,2026-03-07,58,Male,Delhi,Salaried,55800,699,2,23985,0.68,No,320000,48,11.52,Website,Completed,Approved,5.5,Disbursed,0.6,None,Paid,0,0,0,Regular
APP10942,2026-06-30,41,Other,Mumbai,Self-Employed,53200,786,0,16654,0.23,No,530000,12,9.53,Branch,Completed,Approved,7.2,Disbursed,5.4,None,Paid,0,0,0,Regular
APP10943,2026-01-07,37,Female,Delhi,Salaried,34700,676,1,13499,0.28,No,200000,18,11.75,Branch,Completed,Approved,12.8,Disbursed,3.4,None,Bounce,1,1,0,Intensive Follow-up
APP10944,2026-05-23,41,Male,Delhi,Salaried,66700,649,0,19861,0.44,No,380000,18,11.93,Mobile App,Completed,Pending,11.2,Not Disbursed,,None,Not Applicable,0,0,0,Not Applicable
APP10945,2026-05-15,22,Male,Jaipur,Salaried,37000,654,3,10041,0.32,No,60000,18,12.72,Website,Completed,Approved,11.6,Disbursed,5.2,None,Paid,0,0,0,Regular
APP10946,2026-04-24,53,Male,Mumbai,Self-Employed,91800,807,1,41052,0.52,No,750000,48,8.32,Website,Completed,Approved,9.2,Disbursed,1.4,None,Paid,0,0,0,Regular
APP10947,2026-06-10,33,Male,Bengaluru,Self-Employed,49600,665,1,10261,0.46,No,140000,60,10.0,Website,Completed,Approved,6.8,Disbursed,3.4,None,Paid,0,0,0,Regular
APP10948,2026-06-23,51,Male,Ahmedabad,Salaried,30000,713,0,3029,0.07,No,250000,18,11.06,Mobile App,Completed,Pending,8.8,Not Disbursed,,None,Not Applicable,0,0,0,Not Applicable
APP10949,2026-09-22,57,Female,Ahmedabad,Self-Employed,50000,749,0,10721,0.24,No,110000,24,9.61,Branch,Completed,Approved,14.4,Disbursed,4.6,None,Paid,0,0,0,Regular
APP10950,2026-04-21,42,Male,Mumbai,Salaried,30600,732,1,10724,0.42,No,70000,12,10.35,Mobile App,Completed,Approved,4.2,Not Disbursed,,Documentation,Not Applicable,0,0,0,Not Applicable
APP10951,2026-01-22,58,Female,Bengaluru,Salaried,92100,787,2,23524,0.31,No,400000,36,8.2,Mobile App,Completed,Approved,7.3,Disbursed,2.0,None,Paid,0,0,0,Regular
APP10952,2026-02-16,55,Female,Bengaluru,Professional,39100,813,1,6857,0.38,No,230000,24,8.5,Partner,Completed,Pending,17.3,Not Disbursed,,Credit Assessment,Not Applicable,0,0,0,Not Applicable
APP10953,2026-07-14,22,Male,Delhi,Self-Employed,61600,611,2,27273,0.84,No,240000,48,10.23,Mobile App,Completed,Approved,11.0,Disbursed,2.8,None,Paid,0,0,0,Regular
APP10954,2026-04-28,47,Female,Kolkata,Self-Employed,42600,722,1,5839,0.75,No,450000,12,10.72,Mobile App,Completed,Approved,5.6,Disbursed,4.5,None,Paid,0,0,0,Regular
APP10955,2026-06-13,26,Female,Delhi,Salaried,26600,710,1,5102,0.5,No,160000,12,10.98,Website,Completed,Pending,13.7,Not Disbursed,,Credit Assessment,Not Applicable,0,0,0,Not Applicable
APP10956,2026-08-24,50,Male,Chennai,Self-Employed,22200,683,1,9698,0.72,No,50000,24,10.32,Website,Completed,Approved,7.4,Disbursed,5.1,None,Paid,0,0,0,Regular
APP10957,2026-03-15,21,Female,Ahmedabad,Salaried,39900,670,1,13984,0.3,Yes,290000,48,11.76,Branch,Completed,Approved,13.4,Disbursed,5.4,None,Paid,0,0,0,Regular
APP10958,2026-05-02,59,Male,Pune,Self-Employed,28700,731,1,11519,0.55,No,220000,36,10.49,Partner,Completed,Rejected,14.9,Not Disbursed,,Credit Assessment,Not Applicable,0,0,0,Not Applicable
APP10959,2026-09-26,31,Female,Jaipur,Professional,62200,797,2,13871,0.62,No,180000,18,8.6,Mobile App,Completed,Approved,4.4,Disbursed,2.6,None,Paid,0,0,0,Regular
APP10960,2026-05-26,59,Female,Ahmedabad,Salaried,47300,817,1,10592,0.34,No,190000,48,11.94,Branch,Completed,Approved,13.3,Disbursed,6.1,None,Paid,0,0,0,Regular
APP10961,2026-09-02,34,Male,Bengaluru,Self-Employed,47900,752,2,14511,0.32,No,360000,60,8.11,Branch,Pending,Pending,24.3,Not Disbursed,,None,Not Applicable,0,0,0,Not Applicable
APP10962,2026-08-11,49,Female,Jaipur,Salaried,20300,704,2,8619,0.51,No,110000,36,10.21,Mobile App,Completed,Approved,9.9,Disbursed,3.7,None,Paid,0,0,0,Regular
APP10963,2026-02-06,44,Male,Kolkata,Salaried,28700,833,0,2442,0.68,No,220000,24,9.13,Mobile App,Completed,Pending,12.4,Not Disbursed,,None,Not Applicable,0,0,0,Not Applicable
APP10964,2026-06-11,49,Female,Lucknow,Salaried,59200,666,2,20197,0.39,No,360000,48,12.34,Partner,Completed,Approved,17.5,Disbursed,4.2,None,Paid,0,0,0,Regular
APP10965,2026-02-23,21,Male,Lucknow,Self-Employed,63600,734,2,11270,0.32,No,620000,18,9.32,Mobile App,Completed,Rejected,7.7,Not Disbursed,,Credit Assessment,Not Applicable,0,0,0,Not Applicable
APP10966,2026-09-16,39,Male,Chennai,Salaried,35200,850,1,4606,0.5,No,420000,36,10.78,Branch,Completed,Rejected,10.1,Not Disbursed,,Credit Assessment,Not Applicable,0,0,0,Not Applicable
APP10967,2026-05-19,25,Male,Jaipur,Salaried,49400,812,2,24198,0.51,No,390000,60,9.57,Website,Completed,Approved,8.0,Disbursed,2.4,None,Paid,0,0,0,Regular
APP10968,2026-01-04,41,Male,Ahmedabad,Salaried,71000,771,1,5777,0.31,No,710000,12,8.4,Mobile App,Completed,Approved,7.3,Disbursed,3.3,None,Paid,0,0,0,Regular
APP10969,2026-01-03,41,Female,Chennai,Self-Employed,69900,754,0,30085,0.42,No,530000,12,8.03,Mobile App,Pending,Pending,18.0,Not Disbursed,,KYC,Not Applicable,0,0,0,Not Applicable
APP10970,2026-04-14,45,Male,Chennai,Salaried,81000,786,1,14133,0.5,No,440000,12,8.81,Mobile App,Completed,Approved,3.7,Disbursed,3.1,None,Paid,0,0,0,Regular
APP10971,2026-04-25,47,Male,Kolkata,Salaried,76100,720,1,23608,0.47,No,450000,36,8.12,Partner,Completed,Approved,13.8,Disbursed,3.0,None,Paid,0,0,0,Regular
APP10972,2026-07-05,59,Male,Hyderabad,Self-Employed,28200,745,0,10850,0.23,No,260000,48,9.56,Mobile App,Completed,Approved,4.5,Disbursed,6.0,None,Paid,0,0,0,Regular
APP10973,2026-01-01,38,Male,Hyderabad,Salaried,75300,714,2,37195,0.24,No,310000,24,8.79,Branch,Completed,Rejected,16.0,Not Disbursed,,Credit Assessment,Not Applicable,0,0,0,Not Applicable
APP10974,2026-08-12,60,Female,Bengaluru,Self-Employed,43900,850,0,8907,0.25,No,440000,24,9.84,Partner,Completed,Approved,15.2,Disbursed,3.5,None,Paid,0,0,0,Regular
APP10975,2026-08-08,60,Female,Delhi,Self-Employed,92300,759,0,11794,0.42,No,720000,48,8.12,Mobile App,Completed,Approved,5.2,Disbursed,3.8,None,Paid,0,0,0,Regular
APP10976,2026-09-29,44,Male,Kolkata,Self-Employed,69700,805,0,10986,0.47,No,400000,18,11.69,Mobile App,Completed,Approved,3.4,Disbursed,3.4,None,Paid,0,0,0,Regular
APP10977,2026-01-29,26,Male,Jaipur,Salaried,59800,722,2,28304,0.08,No,430000,12,8.14,Website,Completed,Approved,9.5,Disbursed,5.1,None,Paid,0,0,0,Regular
APP10978,2026-01-21,48,Female,Hyderabad,Professional,85800,720,1,32576,0.23,No,600000,36,11.37,Mobile App,Completed,Approved,4.7,Disbursed,0.5,None,Paid,0,0,0,Regular
APP10979,2026-01-09,34,Male,Delhi,Salaried,28300,708,0,12605,0.34,No,270000,18,10.98,Mobile App,Completed,Approved,9.1,Disbursed,3.1,None,Paid,0,0,0,Regular
APP10980,2026-02-20,46,Female,Pune,Salaried,65200,747,1,20463,0.2,No,300000,18,10.04,Partner,Pending,Pending,23.6,Not Disbursed,,None,Not Applicable,0,0,0,Not Applicable
APP10981,2026-09-19,29,Male,Mumbai,Salaried,49500,745,0,4631,0.56,No,370000,18,10.65,Mobile App,Completed,Approved,1.1,Disbursed,2.3,None,Paid,0,0,0,Regular
APP10982,2026-02-21,48,Male,Lucknow,Professional,84500,690,1,22737,0.24,No,430000,18,11.66,Mobile App,Completed,Rejected,6.2,Not Disbursed,,Credit Assessment,Not Applicable,0,0,0,Not Applicable
APP10983,2026-02-02,34,Female,Chennai,Salaried,35700,675,1,9176,0.47,No,340000,24,10.13,Mobile App,Completed,Approved,10.2,Disbursed,2.5,None,Paid,0,0,0,Regular
APP10984,2026-06-04,51,Male,Delhi,Self-Employed,33300,729,0,12757,0.67,No,240000,36,11.22,Mobile App,Completed,Approved,2.6,Disbursed,5.0,None,Paid,0,0,0,Regular
APP10985,2026-04-17,38,Female,Jaipur,Salaried,48300,775,3,10423,0.46,No,340000,12,11.47,Branch,Completed,Approved,12.8,Disbursed,4.2,None,Paid,0,0,0,Regular
APP10986,2026-06-05,43,Male,Ahmedabad,Salaried,66500,772,0,11066,0.2,No,650000,12,10.57,Partner,Completed,Pending,17.5,Not Disbursed,,None,Not Applicable,0,0,0,Not Applicable
APP10987,2026-06-26,35,Female,Hyderabad,Salaried,155300,681,2,51077,0.16,Yes,910000,18,11.75,Mobile App,Completed,Pending,8.9,Not Disbursed,,None,Not Applicable,0,0,0,Not Applicable
APP10988,2026-02-20,57,Female,Hyderabad,Self-Employed,103700,679,2,29776,0.31,No,700000,12,9.73,Branch,Completed,Approved,13.5,Disbursed,6.2,None,Paid,0,0,0,Regular
APP10989,2026-01-15,40,Male,Ahmedabad,Salaried,35700,783,1,12577,0.29,No,360000,24,11.25,Branch,Completed,Rejected,9.9,Not Disbursed,,Credit Assessment,Not Applicable,0,0,0,Not Applicable
APP10990,2026-07-21,48,Male,Chennai,Professional,86500,655,2,14976,0.56,No,290000,60,12.96,Website,Completed,Approved,9.2,Disbursed,3.2,None,Paid,0,0,0,Regular
APP10991,2026-08-20,38,Female,Mumbai,Salaried,74900,780,1,22298,0.77,No,490000,36,10.46,Branch,Completed,Pending,13.7,Not Disbursed,,Credit Assessment,Not Applicable,0,0,0,Not Applicable
APP10992,2026-02-26,41,Female,Hyderabad,Salaried,49600,809,1,19720,0.53,No,200000,24,10.2,Mobile App,Completed,Rejected,6.8,Not Disbursed,,Credit Assessment,Not Applicable,0,0,0,Not Applicable
APP10993,2026-06-15,36,Male,Bengaluru,Salaried,24600,727,0,10102,0.31,No,130000,36,8.01,Branch,Completed,Approved,14.9,Disbursed,3.3,None,Bounce,1,1,0,Intensive Follow-up
APP10994,2026-07-11,32,Male,Chennai,Salaried,42900,776,0,5665,0.21,No,200000,18,10.75,Branch,Pending,Approved,20.1,Disbursed,4.1,None,Paid,0,0,0,Regular
APP10995,2026-01-27,39,Male,Pune,Salaried,35900,667,1,10704,0.39,No,130000,12,11.85,Branch,Completed,Approved,12.0,Disbursed,5.0,None,Paid,0,0,0,Regular
APP10996,2026-08-22,44,Male,Mumbai,Salaried,73700,706,2,18432,0.54,No,480000,18,8.67,Mobile App,Completed,Rejected,2.7,Not Disbursed,,Credit Assessment,Not Applicable,0,0,0,Not Applicable
APP10997,2026-04-02,60,Male,Jaipur,Salaried,43700,741,2,16218,0.5,Yes,440000,18,10.83,Website,Completed,Pending,8.1,Not Disbursed,,None,Not Applicable,0,0,0,Not Applicable
APP10998,2026-01-19,33,Female,Mumbai,Salaried,41200,847,0,13835,0.29,No,480000,18,8.41,Website,Completed,Approved,10.2,Disbursed,4.0,None,Paid,0,0,0,Regular
APP10999,2026-01-15,25,Female,Lucknow,Salaried,27100,733,1,3528,0.45,No,140000,48,8.38,Mobile App,Completed,Rejected,4.7,Not Disbursed,,Credit Assessment,Not Applicable,0,0,0,Not Applicable
APP11000,2026-07-30,60,Male,Delhi,Salaried,33900,758,1,10761,0.37,No,260000,18,10.72,Mobile App,Completed,Pending,9.2,Not Disbursed,,None,Not Applicable,0,0,0,Not Applicable
APP11001,2026-08-31,42,Female,Hyderabad,Salaried,39100,639,2,7590,0.34,No,130000,12,12.12,Mobile App,Completed,Pending,12.6,Not Disbursed,,None,Not Applicable,0,0,0,Not Applicable
APP11002,2026-07-09,36,Female,Lucknow,Salaried,61900,832,1,22688,0.59,No,130000,24,11.15,Website,Completed,Approved,10.7,Disbursed,0.9,None,Paid,0,0,0,Regular
APP11003,2026-06-23,53,Female,Kolkata,Salaried,30900,744,1,9121,0.59,No,50000,24,8.83,Partner,Pending,Pending,28.0,Not Disbursed,,None,Not Applicable,0,0,0,Not Applicable
APP11004,2026-08-03,58,Male,Kolkata,Salaried,85500,712,2,20278,0.61,No,480000,48,11.96,Website,Completed,Approved,5.7,Disbursed,3.1,None,Paid,0,0,0,Regular
APP11005,2026-02-09,56,Male,Chennai,Salaried,88600,674,1,29011,0.71,No,620000,24,10.58,Website,Completed,Approved,10.3,Disbursed,4.4,None,Paid,0,0,0,Regular
APP11006,2026-08-05,43,Male,Jaipur,Salaried,37800,726,1,6448,0.3,No,130000,60,11.26,Branch,Completed,Rejected,13.6,Not Disbursed,,Credit Assessment,Not Applicable,0,0,0,Not Applicable
APP11007,2026-06-01,56,Male,Mumbai,Salaried,58700,719,2,11898,0.4,No,460000,60,9.4,Partner,Completed,Approved,15.5,Disbursed,4.8,None,Paid,0,0,0,Regular
APP11008,2026-08-24,46,Female,Pune,Salaried,48700,705,2,11747,0.2,No,420000,12,8.65,Website,Pending,Approved,17.7,Disbursed,2.7,None,Paid,0,0,0,Regular
APP11009,2026-04-10,47,Female,Mumbai,Salaried,81000,680,1,35129,0.39,No,440000,36,9.71,Mobile App,Completed,Approved,5.0,Disbursed,3.0,None,Paid,0,0,0,Regular
APP11010,2026-02-16,38,Other,Pune,Salaried,118500,720,1,32870,0.67,No,280000,24,8.41,Branch,Completed,Approved,10.5,Disbursed,3.3,None,Bounce,1,0,0,Watch
APP11011,2026-01-17,21,Other,Lucknow,Self-Employed,67400,767,2,31180,0.46,No,690000,36,10.99,Branch,Completed,Pending,18.3,Not Disbursed,,None,Not Applicable,0,0,0,Not Applicable
APP11012,2026-02-21,25,Male,Lucknow,Salaried,45800,756,2,18540,0.32,No,530000,18,8.82,Branch,Completed,Approved,14.3,Disbursed,4.9,None,Paid,0,0,0,Regular
APP11013,2026-09-24,55,Female,Delhi,Salaried,49600,742,1,20061,0.44,No,440000,12,10.22,Partner,Pending,Pending,25.4,Not Disbursed,,None,Not Applicable,0,0,0,Not Applicable
APP11014,2026-02-10,26,Female,Delhi,Salaried,65500,730,2,25412,0.57,No,550000,48,8.15,Mobile App,Completed,Approved,5.0,Disbursed,3.1,None,Paid,0,0,0,Regular
APP11015,2026-07-28,52,Female,Delhi,Self-Employed,35800,756,2,6230,0.63,No,110000,24,10.19,Partner,Completed,Approved,14.1,Disbursed,3.2,None,Paid,0,0,0,Regular
APP11016,2026-09-17,43,Female,Chennai,Salaried,87300,770,2,20490,0.42,No,280000,48,10.28,Partner,Completed,Approved,12.2,Disbursed,5.4,None,Paid,0,0,0,Regular
APP11017,2026-07-26,59,Female,Mumbai,Salaried,69600,702,3,14410,0.28,No,560000,18,8.89,Website,Completed,Pending,8.2,Not Disbursed,,Credit Assessment,Not Applicable,0,0,0,Not Applicable
APP11018,2026-09-20,44,Female,Mumbai,Salaried,95500,835,2,35521,0.37,Yes,970000,48,9.78,Branch,Completed,Rejected,11.7,Not Disbursed,,Credit Assessment,Not Applicable,0,0,0,Not Applicable
APP11019,2026-04-28,27,Male,Mumbai,Professional,103300,837,2,50580,0.47,No,650000,36,8.57,Website,Completed,Approved,6.9,Disbursed,1.9,None,Paid,0,0,0,Regular
APP11020,2026-06-27,30,Female,Jaipur,Salaried,46900,818,2,11254,0.42,Yes,160000,36,10.67,Mobile App,Completed,Approved,2.7,Disbursed,3.3,None,Paid,0,0,0,Regular
APP11021,2026-01-09,41,Female,Ahmedabad,Professional,26600,646,1,11276,0.49,No,260000,36,12.89,Website,Completed,Approved,9.2,Disbursed,2.8,None,Paid,0,0,0,Regular
APP11022,2026-09-19,22,Male,Delhi,Salaried,45600,733,1,16506,0.36,No,140000,48,10.7,Website,Completed,Approved,5.5,Disbursed,2.1,None,Paid,0,0,0,Regular
APP11023,2026-01-08,60,Female,Kolkata,Salaried,64400,682,2,22316,0.41,No,280000,60,10.04,Mobile App,Completed,Approved,8.7,Disbursed,4.5,None,Paid,0,0,0,Regular
APP11024,2026-08-08,42,Male,Chennai,Professional,94200,674,1,17234,0.21,No,820000,36,8.98,Mobile App,Completed,Approved,5.9,Disbursed,4.0,None,Paid,0,0,0,Regular
APP11025,2026-09-20,25,Male,Kolkata,Salaried,52800,692,0,5845,0.68,No,360000,60,9.68,Branch,Completed,Approved,12.9,Disbursed,5.4,None,Paid,0,0,0,Regular
APP11026,2026-01-17,51,Male,Lucknow,Salaried,112500,755,1,29767,0.7,No,600000,24,9.1,Mobile App,Completed,Approved,5.3,Disbursed,3.0,None,Paid,0,0,0,Regular
APP11027,2026-05-03,50,Male,Hyderabad,Salaried,46300,775,0,9495,0.33,No,400000,18,11.99,Partner,Completed,Approved,14.7,Disbursed,4.8,None,Paid,0,0,0,Regular
APP11028,2026-02-16,34,Female,Bengaluru,Salaried,40200,765,3,10018,0.28,No,300000,24,9.77,Mobile App,Completed,Pending,9.2,Not Disbursed,,None,Not Applicable,0,0,0,Not Applicable
APP11029,2026-04-29,27,Male,Bengaluru,Salaried,30300,748,2,11613,0.11,No,50000,12,10.35,Partner,Completed,Pending,19.1,Not Disbursed,,Credit Assessment,Not Applicable,0,0,0,Not Applicable
APP11030,2026-06-24,53,Female,Jaipur,Self-Employed,34600,581,2,12730,0.57,No,170000,48,12.5,Branch,Completed,Approved,15.2,Not Disbursed,,Documentation,Not Applicable,0,0,0,Not Applicable
APP11031,2026-04-30,45,Female,Chennai,Salaried,69500,680,1,30499,0.32,No,620000,18,9.13,Website,Completed,Approved,7.7,Disbursed,1.4,None,Paid,0,0,0,Regular
APP11032,2026-08-08,45,Male,Ahmedabad,Salaried,140700,690,2,33281,0.42,No,1040000,24,12.48,Mobile App,Completed,Approved,9.7,Disbursed,1.8,None,Paid,0,0,0,Regular
APP11033,2026-02-28,48,Female,Chennai,Salaried,44300,807,2,8384,0.65,No,360000,36,9.56,Mobile App,Completed,Rejected,6.4,Not Disbursed,,Credit Assessment,Not Applicable,0,0,0,Not Applicable
APP11034,2026-09-12,56,Male,Ahmedabad,Salaried,66600,771,1,10218,0.5,No,430000,18,8.34,Mobile App,Completed,Approved,5.1,Disbursed,2.4,None,Paid,0,0,0,Regular
APP11035,2026-04-17,39,Male,Lucknow,Salaried,77900,691,2,25630,0.3,No,320000,18,9.09,Mobile App,Completed,Approved,8.9,Disbursed,1.6,None,Paid,0,0,0,Regular
APP11036,2026-07-18,51,Male,Jaipur,Self-Employed,22400,654,1,6517,0.26,No,140000,12,12.54,Mobile App,Completed,Rejected,11.1,Not Disbursed,,Credit Assessment,Not Applicable,0,0,0,Not Applicable
APP11037,2026-07-30,31,Male,Kolkata,Salaried,37000,773,0,13987,0.05,No,220000,18,9.04,Partner,Completed,Pending,17.6,Not Disbursed,,None,Not Applicable,0,0,0,Not Applicable
APP11038,2026-03-15,49,Male,Lucknow,Salaried,67600,824,2,12242,0.44,Yes,460000,24,11.27,Branch,Completed,Rejected,14.1,Not Disbursed,,Credit Assessment,Not Applicable,0,0,0,Not Applicable
APP11039,2026-09-10,24,Male,Bengaluru,Self-Employed,102400,700,1,34138,0.41,No,420000,36,10.25,Website,Completed,Approved,8.1,Disbursed,2.6,None,Paid,0,0,0,Regular
APP11040,2026-05-05,21,Female,Chennai,Professional,75800,654,2,18024,0.31,No,510000,48,10.09,Partner,Completed,Approved,14.0,Disbursed,3.8,None,Paid,0,0,0,Regular
APP11041,2026-01-26,30,Male,Lucknow,Self-Employed,45500,636,1,11136,0.36,No,220000,48,13.25,Partner,Completed,Approved,19.1,Disbursed,4.7,None,Paid,0,0,0,Regular
APP11042,2026-04-16,54,Female,Hyderabad,Salaried,161900,787,4,33777,0.57,No,1200000,48,9.52,Partner,Completed,Pending,15.4,Not Disbursed,,Credit Assessment,Not Applicable,0,0,0,Not Applicable
APP11043,2026-01-26,42,Male,Hyderabad,Salaried,41100,736,2,10977,0.58,No,300000,18,11.3,Partner,Completed,Approved,14.1,Disbursed,5.6,None,Paid,0,0,0,Regular
APP11044,2026-05-27,21,Female,Chennai,Salaried,34700,776,1,11022,0.07,No,220000,48,9.02,Partner,Completed,Rejected,13.9,Not Disbursed,,Credit Assessment,Not Applicable,0,0,0,Not Applicable
APP11045,2026-02-22,25,Female,Mumbai,Salaried,31200,688,2,13680,0.51,No,300000,18,12.33,Partner,Completed,Approved,14.6,Disbursed,4.8,None,Paid,0,0,0,Regular
APP11046,2026-09-22,54,Male,Kolkata,Salaried,52200,749,1,21338,0.48,No,280000,60,11.71,Mobile App,Completed,Pending,8.8,Not Disbursed,,Credit Assessment,Not Applicable,0,0,0,Not Applicable
APP11047,2026-06-20,48,Other,Jaipur,Professional,27500,676,2,9468,0.26,No,140000,36,12.76,Website,Completed,Rejected,12.2,Not Disbursed,,Credit Assessment,Not Applicable,0,0,0,Not Applicable
APP11048,2026-09-04,55,Female,Pune,Salaried,61900,693,2,20539,0.43,No,610000,48,9.88,Mobile App,Completed,Approved,5.1,Disbursed,4.0,None,Paid,0,0,0,Regular
APP11049,2026-04-24,23,Female,Chennai,Salaried,40300,704,1,15373,0.42,No,210000,18,9.34,Website,Pending,Pending,17.6,Not Disbursed,,KYC,Not Applicable,0,0,0,Not Applicable
APP11050,2026-04-25,25,Male,Mumbai,Salaried,30200,674,0,2465,0.62,No,270000,48,11.14,Partner,Pending,Rejected,24.4,Not Disbursed,,None,Not Applicable,0,0,0,Not Applicable
APP11051,2026-05-29,31,Male,Ahmedabad,Salaried,55100,726,0,23195,0.51,No,450000,12,9.96,Mobile App,Completed,Approved,8.2,Disbursed,4.5,None,Paid,0,0,0,Regular
APP11052,2026-07-28,24,Female,Ahmedabad,Self-Employed,71900,740,0,26601,0.75,No,420000,36,9.18,Website,Completed,Approved,5.4,Disbursed,2.4,None,Paid,0,0,0,Regular
APP11053,2026-02-15,59,Male,Kolkata,Salaried,41300,826,1,5632,0.72,No,360000,36,10.32,Mobile App,Completed,Approved,6.1,Disbursed,1.6,None,Paid,0,0,0,Regular
APP11054,2026-03-19,37,Female,Lucknow,Self-Employed,52300,706,0,18935,0.27,No,290000,24,9.96,Mobile App,Completed,Rejected,8.6,Not Disbursed,,Credit Assessment,Not Applicable,0,0,0,Not Applicable
APP11055,2026-07-26,22,Male,Bengaluru,Salaried,64900,773,2,22794,0.11,No,630000,48,9.89,Branch,Completed,Approved,13.8,Disbursed,5.0,None,Paid,0,0,0,Regular
APP11056,2026-03-16,26,Male,Kolkata,Salaried,102100,755,0,33810,0.17,No,440000,36,11.11,Mobile App,Completed,Pending,8.8,Not Disbursed,,None,Not Applicable,0,0,0,Not Applicable
APP11057,2026-06-13,30,Female,Jaipur,Salaried,108400,719,0,20307,0.46,No,840000,18,8.36,Mobile App,Completed,Approved,7.3,Disbursed,3.3,None,Paid,0,0,0,Regular
APP11058,2026-01-07,22,Male,Chennai,Salaried,90300,772,1,9129,0.25,No,380000,36,8.36,Mobile App,Completed,Pending,6.5,Not Disbursed,,None,Not Applicable,0,0,0,Not Applicable
APP11059,2026-06-21,24,Female,Mumbai,Salaried,57800,678,0,20174,0.35,No,380000,18,11.64,Mobile App,Completed,Rejected,3.4,Not Disbursed,,Credit Assessment,Not Applicable,0,0,0,Not Applicable
APP11060,2026-03-12,38,Female,Jaipur,Professional,60400,705,1,25470,0.35,No,120000,36,11.0,Branch,Completed,Approved,10.4,Disbursed,3.6,None,Paid,0,0,0,Regular
APP11061,2026-08-10,48,Male,Chennai,Professional,106300,850,0,38754,0.62,No,370000,12,9.99,Branch,Completed,Approved,10.6,Disbursed,4.3,None,Paid,0,0,0,Regular
APP11062,2026-03-06,33,Male,Lucknow,Salaried,59300,696,0,15152,0.14,No,570000,12,11.11,Mobile App,Completed,Approved,1.1,Disbursed,3.3,None,Paid,0,0,0,Regular
APP11063,2026-01-06,55,Male,Pune,Salaried,35200,729,1,12307,0.19,No,290000,36,10.28,Partner,Completed,Approved,12.9,Disbursed,5.0,None,Paid,0,0,0,Regular
APP11064,2026-08-27,33,Female,Kolkata,Salaried,35300,656,1,11653,0.32,Yes,50000,48,9.89,Mobile App,Completed,Approved,7.3,Disbursed,2.9,None,Paid,0,0,0,Regular
APP11065,2026-06-30,41,Other,Ahmedabad,Salaried,91100,749,1,9730,0.32,No,400000,36,11.47,Branch,Completed,Approved,12.3,Disbursed,4.9,None,Paid,0,0,0,Regular
APP11066,2026-04-30,43,Male,Jaipur,Salaried,119500,773,0,11487,0.4,No,900000,18,10.57,Mobile App,Completed,Approved,6.8,Disbursed,2.0,None,Paid,0,0,0,Regular
APP11067,2026-04-18,30,Male,Mumbai,Salaried,67800,799,2,29776,0.55,No,680000,36,11.28,Website,Completed,Approved,7.8,Disbursed,3.5,None,Paid,0,0,0,Regular
APP11068,2026-02-17,56,Female,Bengaluru,Professional,61400,732,2,16726,0.4,No,390000,24,11.23,Mobile App,Completed,Pending,12.9,Not Disbursed,,None,Not Applicable,0,0,0,Not Applicable
APP11069,2026-08-08,38,Female,Lucknow,Salaried,40000,732,2,18568,0.47,No,170000,18,11.59,Website,Completed,Pending,15.9,Not Disbursed,,None,Not Applicable,0,0,0,Not Applicable
APP11070,2026-06-03,55,Male,Kolkata,Salaried,78900,731,2,18918,0.41,No,380000,48,10.07,Branch,Pending,Pending,23.3,Not Disbursed,,None,Not Applicable,0,0,0,Not Applicable
APP11071,2026-01-17,36,Female,Ahmedabad,Salaried,56100,700,1,20536,0.34,No,430000,60,9.82,Website,Completed,Approved,6.0,Disbursed,1.8,None,Paid,0,0,0,Regular
APP11072,2026-03-14,40,Female,Mumbai,Salaried,83800,768,1,32214,0.48,No,460000,48,11.38,Website,Completed,Approved,12.7,Disbursed,0.9,None,Paid,0,0,0,Regular
APP11073,2026-03-13,58,Female,Chennai,Self-Employed,57800,777,0,6975,0.88,Yes,220000,24,11.64,Mobile App,Completed,Approved,5.3,Disbursed,2.7,None,Paid,0,0,0,Regular
APP11074,2026-08-24,59,Female,Pune,Self-Employed,91600,784,1,31783,0.48,No,350000,12,11.27,Branch,Completed,Pending,18.0,Not Disbursed,,None,Not Applicable,0,0,0,Not Applicable
APP11075,2026-02-11,30,Male,Kolkata,Professional,78900,668,1,21741,0.18,No,390000,12,11.38,Branch,Completed,Rejected,16.2,Not Disbursed,,Credit Assessment,Not Applicable,0,0,0,Not Applicable
APP11076,2026-09-01,41,Female,Ahmedabad,Self-Employed,90500,632,1,22434,0.38,Yes,790000,12,11.26,Mobile App,Completed,Approved,9.6,Disbursed,0.5,None,Bounce,1,1,1,Severe Delinquency
APP11077,2026-08-09,48,Male,Bengaluru,Self-Employed,44600,850,2,7754,0.44,No,330000,48,8.96,Branch,Pending,Rejected,18.7,Not Disbursed,,KYC,Not Applicable,0,0,0,Not Applicable
APP11078,2026-04-21,36,Male,Lucknow,Salaried,90100,696,2,31388,0.62,No,820000,36,9.6,Mobile App,Completed,Rejected,10.6,Not Disbursed,,Credit Assessment,Not Applicable,0,0,0,Not Applicable
APP11079,2026-03-31,35,Male,Jaipur,Professional,56400,689,1,10600,0.36,No,190000,24,11.76,Website,Completed,Rejected,6.0,Not Disbursed,,Credit Assessment,Not Applicable,0,0,0,Not Applicable
APP11080,2026-07-10,36,Female,Hyderabad,Salaried,46400,767,2,7924,0.31,No,430000,18,8.9,Mobile App,Completed,Approved,4.7,Disbursed,1.6,None,Paid,0,0,0,Regular
APP11081,2026-03-24,26,Male,Bengaluru,Self-Employed,62500,743,1,8401,0.06,No,370000,36,10.04,Branch,Completed,Rejected,13.3,Not Disbursed,,Credit Assessment,Not Applicable,0,0,0,Not Applicable
APP11082,2026-08-20,48,Female,Lucknow,Salaried,27500,713,1,8241,0.35,No,250000,18,10.09,Mobile App,Completed,Approved,6.4,Disbursed,3.1,None,Paid,0,0,0,Regular
APP11083,2026-09-11,49,Male,Chennai,Professional,176100,681,1,31952,0.38,Yes,1200000,60,11.0,Mobile App,Completed,Rejected,6.5,Not Disbursed,,Credit Assessment,Not Applicable,0,0,0,Not Applicable
APP11084,2026-03-16,23,Male,Hyderabad,Salaried,78400,656,2,11562,0.39,Yes,650000,18,10.24,Mobile App,Completed,Pending,11.7,Not Disbursed,,Credit Assessment,Not Applicable,0,0,0,Not Applicable
APP11085,2026-04-11,48,Male,Delhi,Salaried,69200,691,2,15235,0.31,No,200000,12,11.32,Mobile App,Completed,Approved,5.1,Disbursed,2.5,None,Bounce,1,0,0,Watch
APP11086,2026-08-08,25,Male,Kolkata,Salaried,88500,768,1,25592,0.31,No,390000,18,9.93,Mobile App,Completed,Approved,4.6,Disbursed,1.4,None,Paid,0,0,0,Regular
APP11087,2026-04-21,23,Female,Chennai,Salaried,28300,729,3,8462,0.34,No,60000,60,9.84,Branch,Completed,Pending,18.9,Not Disbursed,,Credit Assessment,Not Applicable,0,0,0,Not Applicable
APP11088,2026-03-01,54,Female,Delhi,Professional,59000,701,0,25125,0.25,No,360000,36,11.13,Mobile App,Completed,Approved,3.0,Disbursed,3.3,None,Paid,0,0,0,Regular
APP11089,2026-01-24,53,Male,Bengaluru,Self-Employed,40300,730,0,8915,0.46,No,140000,36,8.66,Mobile App,Completed,Approved,1.4,Disbursed,2.5,None,Paid,0,0,0,Regular
APP11090,2026-09-19,29,Female,Hyderabad,Self-Employed,91600,762,1,21707,0.42,No,340000,36,8.91,Branch,Completed,Approved,11.1,Disbursed,5.8,None,Paid,0,0,0,Regular
APP11091,2026-04-27,59,Female,Jaipur,Self-Employed,41500,664,1,17176,0.53,No,330000,18,11.88,Website,Completed,Approved,10.6,Disbursed,4.5,None,Paid,0,0,0,Regular
APP11092,2026-03-16,26,Male,Lucknow,Professional,68700,813,1,22306,0.62,No,640000,24,10.32,Partner,Completed,Rejected,11.3,Not Disbursed,,Credit Assessment,Not Applicable,0,0,0,Not Applicable
APP11093,2026-09-02,26,Male,Bengaluru,Salaried,33100,830,2,9769,0.45,No,310000,36,11.58,Website,Completed,Approved,7.4,Disbursed,3.4,None,Paid,0,0,0,Regular
APP11094,2026-08-10,58,Male,Lucknow,Salaried,31600,644,0,6454,0.45,No,290000,60,9.83,Mobile App,Completed,Rejected,10.2,Not Disbursed,,Credit Assessment,Not Applicable,0,0,0,Not Applicable
APP11095,2026-04-19,34,Male,Chennai,Salaried,42600,790,1,8963,0.54,No,50000,48,10.1,Website,Completed,Approved,4.2,Disbursed,3.1,None,Paid,0,0,0,Regular
APP11096,2026-05-04,58,Male,Lucknow,Salaried,86200,765,2,37464,0.24,No,370000,60,8.31,Branch,Completed,Approved,13.1,Disbursed,7.3,None,Paid,0,0,0,Regular
APP11097,2026-03-05,60,Male,Chennai,Salaried,38100,701,1,8084,0.36,No,260000,60,8.99,Mobile App,Completed,Rejected,3.4,Not Disbursed,,Credit Assessment,Not Applicable,0,0,0,Not Applicable
APP11098,2026-04-04,38,Other,Pune,Salaried,24000,618,0,2513,0.81,No,290000,36,12.87,Branch,Completed,Rejected,14.5,Not Disbursed,,Credit Assessment,Not Applicable,0,0,0,Not Applicable
APP11099,2026-06-22,46,Male,Delhi,Self-Employed,45500,729,3,18092,0.28,No,240000,12,11.1,Mobile App,Completed,Approved,5.8,Disbursed,1.9,None,Paid,0,0,0,Regular
APP11100,2026-02-17,60,Female,Lucknow,Salaried,66900,705,1,12223,0.39,No,390000,18,9.97,Branch,Completed,Approved,9.0,Disbursed,2.9,None,Paid,0,0,0,Regular
APP11101,2026-09-26,53,Female,Pune,Salaried,61800,823,1,7711,0.27,No,400000,18,11.52,Mobile App,Completed,Approved,3.3,Disbursed,1.7,None,Paid,0,0,0,Regular
APP11102,2026-05-06,35,Male,Mumbai,Salaried,81300,687,3,13401,0.18,No,370000,24,11.89,Mobile App,Completed,Approved,6.3,Disbursed,2.5,None,Bounce,1,0,0,Watch
APP11103,2026-04-09,44,Female,Lucknow,Salaried,43700,805,2,12566,0.56,No,160000,48,9.87,Partner,Completed,Approved,13.2,Disbursed,5.6,None,Paid,0,0,0,Regular
APP11104,2026-01-19,41,Female,Bengaluru,Salaried,47400,850,2,9303,0.58,No,90000,60,10.54,Website,Completed,Approved,6.0,Disbursed,2.6,None,Paid,0,0,0,Regular
APP11105,2026-04-29,32,Female,Kolkata,Self-Employed,47100,654,0,13699,0.44,Yes,310000,12,12.45,Partner,Completed,Rejected,17.7,Not Disbursed,,Credit Assessment,Not Applicable,0,0,0,Not Applicable
APP11106,2026-05-11,40,Female,Bengaluru,Salaried,41300,728,1,6384,0.58,No,140000,24,10.93,Website,Completed,Approved,3.7,Disbursed,2.9,None,Paid,0,0,0,Regular
APP11107,2026-07-11,53,Female,Chennai,Self-Employed,39400,678,0,5099,0.58,No,120000,12,11.28,Website,Completed,Approved,12.0,Disbursed,3.9,None,Paid,0,0,0,Regular
APP11108,2026-01-03,51,Male,Mumbai,Salaried,30500,669,0,6082,0.49,Yes,260000,36,9.17,Partner,Completed,Rejected,18.4,Not Disbursed,,Credit Assessment,Not Applicable,0,0,0,Not Applicable
APP11109,2026-01-12,58,Male,Chennai,Salaried,119100,728,2,47640,0.27,No,640000,36,11.49,Mobile App,Completed,Approved,5.5,Disbursed,3.2,None,Paid,0,0,0,Regular
APP11110,2026-02-09,48,Male,Delhi,Self-Employed,152400,774,1,41717,0.54,No,770000,24,10.17,Mobile App,Completed,Pending,7.7,Not Disbursed,,None,Not Applicable,0,0,0,Not Applicable
APP11111,2026-01-09,53,Female,Mumbai,Self-Employed,42200,756,2,8678,0.25,No,310000,36,10.58,Mobile App,Completed,Approved,8.9,Disbursed,3.8,None,Paid,0,0,0,Regular
APP11112,2026-01-18,47,Female,Lucknow,Self-Employed,40000,733,2,9112,0.17,No,400000,48,11.38,Mobile App,Completed,Pending,11.3,Not Disbursed,,Credit Assessment,Not Applicable,0,0,0,Not Applicable
APP11113,2026-09-20,42,Female,Pune,Salaried,51400,769,0,19128,0.22,No,300000,48,9.4,Mobile App,Completed,Rejected,4.8,Not Disbursed,,Credit Assessment,Not Applicable,0,0,0,Not Applicable
APP11114,2026-09-26,22,Male,Delhi,Salaried,49200,701,3,18202,0.58,Yes,370000,18,9.88,Website,Pending,Pending,15.4,Not Disbursed,,KYC,Not Applicable,0,0,0,Not Applicable
APP11115,2026-03-19,51,Female,Pune,Salaried,51300,696,1,17011,0.48,No,530000,36,9.26,Mobile App,Completed,Rejected,6.2,Not Disbursed,,Credit Assessment,Not Applicable,0,0,0,Not Applicable
APP11116,2026-07-20,44,Female,Kolkata,Salaried,104600,749,2,47884,0.2,No,810000,18,9.78,Mobile App,Completed,Pending,10.6,Not Disbursed,,Credit Assessment,Not Applicable,0,0,0,Not Applicable
APP11117,2026-01-15,41,Male,Jaipur,Salaried,85100,635,1,18595,0.48,No,480000,48,13.55,Mobile App,Completed,Approved,7.6,Disbursed,3.5,None,Paid,0,0,0,Regular
APP11118,2026-01-30,36,Male,Ahmedabad,Salaried,53900,850,1,12713,0.33,No,280000,12,11.16,Partner,Completed,Approved,15.3,Disbursed,3.1,None,Paid,0,0,0,Regular
APP11119,2026-07-30,23,Male,Hyderabad,Self-Employed,79200,692,1,14849,0.41,No,730000,60,10.28,Mobile App,Completed,Approved,4.7,Disbursed,3.5,None,Paid,0,0,0,Regular
APP11120,2026-06-10,23,Male,Mumbai,Professional,28100,714,1,2871,0.42,No,280000,36,12.09,Partner,Completed,Approved,15.3,Disbursed,3.3,None,Paid,0,0,0,Regular
APP11121,2026-07-16,26,Male,Chennai,Salaried,77900,716,1,27278,0.24,No,600000,60,10.27,Partner,Completed,Approved,18.5,Disbursed,4.5,None,Paid,0,0,0,Regular
APP11122,2026-06-11,30,Male,Mumbai,Self-Employed,71300,690,1,19600,0.32,No,290000,18,9.71,Mobile App,Completed,Approved,4.8,Disbursed,1.9,None,Paid,0,0,0,Regular
APP11123,2026-05-14,51,Male,Lucknow,Salaried,40900,710,2,6652,0.39,No,260000,18,10.02,Mobile App,Completed,Approved,7.5,Disbursed,3.6,None,Paid,0,0,0,Regular
APP11124,2026-09-03,40,Male,Mumbai,Salaried,61600,829,0,8722,0.37,No,160000,24,9.21,Mobile App,Pending,Pending,11.7,Not Disbursed,,None,Not Applicable,0,0,0,Not Applicable
APP11125,2026-01-30,34,Female,Pune,Professional,30500,803,1,7162,0.83,No,170000,48,11.24,Mobile App,Completed,Approved,9.9,Disbursed,3.9,None,Paid,0,0,0,Regular
APP11126,2026-01-22,54,Female,Delhi,Professional,47300,785,2,12743,0.2,No,360000,12,10.93,Website,Completed,Approved,8.5,Disbursed,1.9,None,Paid,0,0,0,Regular
APP11127,2026-02-22,33,Male,Delhi,Self-Employed,77900,703,0,15218,0.23,No,670000,60,9.03,Mobile App,Completed,Rejected,3.5,Not Disbursed,,Credit Assessment,Not Applicable,0,0,0,Not Applicable
APP11128,2026-01-25,53,Female,Ahmedabad,Professional,42300,839,2,11076,0.44,No,220000,18,10.47,Mobile App,Completed,Approved,7.9,Disbursed,3.1,None,Paid,0,0,0,Regular
APP11129,2026-05-17,47,Female,Jaipur,Salaried,74600,768,0,26651,0.25,No,830000,60,9.36,Mobile App,Pending,Rejected,15.3,Not Disbursed,,None,Not Applicable,0,0,0,Not Applicable
APP11130,2026-03-19,24,Female,Delhi,Professional,100300,841,3,46001,0.46,No,780000,24,10.75,Website,Completed,Approved,6.0,Disbursed,4.2,None,Paid,0,0,0,Regular
APP11131,2026-03-08,52,Female,Kolkata,Salaried,59900,819,0,15797,0.38,No,480000,48,11.04,Mobile App,Completed,Approved,5.2,Disbursed,5.1,None,Paid,0,0,0,Regular
APP11132,2026-06-19,56,Male,Mumbai,Self-Employed,85000,669,1,32119,0.42,No,850000,24,11.73,Mobile App,Completed,Rejected,10.1,Not Disbursed,,Credit Assessment,Not Applicable,0,0,0,Not Applicable
APP11133,2026-06-24,53,Male,Mumbai,Self-Employed,26300,791,1,4907,0.72,No,150000,36,8.17,Website,Completed,Pending,10.5,Not Disbursed,,None,Not Applicable,0,0,0,Not Applicable
APP11134,2026-05-02,58,Female,Delhi,Salaried,44300,850,1,9919,0.49,No,260000,48,8.3,Branch,Completed,Approved,10.5,Disbursed,4.4,None,Paid,0,0,0,Regular
APP11135,2026-09-24,45,Male,Mumbai,Salaried,68300,679,2,23767,0.33,No,510000,48,11.17,Mobile App,Completed,Approved,6.0,Disbursed,4.2,None,Paid,0,0,0,Regular
APP11136,2026-01-29,41,Male,Jaipur,Salaried,69700,799,1,17429,0.34,No,190000,18,11.28,Mobile App,Completed,Approved,6.9,Disbursed,4.0,None,Paid,0,0,0,Regular
APP11137,2026-03-23,42,Male,Bengaluru,Self-Employed,75900,719,0,27084,0.56,No,580000,48,10.12,Branch,Completed,Approved,14.2,Disbursed,3.7,None,Paid,0,0,0,Regular
APP11138,2026-04-23,31,Male,Mumbai,Self-Employed,37400,662,1,10049,0.6,No,200000,36,11.08,Mobile App,Completed,Approved,13.5,Disbursed,5.4,None,Paid,0,0,0,Regular
APP11139,2026-02-14,38,Male,Lucknow,Salaried,60000,751,1,25615,0.51,No,340000,60,11.87,Mobile App,Completed,Approved,3.6,Disbursed,2.8,None,Paid,0,0,0,Regular
APP11140,2026-08-12,25,Male,Hyderabad,Professional,25100,825,0,3125,0.49,No,50000,24,9.24,Partner,Completed,Approved,13.3,Disbursed,4.6,None,Paid,0,0,0,Regular
APP11141,2026-05-24,28,Male,Ahmedabad,Salaried,22900,713,2,4727,0.22,No,230000,18,8.72,Mobile App,Completed,Approved,5.9,Disbursed,1.7,None,Paid,0,0,0,Regular
APP11142,2026-05-21,54,Female,Jaipur,Self-Employed,20900,696,0,2050,0.44,No,80000,12,8.51,Website,Completed,Rejected,8.3,Not Disbursed,,Credit Assessment,Not Applicable,0,0,0,Not Applicable
APP11143,2026-09-06,34,Female,Hyderabad,Salaried,91500,755,0,20870,0.42,No,410000,36,11.42,Mobile App,Completed,Approved,1.5,Disbursed,1.9,None,Paid,0,0,0,Regular
APP11144,2026-03-29,46,Male,Bengaluru,Salaried,32600,836,0,6213,0.35,No,250000,24,11.92,Mobile App,Completed,Approved,6.6,Disbursed,2.7,None,Paid,0,0,0,Regular
APP11145,2026-01-12,43,Male,Pune,Salaried,129100,787,0,14596,0.48,No,1200000,24,11.32,Website,Completed,Approved,6.6,Not Disbursed,,Documentation,Not Applicable,0,0,0,Not Applicable
APP11146,2026-05-06,42,Female,Lucknow,Self-Employed,130100,831,0,17781,0.44,No,690000,18,10.07,Mobile App,Completed,Approved,6.6,Disbursed,2.8,None,Paid,0,0,0,Regular
APP11147,2026-06-22,42,Male,Ahmedabad,Salaried,51500,806,1,4477,0.4,No,410000,18,11.44,Branch,Completed,Approved,15.9,Disbursed,3.5,None,Paid,0,0,0,Regular
APP11148,2026-05-10,57,Female,Bengaluru,Self-Employed,77800,762,2,37363,0.3,No,430000,48,9.85,Website,Completed,Approved,8.0,Disbursed,3.5,None,Paid,0,0,0,Regular
APP11149,2026-10-01,35,Male,Lucknow,Professional,44300,744,1,5732,0.63,No,310000,24,9.32,Partner,Completed,Approved,14.5,Disbursed,4.4,None,Paid,0,0,0,Regular
APP11150,2026-09-29,44,Male,Lucknow,Self-Employed,128000,668,3,52154,0.45,No,1040000,36,12.13,Mobile App,Completed,Approved,8.8,Disbursed,2.5,None,Paid,0,0,0,Regular
APP11151,2026-09-10,37,Male,Delhi,Self-Employed,50200,754,0,9624,0.06,Yes,210000,48,10.68,Branch,Pending,Rejected,19.8,Not Disbursed,,KYC,Not Applicable,0,0,0,Not Applicable
APP11152,2026-01-16,52,Male,Pune,Professional,35200,726,1,12100,0.28,No,210000,12,10.64,Mobile App,Completed,Approved,6.0,Disbursed,2.6,None,Paid,0,0,0,Regular
APP11153,2026-08-06,23,Male,Ahmedabad,Self-Employed,103200,733,1,28990,0.39,No,490000,12,9.78,Branch,Completed,Approved,15.0,Disbursed,5.6,None,Paid,0,0,0,Regular
APP11154,2026-01-04,36,Female,Pune,Self-Employed,54300,761,0,16285,0.48,No,370000,18,8.3,Partner,Completed,Approved,15.9,Disbursed,6.2,None,Paid,0,0,0,Regular
APP11155,2026-01-12,33,Female,Ahmedabad,Professional,41200,689,0,16270,0.55,No,310000,36,9.4,Mobile App,Completed,Rejected,7.2,Not Disbursed,,Credit Assessment,Not Applicable,0,0,0,Not Applicable
APP11156,2026-05-16,21,Male,Ahmedabad,Self-Employed,39500,721,2,7376,0.24,No,320000,60,10.83,Website,Completed,Pending,10.7,Not Disbursed,,None,Not Applicable,0,0,0,Not Applicable
APP11157,2026-03-17,25,Female,Jaipur,Professional,56700,761,1,7230,0.52,No,540000,18,11.37,Website,Completed,Approved,3.4,Disbursed,4.6,None,Paid,0,0,0,Regular
APP11158,2026-06-25,60,Male,Kolkata,Professional,79200,696,0,17246,0.46,No,460000,12,8.82,Mobile App,Completed,Approved,5.9,Disbursed,1.8,None,Paid,0,0,0,Regular
APP11159,2026-07-15,45,Male,Pune,Salaried,31400,656,1,8784,0.38,No,210000,48,11.96,Mobile App,Completed,Approved,8.8,Disbursed,2.2,None,Paid,0,0,0,Regular
APP11160,2026-01-06,31,Female,Delhi,Salaried,56200,850,1,6810,0.22,No,200000,12,11.97,Mobile App,Completed,Pending,11.7,Not Disbursed,,None,Not Applicable,0,0,0,Not Applicable
APP11161,2026-09-14,51,Female,Jaipur,Salaried,53300,704,2,16450,0.42,No,410000,18,9.88,Website,Completed,Approved,7.9,Disbursed,2.7,None,Paid,0,0,0,Regular
APP11162,2026-01-17,57,Female,Pune,Professional,68200,746,1,20969,0.57,No,200000,24,11.86,Mobile App,Completed,Approved,4.0,Disbursed,2.6,None,Paid,0,0,0,Regular
APP11163,2026-03-02,52,Male,Pune,Salaried,37800,683,2,5656,0.38,No,240000,18,12.58,Mobile App,Completed,Approved,7.5,Disbursed,2.9,None,Paid,0,0,0,Regular
APP11164,2026-04-29,36,Female,Pune,Salaried,50200,737,2,6590,0.37,No,290000,48,8.8,Partner,Completed,Approved,11.3,Disbursed,3.9,None,Paid,0,0,0,Regular
APP11165,2026-05-06,44,Male,Jaipur,Self-Employed,47800,732,2,12193,0.26,No,350000,12,8.76,Branch,Completed,Approved,8.6,Disbursed,6.2,None,Paid,0,0,0,Regular
APP11166,2026-06-05,57,Female,Jaipur,Professional,62200,766,2,25539,0.36,No,260000,36,8.29,Website,Completed,Approved,6.6,Disbursed,0.8,None,Paid,0,0,0,Regular
APP11167,2026-08-12,37,Male,Kolkata,Salaried,32800,735,1,9363,0.66,No,110000,48,11.43,Website,Completed,Pending,12.1,Not Disbursed,,None,Not Applicable,0,0,0,Not Applicable
APP11168,2026-09-13,21,Female,Pune,Salaried,82100,697,0,13651,0.67,No,330000,18,12.04,Branch,Completed,Approved,8.4,Disbursed,5.4,None,Paid,0,0,0,Regular
APP11169,2026-06-03,37,Other,Chennai,Salaried,68800,729,0,8484,0.55,Yes,410000,24,11.21,Partner,Completed,Approved,11.5,Disbursed,3.4,None,Paid,0,0,0,Regular
APP11170,2026-01-13,47,Male,Delhi,Salaried,18000,713,2,4271,0.41,No,50000,36,11.17,Website,Completed,Approved,5.4,Disbursed,2.6,None,Paid,0,0,0,Regular
APP11171,2026-08-15,58,Female,Jaipur,Salaried,74500,638,2,20131,0.31,No,670000,60,13.17,Mobile App,Completed,Approved,3.4,Disbursed,2.7,None,Paid,0,0,0,Regular
APP11172,2026-07-03,50,Female,Chennai,Salaried,70600,750,1,11469,0.31,No,600000,36,8.49,Website,Completed,Rejected,10.5,Not Disbursed,,Credit Assessment,Not Applicable,0,0,0,Not Applicable
APP11173,2026-01-15,56,Male,Bengaluru,Salaried,80500,703,1,12448,0.34,No,630000,18,11.68,Partner,Completed,Approved,14.3,Disbursed,4.5,None,Paid,0,0,0,Regular
APP11174,2026-06-22,45,Male,Hyderabad,Self-Employed,70600,747,0,14089,0.55,No,400000,36,9.15,Mobile App,Completed,Approved,7.0,Disbursed,3.5,None,Paid,0,0,0,Regular
APP11175,2026-06-04,51,Male,Chennai,Salaried,27200,700,2,6112,0.14,No,340000,12,12.28,Branch,Completed,Pending,14.5,Not Disbursed,,None,Not Applicable,0,0,0,Not Applicable
APP11176,2026-07-25,44,Female,Mumbai,Salaried,61300,665,2,8923,0.35,No,120000,12,12.96,Mobile App,Completed,Approved,11.0,Disbursed,2.2,None,Paid,0,0,0,Regular
APP11177,2026-07-20,34,Male,Lucknow,Self-Employed,58300,605,1,15868,0.59,Yes,620000,24,11.54,Website,Completed,Rejected,9.0,Not Disbursed,,Credit Assessment,Not Applicable,0,0,0,Not Applicable
APP11178,2026-07-04,28,Female,Pune,Salaried,31700,722,2,12350,0.42,No,190000,12,9.19,Mobile App,Completed,Approved,6.3,Disbursed,3.0,None,Paid,0,0,0,Regular
APP11179,2026-04-28,38,Female,Hyderabad,Salaried,72100,711,3,20198,0.54,No,440000,12,11.65,Branch,Completed,Approved,11.7,Disbursed,3.7,None,Paid,0,0,0,Regular
APP11180,2026-06-21,46,Female,Jaipur,Professional,34700,750,1,10131,0.31,No,370000,48,9.78,Partner,Completed,Approved,16.3,Disbursed,2.9,None,Paid,0,0,0,Regular
APP11181,2026-03-21,59,Female,Bengaluru,Salaried,57700,781,1,12408,0.4,No,200000,36,10.2,Mobile App,Completed,Approved,5.6,Disbursed,3.5,None,Paid,0,0,0,Regular
APP11182,2026-03-05,43,Female,Pune,Self-Employed,106300,749,1,16280,0.66,No,650000,24,8.31,Mobile App,Completed,Pending,13.6,Not Disbursed,,None,Not Applicable,0,0,0,Not Applicable
APP11183,2026-05-02,34,Male,Ahmedabad,Salaried,98700,648,1,11939,0.54,No,630000,36,12.21,Branch,Completed,Approved,15.6,Disbursed,4.9,None,Paid,0,0,0,Regular
APP11184,2026-07-12,32,Female,Lucknow,Professional,69200,641,2,21286,0.6,No,320000,60,11.03,Partner,Completed,Pending,20.7,Not Disbursed,,None,Not Applicable,0,0,0,Not Applicable
APP11185,2026-01-16,28,Female,Kolkata,Self-Employed,78000,731,1,10762,0.37,No,280000,48,10.88,Website,Completed,Approved,5.4,Disbursed,1.0,None,Paid,0,0,0,Regular
APP11186,2026-07-31,57,Female,Lucknow,Salaried,74000,756,2,20723,0.67,No,740000,24,11.13,Website,Completed,Rejected,6.0,Not Disbursed,,Credit Assessment,Not Applicable,0,0,0,Not Applicable
APP11187,2026-01-07,35,Female,Delhi,Self-Employed,19200,809,0,2590,0.44,No,290000,18,11.52,Partner,Completed,Pending,14.6,Not Disbursed,,None,Not Applicable,0,0,0,Not Applicable
APP11188,2026-02-12,25,Male,Bengaluru,Professional,73700,741,0,18123,0.37,No,250000,60,11.93,Mobile App,Completed,Approved,5.1,Disbursed,4.0,None,Paid,0,0,0,Regular
APP11189,2026-03-16,36,Male,Mumbai,Self-Employed,37900,700,1,3631,0.57,No,290000,60,10.21,Branch,Completed,Approved,12.1,Disbursed,6.2,None,Paid,0,0,0,Regular
APP11190,2026-04-29,52,Female,Chennai,Salaried,62600,781,1,14286,0.53,No,240000,36,10.74,Partner,Completed,Approved,14.2,Disbursed,5.2,None,Paid,0,0,0,Regular
APP11191,2026-04-24,46,Male,Hyderabad,Salaried,20200,721,2,5218,0.9,No,150000,18,8.99,Website,Completed,Rejected,9.4,Not Disbursed,,Credit Assessment,Not Applicable,0,0,0,Not Applicable
APP11192,2026-01-23,51,Female,Chennai,Salaried,143400,796,1,16856,0.48,No,740000,60,9.3,Mobile App,Completed,Approved,5.0,Disbursed,1.9,None,Paid,0,0,0,Regular
APP11193,2026-03-22,25,Female,Bengaluru,Salaried,46800,630,1,20298,0.44,Yes,430000,60,11.29,Website,Completed,Pending,13.3,Not Disbursed,,None,Not Applicable,0,0,0,Not Applicable
APP11194,2026-05-11,44,Male,Bengaluru,Salaried,57500,749,1,6539,0.35,No,630000,12,11.73,Partner,Completed,Pending,18.7,Not Disbursed,,None,Not Applicable,0,0,0,Not Applicable
APP11195,2026-03-10,25,Male,Ahmedabad,Salaried,156600,706,1,66520,0.31,No,1180000,18,11.66,Mobile App,Pending,Rejected,13.2,Not Disbursed,,None,Not Applicable,0,0,0,Not Applicable
APP11196,2026-08-05,25,Male,Jaipur,Self-Employed,43600,683,2,6848,0.42,Yes,140000,36,8.84,Partner,Completed,Approved,17.6,Disbursed,3.6,None,Bounce,1,1,1,Severe Delinquency
APP11197,2026-07-17,53,Female,Lucknow,Salaried,78200,699,2,14471,0.46,No,440000,18,12.17,Mobile App,Completed,Pending,8.5,Not Disbursed,,None,Not Applicable,0,0,0,Not Applicable
APP11198,2026-01-18,56,Male,Kolkata,Professional,52600,648,1,22358,0.55,No,160000,48,9.49,Mobile App,Completed,Rejected,7.5,Not Disbursed,,Credit Assessment,Not Applicable,0,0,0,Not Applicable
APP11199,2026-09-24,30,Male,Bengaluru,Self-Employed,22300,760,0,5564,0.5,No,60000,60,11.04,Partner,Completed,Approved,15.3,Disbursed,5.5,None,Paid,0,0,0,Regular
APP11200,2026-06-22,58,Male,Lucknow,Salaried,65000,753,0,26645,0.37,No,260000,36,11.05,Mobile App,Completed,Pending,7.4,Not Disbursed,,None,Not Applicable,0,0,0,Not Applicable
APP11201,2026-08-29,27,Female,Hyderabad,Salaried,39800,751,1,12400,0.21,No,350000,18,10.81,Partner,Completed,Pending,15.7,Not Disbursed,,Credit Assessment,Not Applicable,0,0,0,Not Applicable
APP11202,2026-01-13,51,Male,Mumbai,Self-Employed,29800,777,2,13132,0.61,No,110000,12,10.63,Website,Completed,Approved,7.2,Disbursed,1.7,None,Paid,0,0,0,Regular
APP11203,2026-01-31,42,Female,Mumbai,Salaried,100400,811,0,31476,0.34,No,700000,36,8.11,Branch,Completed,Approved,13.6,Disbursed,4.3,None,Paid,0,0,0,Regular
APP11204,2026-09-12,58,Female,Pune,Salaried,69400,804,2,27353,0.45,No,600000,24,10.77,Mobile App,Pending,Pending,14.7,Not Disbursed,,KYC,Not Applicable,0,0,0,Not Applicable
APP11205,2026-07-04,43,Female,Lucknow,Self-Employed,36900,707,2,4854,0.45,No,370000,12,8.58,Website,Completed,Pending,14.6,Not Disbursed,,Credit Assessment,Not Applicable,0,0,0,Not Applicable
APP11206,2026-01-18,44,Male,Mumbai,Self-Employed,29100,609,1,12107,0.3,No,70000,12,12.55,Website,Completed,Approved,11.4,Disbursed,2.2,None,Paid,0,0,0,Regular
APP11207,2026-08-25,45,Male,Kolkata,Salaried,34900,727,0,13868,0.32,No,220000,24,8.94,Mobile App,Completed,Approved,8.6,Disbursed,3.3,None,Paid,0,0,0,Regular
APP11208,2026-09-14,25,Female,Mumbai,Salaried,28900,703,0,8591,0.53,No,230000,60,10.61,Branch,Completed,Approved,14.6,Disbursed,4.3,None,Paid,0,0,0,Regular
APP11209,2026-05-15,28,Male,Lucknow,Self-Employed,76900,850,0,23202,0.59,No,550000,18,8.31,Branch,Completed,Rejected,13.5,Not Disbursed,,Credit Assessment,Not Applicable,0,0,0,Not Applicable
APP11210,2026-05-21,26,Female,Delhi,Salaried,116100,785,1,12979,0.39,No,670000,48,11.17,Mobile App,Completed,Approved,3.0,Disbursed,3.4,None,Paid,0,0,0,Regular
APP11211,2026-01-14,45,Female,Hyderabad,Self-Employed,55300,750,2,23706,0.43,No,150000,18,8.89,Mobile App,Completed,Approved,3.8,Disbursed,3.1,None,Paid,0,0,0,Regular
APP11212,2026-08-19,49,Female,Lucknow,Salaried,49900,664,0,11251,0.65,Yes,420000,36,10.52,Mobile App,Pending,Approved,15.2,Not Disbursed,,KYC,Not Applicable,0,0,0,Not Applicable
APP11213,2026-05-29,25,Male,Jaipur,Salaried,46700,726,1,4198,0.38,No,240000,12,11.8,Mobile App,Completed,Approved,7.5,Disbursed,3.2,None,Paid,0,0,0,Regular
APP11214,2026-09-06,46,Male,Hyderabad,Professional,42500,730,0,7368,0.4,No,90000,12,11.8,Website,Completed,Approved,5.2,Disbursed,3.0,None,Paid,0,0,0,Regular
APP11215,2026-03-29,35,Male,Chennai,Salaried,45800,730,1,12608,0.42,No,340000,36,11.69,Mobile App,Completed,Pending,10.5,Not Disbursed,,None,Not Applicable,0,0,0,Not Applicable
APP11216,2026-01-14,38,Female,Delhi,Professional,78800,696,1,13106,0.34,No,410000,60,11.75,Website,Completed,Approved,8.5,Disbursed,4.1,None,Paid,0,0,0,Regular
APP11217,2026-06-05,35,Female,Mumbai,Professional,73400,704,1,22887,0.54,No,270000,60,11.37,Branch,Completed,Approved,11.0,Disbursed,4.6,None,Paid,0,0,0,Regular
APP11218,2026-09-04,30,Female,Ahmedabad,Self-Employed,47700,752,1,12273,0.5,No,150000,12,11.67,Branch,Pending,Pending,19.0,Not Disbursed,,None,Not Applicable,0,0,0,Not Applicable
APP11219,2026-07-09,45,Female,Mumbai,Salaried,43400,688,2,13069,0.19,No,430000,12,11.64,Mobile App,Completed,Rejected,6.3,Not Disbursed,,Credit Assessment,Not Applicable,0,0,0,Not Applicable
APP11220,2026-07-22,46,Female,Pune,Self-Employed,58800,814,1,18375,0.33,No,340000,60,9.59,Mobile App,Completed,Approved,1.3,Disbursed,3.3,None,Paid,0,0,0,Regular
APP11221,2026-08-24,58,Male,Chennai,Salaried,94900,850,1,21266,0.47,No,930000,12,8.77,Mobile App,Completed,Approved,7.2,Disbursed,3.4,None,Paid,0,0,0,Regular
APP11222,2026-02-07,37,Male,Lucknow,Salaried,74300,741,0,14273,0.74,No,600000,60,8.25,Mobile App,Pending,Pending,14.6,Not Disbursed,,None,Not Applicable,0,0,0,Not Applicable
APP11223,2026-01-11,37,Male,Ahmedabad,Self-Employed,104500,740,0,43199,0.29,No,460000,18,9.64,Website,Pending,Rejected,15.0,Not Disbursed,,None,Not Applicable,0,0,0,Not Applicable
APP11224,2026-08-11,26,Male,Kolkata,Self-Employed,34200,671,0,13219,0.52,No,330000,36,10.08,Website,Completed,Approved,11.8,Disbursed,5.1,None,Bounce,1,0,0,Watch
APP11225,2026-06-14,36,Female,Lucknow,Self-Employed,102100,767,1,42156,0.63,No,1000000,12,11.38,Branch,Completed,Rejected,10.3,Not Disbursed,,Credit Assessment,Not Applicable,0,0,0,Not Applicable
APP11226,2026-04-24,31,Male,Chennai,Salaried,79800,746,1,34771,0.29,No,560000,48,8.19,Mobile App,Completed,Approved,7.0,Disbursed,3.6,None,Paid,0,0,0,Regular
APP11227,2026-03-19,37,Female,Jaipur,Salaried,60300,768,1,19880,0.56,No,160000,18,8.06,Branch,Completed,Approved,10.3,Disbursed,6.6,None,Paid,0,0,0,Regular
APP11228,2026-08-22,38,Male,Pune,Salaried,38300,777,0,6130,0.58,No,360000,18,11.88,Branch,Completed,Approved,13.7,Disbursed,3.4,None,Paid,0,0,0,Regular
APP11229,2026-07-01,57,Female,Chennai,Professional,81900,707,0,10978,0.32,No,420000,60,9.83,Mobile App,Completed,Approved,5.9,Disbursed,4.6,None,Paid,0,0,0,Regular
APP11230,2026-08-27,50,Male,Delhi,Salaried,43500,742,1,16299,0.52,No,260000,48,8.89,Branch,Completed,Approved,11.8,Disbursed,4.5,None,Paid,0,0,0,Regular
APP11231,2026-08-29,31,Male,Mumbai,Professional,73900,818,2,29192,0.58,No,600000,18,9.01,Mobile App,Completed,Approved,7.5,Disbursed,2.8,None,Paid,0,0,0,Regular
APP11232,2026-06-05,25,Female,Bengaluru,Salaried,104600,739,1,32545,0.46,No,670000,12,10.75,Mobile App,Pending,Rejected,13.9,Not Disbursed,,KYC,Not Applicable,0,0,0,Not Applicable
APP11233,2026-08-22,37,Male,Bengaluru,Salaried,24400,580,3,4388,0.5,No,180000,12,12.12,Mobile App,Completed,Approved,8.3,Disbursed,3.5,None,Paid,0,0,0,Regular
APP11234,2026-08-26,34,Male,Kolkata,Self-Employed,147500,625,2,42439,0.34,No,820000,18,9.92,Mobile App,Completed,Approved,5.1,Disbursed,4.6,None,Bounce,1,1,1,Severe Delinquency
APP11235,2026-02-20,55,Female,Chennai,Salaried,32500,838,1,4644,0.51,No,180000,24,10.92,Mobile App,Completed,Approved,7.7,Disbursed,2.8,None,Paid,0,0,0,Regular
APP11236,2026-06-06,33,Female,Bengaluru,Self-Employed,39700,804,2,13279,0.61,No,420000,60,9.99,Branch,Completed,Approved,11.0,Disbursed,5.1,None,Paid,0,0,0,Regular
APP11237,2026-08-16,46,Female,Chennai,Self-Employed,77000,758,1,15551,0.5,No,520000,18,9.11,Mobile App,Completed,Approved,4.2,Disbursed,2.8,None,Paid,0,0,0,Regular
APP11238,2026-06-01,58,Female,Pune,Salaried,89900,788,0,30699,0.35,No,290000,24,10.64,Partner,Completed,Approved,11.4,Disbursed,3.2,None,Paid,0,0,0,Regular
APP11239,2026-08-15,44,Male,Bengaluru,Salaried,72900,706,2,25857,0.47,No,420000,48,11.78,Mobile App,Completed,Approved,4.5,Disbursed,1.4,None,Paid,0,0,0,Regular
APP11240,2026-07-12,41,Male,Delhi,Salaried,45500,824,0,13243,0.46,No,410000,60,8.24,Partner,Pending,Rejected,21.7,Not Disbursed,,None,Not Applicable,0,0,0,Not Applicable
APP11241,2026-03-06,53,Female,Ahmedabad,Salaried,68600,697,0,21160,0.32,No,590000,12,10.33,Website,Completed,Pending,10.1,Not Disbursed,,None,Not Applicable,0,0,0,Not Applicable
APP11242,2026-05-01,42,Male,Mumbai,Professional,78300,663,1,21301,0.23,No,740000,48,13.02,Website,Completed,Approved,9.0,Disbursed,3.0,None,Paid,0,0,0,Regular
APP11243,2026-05-22,50,Female,Pune,Salaried,114400,668,1,21197,0.22,No,880000,24,9.48,Website,Completed,Approved,8.7,Disbursed,1.7,None,Paid,0,0,0,Regular
APP11244,2026-04-18,23,Female,Lucknow,Professional,35300,742,0,11368,0.36,No,320000,60,11.68,Mobile App,Completed,Pending,9.5,Not Disbursed,,None,Not Applicable,0,0,0,Not Applicable
APP11245,2026-07-13,54,Female,Lucknow,Self-Employed,51100,811,2,22810,0.39,No,500000,36,9.91,Branch,Completed,Rejected,10.8,Not Disbursed,,Credit Assessment,Not Applicable,0,0,0,Not Applicable
APP11246,2026-09-09,40,Other,Pune,Professional,71900,782,4,26696,0.63,No,760000,12,10.03,Partner,Completed,Approved,16.2,Disbursed,3.8,None,Paid,0,0,0,Regular
APP11247,2026-07-21,34,Female,Bengaluru,Salaried,24500,850,1,5666,0.29,No,100000,12,9.26,Mobile App,Completed,Approved,6.0,Disbursed,0.5,None,Paid,0,0,0,Regular
APP11248,2026-06-10,31,Female,Chennai,Self-Employed,128900,692,1,43219,0.59,No,990000,12,10.03,Mobile App,Completed,Pending,11.7,Not Disbursed,,None,Not Applicable,0,0,0,Not Applicable
APP11249,2026-03-17,49,Other,Mumbai,Professional,36900,685,2,17540,0.4,No,110000,18,10.61,Mobile App,Completed,Rejected,5.9,Not Disbursed,,Credit Assessment,Not Applicable,0,0,0,Not Applicable
APP11250,2026-07-09,21,Male,Chennai,Salaried,67300,821,0,18856,0.44,Yes,490000,24,9.48,Mobile App,Completed,Rejected,3.0,Not Disbursed,,Credit Assessment,Not Applicable,0,0,0,Not Applicable
APP11251,2026-02-01,42,Male,Mumbai,Salaried,43200,615,0,12070,0.5,No,240000,18,11.15,Mobile App,Completed,Rejected,7.0,Not Disbursed,,Credit Assessment,Not Applicable,0,0,0,Not Applicable
APP11252,2026-08-23,47,Female,Jaipur,Salaried,70400,705,0,27386,0.59,No,200000,60,11.39,Website,Completed,Approved,2.0,Disbursed,3.8,None,Paid,0,0,0,Regular
APP11253,2026-04-29,23,Female,Ahmedabad,Salaried,65000,701,1,12640,0.6,No,280000,12,10.73,Mobile App,Completed,Rejected,4.1,Not Disbursed,,Credit Assessment,Not Applicable,0,0,0,Not Applicable
APP11254,2026-06-11,25,Male,Bengaluru,Salaried,42100,646,2,5861,0.5,Yes,60000,48,10.62,Mobile App,Completed,Approved,10.7,Disbursed,1.4,None,Bounce,1,0,0,Watch
APP11255,2026-05-13,56,Female,Jaipur,Salaried,52300,757,2,9716,0.56,No,310000,12,9.66,Website,Pending,Rejected,10.1,Not Disbursed,,None,Not Applicable,0,0,0,Not Applicable
APP11256,2026-08-27,47,Female,Lucknow,Salaried,71000,769,0,23875,0.6,No,350000,18,10.78,Mobile App,Completed,Approved,6.3,Disbursed,2.2,None,Paid,0,0,0,Regular
APP11257,2026-02-01,51,Male,Jaipur,Salaried,43300,728,2,13128,0.43,No,150000,48,11.18,Branch,Completed,Approved,13.2,Disbursed,4.3,None,Paid,0,0,0,Regular
APP11258,2026-04-14,29,Male,Bengaluru,Professional,64200,714,1,5774,0.23,No,540000,36,8.42,Website,Completed,Approved,6.4,Not Disbursed,,Documentation,Not Applicable,0,0,0,Not Applicable
APP11259,2026-07-24,46,Female,Ahmedabad,Professional,60400,664,0,24891,0.46,No,540000,60,12.29,Mobile App,Completed,Pending,12.5,Not Disbursed,,Credit Assessment,Not Applicable,0,0,0,Not Applicable
APP11260,2026-05-27,26,Male,Delhi,Professional,58300,610,2,10135,0.7,No,340000,12,10.43,Mobile App,Completed,Approved,7.5,Disbursed,3.1,None,Paid,0,0,0,Regular
APP11261,2026-01-15,35,Female,Jaipur,Salaried,85800,809,3,24242,0.35,No,220000,48,10.91,Website,Completed,Approved,3.0,Disbursed,3.4,None,Paid,0,0,0,Regular
APP11262,2026-06-20,21,Female,Bengaluru,Salaried,40400,773,1,13437,0.45,No,200000,36,10.56,Branch,Completed,Approved,10.6,Disbursed,4.0,None,Paid,0,0,0,Regular
APP11263,2026-07-07,59,Female,Lucknow,Professional,25000,670,2,8944,0.41,No,50000,36,9.37,Mobile App,Completed,Approved,8.0,Disbursed,1.9,None,Paid,0,0,0,Regular
APP11264,2026-07-05,33,Female,Lucknow,Self-Employed,80300,752,0,17694,0.61,No,830000,48,10.08,Website,Completed,Approved,10.3,Disbursed,3.9,None,Paid,0,0,0,Regular
APP11265,2026-07-11,60,Male,Jaipur,Salaried,36100,850,2,15338,0.32,No,280000,36,11.06,Mobile App,Completed,Approved,2.8,Disbursed,2.5,None,Paid,0,0,0,Regular
APP11266,2026-09-14,41,Female,Ahmedabad,Self-Employed,106200,831,0,18331,0.26,No,680000,60,10.66,Branch,Completed,Approved,12.8,Disbursed,5.1,None,Paid,0,0,0,Regular
APP11267,2026-03-25,24,Male,Ahmedabad,Self-Employed,39900,619,1,3781,0.64,No,250000,48,13.31,Partner,Pending,Rejected,28.8,Not Disbursed,,KYC,Not Applicable,0,0,0,Not Applicable
APP11268,2026-05-10,54,Male,Ahmedabad,Professional,57300,741,3,24502,0.35,No,380000,36,10.73,Website,Completed,Approved,5.3,Disbursed,3.0,None,Paid,0,0,0,Regular
APP11269,2026-08-29,32,Female,Kolkata,Salaried,38100,799,1,11809,0.72,No,320000,48,9.32,Mobile App,Completed,Approved,2.3,Disbursed,1.9,None,Paid,0,0,0,Regular
APP11270,2026-02-26,38,Female,Hyderabad,Professional,30400,696,1,4479,0.62,No,330000,18,9.09,Mobile App,Completed,Rejected,6.8,Not Disbursed,,Credit Assessment,Not Applicable,0,0,0,Not Applicable
APP11271,2026-08-27,38,Male,Jaipur,Salaried,36900,748,0,4574,0.78,No,190000,18,8.11,Mobile App,Completed,Rejected,6.0,Not Disbursed,,Credit Assessment,Not Applicable,0,0,0,Not Applicable
APP11272,2026-08-03,47,Female,Hyderabad,Salaried,73500,720,1,28642,0.48,No,390000,36,8.75,Partner,Completed,Approved,12.9,Disbursed,4.3,None,Paid,0,0,0,Regular
APP11273,2026-07-01,25,Male,Delhi,Salaried,26900,798,1,11150,0.39,No,290000,24,9.73,Mobile App,Completed,Approved,4.2,Disbursed,1.8,None,Paid,0,0,0,Regular
APP11274,2026-03-31,39,Female,Mumbai,Salaried,129600,730,2,60718,0.73,No,860000,24,10.15,Mobile App,Completed,Approved,5.8,Disbursed,4.2,None,Paid,0,0,0,Regular
APP11275,2026-04-18,31,Other,Jaipur,Professional,52800,698,1,20629,0.67,No,240000,12,11.42,Mobile App,Completed,Rejected,3.9,Not Disbursed,,Credit Assessment,Not Applicable,0,0,0,Not Applicable
APP11276,2026-01-04,22,Female,Kolkata,Professional,134400,625,2,41368,0.36,No,1070000,24,11.92,Mobile App,Completed,Approved,6.4,Disbursed,3.2,None,Paid,0,0,0,Regular
APP11277,2026-08-20,51,Female,Pune,Self-Employed,52200,663,2,11181,0.46,No,570000,60,11.14,Branch,Completed,Approved,13.7,Disbursed,5.4,None,Paid,0,0,0,Regular
APP11278,2026-03-20,23,Female,Chennai,Salaried,59600,763,1,14962,0.41,No,300000,36,9.32,Website,Pending,Approved,12.5,Not Disbursed,,KYC,Not Applicable,0,0,0,Not Applicable
APP11279,2026-08-04,42,Female,Kolkata,Salaried,98600,636,0,41287,0.41,No,380000,48,12.23,Mobile App,Completed,Pending,13.9,Not Disbursed,,None,Not Applicable,0,0,0,Not Applicable
APP11280,2026-03-25,39,Female,Ahmedabad,Salaried,37100,729,1,16200,0.37,No,410000,36,9.13,Partner,Completed,Approved,15.5,Disbursed,5.1,None,Paid,0,0,0,Regular
APP11281,2026-06-15,59,Female,Jaipur,Salaried,63900,704,1,21128,0.41,No,560000,24,9.15,Branch,Pending,Rejected,18.0,Not Disbursed,,None,Not Applicable,0,0,0,Not Applicable
APP11282,2026-01-09,26,Female,Mumbai,Salaried,126000,736,2,39902,0.6,No,1080000,24,11.79,Mobile App,Completed,Approved,6.7,Disbursed,4.3,None,Paid,0,0,0,Regular
APP11283,2026-06-01,44,Male,Pune,Salaried,76100,670,2,22559,0.45,No,690000,36,10.41,Mobile App,Completed,Approved,9.3,Disbursed,0.8,None,Paid,0,0,0,Regular
APP11284,2026-04-25,52,Female,Chennai,Salaried,47000,765,1,15730,0.64,No,270000,24,10.5,Partner,Completed,Pending,17.2,Not Disbursed,,None,Not Applicable,0,0,0,Not Applicable
APP11285,2026-07-11,31,Male,Bengaluru,Self-Employed,67100,794,1,21971,0.05,No,520000,36,9.97,Branch,Completed,Approved,14.8,Disbursed,5.1,None,Paid,0,0,0,Regular
APP11286,2026-03-28,39,Female,Mumbai,Self-Employed,25700,783,0,2301,0.39,No,50000,60,10.95,Branch,Completed,Rejected,11.8,Not Disbursed,,Credit Assessment,Not Applicable,0,0,0,Not Applicable
APP11287,2026-03-26,39,Male,Hyderabad,Salaried,80000,710,0,31131,0.47,No,670000,12,9.61,Partner,Completed,Pending,21.1,Not Disbursed,,None,Not Applicable,0,0,0,Not Applicable
APP11288,2026-04-30,57,Female,Lucknow,Salaried,45400,761,0,18821,0.34,No,490000,12,9.05,Mobile App,Pending,Rejected,13.1,Not Disbursed,,None,Not Applicable,0,0,0,Not Applicable
APP11289,2026-09-15,53,Male,Ahmedabad,Salaried,21300,644,0,5073,0.16,No,100000,12,9.85,Website,Completed,Approved,14.1,Disbursed,1.5,None,Paid,0,0,0,Regular
APP11290,2026-04-09,35,Female,Hyderabad,Salaried,47100,653,1,13266,0.4,No,110000,24,10.62,Website,Completed,Approved,11.6,Disbursed,2.1,None,Bounce,1,1,0,Intensive Follow-up
APP11291,2026-02-17,56,Male,Pune,Salaried,87300,630,2,13088,0.37,No,980000,36,12.27,Mobile App,Completed,Rejected,3.9,Not Disbursed,,Credit Assessment,Not Applicable,0,0,0,Not Applicable
APP11292,2026-07-20,53,Male,Ahmedabad,Salaried,19500,717,0,1725,0.52,No,60000,24,9.44,Mobile App,Completed,Rejected,5.4,Not Disbursed,,Credit Assessment,Not Applicable,0,0,0,Not Applicable
APP11293,2026-08-14,52,Female,Bengaluru,Salaried,91900,805,2,19053,0.17,No,720000,48,11.91,Mobile App,Completed,Approved,1,Disbursed,1.7,None,Paid,0,0,0,Regular
APP11294,2026-05-07,22,Male,Lucknow,Salaried,78000,595,1,16207,0.47,No,340000,36,11.37,Mobile App,Completed,Rejected,6.1,Not Disbursed,,Credit Assessment,Not Applicable,0,0,0,Not Applicable
APP11295,2026-05-27,50,Female,Ahmedabad,Salaried,73700,802,1,30795,0.41,No,370000,18,11.53,Mobile App,Completed,Pending,8.1,Not Disbursed,,None,Not Applicable,0,0,0,Not Applicable
APP11296,2026-02-27,55,Male,Jaipur,Salaried,78000,796,1,22914,0.41,No,640000,60,8.85,Website,Completed,Approved,3.9,Disbursed,3.0,None,Paid,0,0,0,Regular
APP11297,2026-01-17,28,Male,Kolkata,Self-Employed,56000,681,0,23312,0.51,No,290000,60,9.81,Branch,Completed,Rejected,13.7,Not Disbursed,,Credit Assessment,Not Applicable,0,0,0,Not Applicable
APP11298,2026-01-20,36,Female,Ahmedabad,Salaried,42800,641,1,18369,0.48,No,220000,12,10.07,Branch,Completed,Approved,12.7,Disbursed,6.3,None,Paid,0,0,0,Regular
APP11299,2026-07-24,43,Male,Mumbai,Salaried,44700,648,1,15341,0.4,Yes,160000,12,12.43,Mobile App,Completed,Approved,9.9,Disbursed,3.1,None,Bounce,1,0,0,Watch
APP11300,2026-05-20,22,Male,Chennai,Salaried,64700,730,3,20399,0.42,No,660000,18,10.53,Mobile App,Completed,Approved,5.4,Disbursed,3.2,None,Paid,0,0,0,Regular
APP11301,2026-03-06,41,Female,Chennai,Self-Employed,45400,850,1,17931,0.77,No,280000,36,10.76,Mobile App,Completed,Pending,10.3,Not Disbursed,,Credit Assessment,Not Applicable,0,0,0,Not Applicable
APP11302,2026-07-28,49,Male,Pune,Salaried,57800,673,3,14461,0.13,No,450000,24,11.67,Branch,Completed,Rejected,14.6,Not Disbursed,,Credit Assessment,Not Applicable,0,0,0,Not Applicable
APP11303,2026-06-19,44,Female,Delhi,Salaried,44100,813,0,3842,0.39,No,300000,60,10.85,Mobile App,Pending,Rejected,14.3,Not Disbursed,,None,Not Applicable,0,0,0,Not Applicable
APP11304,2026-02-04,57,Female,Delhi,Salaried,33700,741,0,13111,0.35,No,170000,24,10.59,Mobile App,Completed,Approved,6.0,Disbursed,0.5,None,Paid,0,0,0,Regular
APP11305,2026-01-24,49,Female,Hyderabad,Salaried,65500,735,1,21578,0.36,No,400000,36,8.21,Branch,Completed,Pending,14.7,Not Disbursed,,None,Not Applicable,0,0,0,Not Applicable
APP11306,2026-05-06,49,Female,Jaipur,Professional,71400,716,1,25220,0.55,No,700000,48,9.33,Mobile App,Completed,Approved,4.1,Disbursed,1.1,None,Paid,0,0,0,Regular
APP11307,2026-02-12,43,Male,Jaipur,Salaried,42100,681,1,9683,0.05,No,200000,18,10.15,Website,Completed,Approved,6.6,Disbursed,4.1,None,Paid,0,0,0,Regular
APP11308,2026-05-04,56,Female,Delhi,Self-Employed,57300,734,1,20012,0.79,No,440000,36,8.24,Mobile App,Completed,Approved,2.1,Disbursed,0.9,None,Paid,0,0,0,Regular
APP11309,2026-03-03,57,Female,Hyderabad,Salaried,45000,673,0,17885,0.46,No,110000,60,11.47,Branch,Completed,Pending,18.3,Not Disbursed,,None,Not Applicable,0,0,0,Not Applicable
APP11310,2026-04-21,42,Female,Chennai,Professional,81500,740,3,22843,0.36,No,500000,36,11.32,Mobile App,Completed,Approved,3.4,Disbursed,4.6,None,Paid,0,0,0,Regular
APP11311,2026-05-06,44,Female,Kolkata,Salaried,100300,675,2,43808,0.59,No,870000,60,10.85,Mobile App,Completed,Pending,13.2,Not Disbursed,,Credit Assessment,Not Applicable,0,0,0,Not Applicable
APP11312,2026-08-11,24,Male,Jaipur,Self-Employed,44000,736,0,7180,0.72,No,380000,48,9.97,Branch,Pending,Rejected,18.2,Not Disbursed,,KYC,Not Applicable,0,0,0,Not Applicable
APP11313,2026-05-19,40,Male,Kolkata,Professional,36000,781,0,14382,0.44,No,140000,36,9.99,Mobile App,Completed,Approved,6.3,Disbursed,1.8,None,Paid,0,0,0,Regular
APP11314,2026-07-10,57,Female,Mumbai,Salaried,47400,731,2,13128,0.84,No,250000,36,11.81,Mobile App,Completed,Pending,13.7,Not Disbursed,,Credit Assessment,Not Applicable,0,0,0,Not Applicable
APP11315,2026-01-13,35,Female,Lucknow,Professional,48200,741,0,7906,0.59,No,240000,36,8.25,Mobile App,Completed,Approved,6.9,Disbursed,3.6,None,Paid,0,0,0,Regular
APP11316,2026-04-23,43,Male,Pune,Salaried,95600,758,2,20583,0.51,No,520000,36,9.99,Partner,Completed,Rejected,10.4,Not Disbursed,,Credit Assessment,Not Applicable,0,0,0,Not Applicable
APP11317,2026-03-05,32,Female,Lucknow,Salaried,143200,762,1,40238,0.37,No,620000,12,10.53,Branch,Completed,Approved,17.0,Disbursed,5.3,None,Paid,0,0,0,Regular
APP11318,2026-09-02,55,Male,Jaipur,Salaried,41500,848,2,12871,0.5,No,390000,12,11.8,Branch,Completed,Approved,13.5,Disbursed,2.9,None,Paid,0,0,0,Regular
APP11319,2026-04-12,57,Male,Jaipur,Salaried,20000,833,1,2666,0.72,No,110000,48,10.59,Mobile App,Completed,Approved,5.1,Disbursed,3.2,None,Paid,0,0,0,Regular
APP11320,2026-02-11,59,Female,Jaipur,Salaried,23900,766,2,10206,0.41,Yes,100000,60,10.77,Mobile App,Completed,Rejected,3.5,Not Disbursed,,Credit Assessment,Not Applicable,0,0,0,Not Applicable
APP11321,2026-08-23,22,Female,Delhi,Salaried,43600,836,1,16061,0.3,No,50000,36,8.89,Branch,Completed,Pending,13.6,Not Disbursed,,None,Not Applicable,0,0,0,Not Applicable
APP11322,2026-07-25,40,Male,Ahmedabad,Salaried,38300,660,1,11334,0.46,No,130000,24,10.17,Branch,Completed,Approved,13.4,Disbursed,4.7,None,Paid,0,0,0,Regular
APP11323,2026-01-17,49,Female,Lucknow,Self-Employed,46700,759,0,3861,0.62,No,270000,24,8.21,Mobile App,Completed,Approved,3.7,Disbursed,3.3,None,Paid,0,0,0,Regular
APP11324,2026-04-20,26,Female,Bengaluru,Self-Employed,47400,744,2,13011,0.39,No,200000,60,10.39,Branch,Completed,Pending,14.6,Not Disbursed,,None,Not Applicable,0,0,0,Not Applicable
APP11325,2026-08-29,25,Female,Kolkata,Salaried,61700,613,3,8544,0.07,No,430000,24,12.2,Website,Completed,Approved,10.5,Disbursed,0.9,None,Paid,0,0,0,Regular
APP11326,2026-06-03,60,Female,Hyderabad,Salaried,98000,743,1,22882,0.67,No,480000,48,9.02,Mobile App,Completed,Approved,5.5,Disbursed,1.2,None,Paid,0,0,0,Regular
APP11327,2026-09-15,52,Male,Pune,Salaried,132900,704,2,45433,0.33,No,1200000,48,9.27,Partner,Completed,Approved,17.8,Disbursed,3.5,None,Paid,0,0,0,Regular
APP11328,2026-05-16,49,Female,Hyderabad,Salaried,63100,739,1,8731,0.38,Yes,610000,60,11.72,Mobile App,Completed,Pending,7.1,Not Disbursed,,None,Not Applicable,0,0,0,Not Applicable
APP11329,2026-06-03,40,Male,Pune,Salaried,58100,784,2,22301,0.62,No,480000,48,10.35,Mobile App,Completed,Approved,5.5,Disbursed,2.3,None,Paid,0,0,0,Regular
APP11330,2026-06-29,24,Female,Kolkata,Salaried,40600,758,2,6509,0.61,No,180000,18,10.2,Partner,Completed,Pending,18.4,Not Disbursed,,None,Not Applicable,0,0,0,Not Applicable
APP11331,2026-06-23,47,Male,Delhi,Salaried,75600,703,1,16476,0.52,No,380000,12,11.48,Mobile App,Completed,Approved,5.5,Disbursed,3.0,None,Paid,0,0,0,Regular
APP11332,2026-02-18,51,Female,Jaipur,Salaried,27800,682,1,11629,0.5,No,150000,12,11.45,Partner,Completed,Approved,15.5,Disbursed,3.6,None,Paid,0,0,0,Regular
APP11333,2026-08-05,58,Female,Lucknow,Salaried,50000,668,1,13921,0.27,No,370000,60,9.37,Branch,Completed,Pending,23.9,Not Disbursed,,None,Not Applicable,0,0,0,Not Applicable
APP11334,2026-09-25,58,Female,Bengaluru,Salaried,31500,749,2,15074,0.58,No,70000,18,10.22,Mobile App,Completed,Pending,4.9,Not Disbursed,,None,Not Applicable,0,0,0,Not Applicable
APP11335,2026-02-17,45,Female,Ahmedabad,Salaried,29200,850,0,4295,0.05,No,190000,18,8.67,Mobile App,Completed,Pending,11.7,Not Disbursed,,None,Not Applicable,0,0,0,Not Applicable
APP11336,2026-02-28,28,Male,Mumbai,Self-Employed,145000,714,2,51507,0.25,No,450000,60,11.28,Branch,Completed,Approved,14.6,Disbursed,5.2,None,Paid,0,0,0,Regular
APP11337,2026-02-03,42,Male,Jaipur,Self-Employed,55500,781,1,16405,0.44,No,220000,12,8.56,Branch,Pending,Pending,18.2,Not Disbursed,,KYC,Not Applicable,0,0,0,Not Applicable
APP11338,2026-07-26,24,Male,Kolkata,Salaried,25900,798,0,8794,0.35,No,50000,48,8.05,Branch,Completed,Approved,10.4,Disbursed,4.2,None,Paid,0,0,0,Regular
APP11339,2026-01-09,42,Male,Jaipur,Salaried,125200,702,2,42102,0.32,No,590000,60,9.52,Website,Completed,Approved,5.6,Disbursed,2.5,None,Paid,0,0,0,Regular
APP11340,2026-07-12,43,Female,Ahmedabad,Professional,78900,687,2,12755,0.29,Yes,410000,24,12.22,Mobile App,Completed,Approved,4.7,Disbursed,2.6,None,Paid,0,0,0,Regular
APP11341,2026-07-31,41,Male,Mumbai,Salaried,110200,786,0,12274,0.43,No,680000,36,9.93,Mobile App,Completed,Approved,4.6,Disbursed,2.7,None,Paid,0,0,0,Regular
APP11342,2026-01-18,23,Female,Chennai,Salaried,154200,725,2,71215,0.51,No,480000,18,8.0,Branch,Completed,Approved,13.9,Disbursed,4.3,None,Paid,0,0,0,Regular
APP11343,2026-07-10,41,Male,Jaipur,Self-Employed,43200,758,2,19190,0.37,No,440000,18,11.67,Mobile App,Completed,Rejected,5.0,Not Disbursed,,Credit Assessment,Not Applicable,0,0,0,Not Applicable
APP11344,2026-01-16,22,Female,Lucknow,Salaried,65000,667,1,19739,0.33,No,480000,60,12.29,Mobile App,Completed,Approved,6.2,Disbursed,4.2,None,Paid,0,0,0,Regular
APP11345,2026-09-22,55,Male,Ahmedabad,Salaried,130800,690,2,53885,0.28,No,1200000,12,8.92,Website,Completed,Approved,7.3,Disbursed,3.3,None,Paid,0,0,0,Regular
APP11346,2026-08-02,27,Male,Mumbai,Self-Employed,58400,814,2,17600,0.39,No,440000,24,8.85,Mobile App,Completed,Approved,6.1,Disbursed,3.3,None,Paid,0,0,0,Regular
APP11347,2026-05-08,40,Male,Jaipur,Salaried,73800,619,1,14695,0.41,No,170000,48,11.03,Mobile App,Completed,Pending,13.1,Not Disbursed,,Credit Assessment,Not Applicable,0,0,0,Not Applicable
APP11348,2026-02-06,44,Female,Jaipur,Salaried,107800,694,2,15779,0.57,No,630000,60,11.26,Website,Completed,Approved,6.8,Disbursed,2.5,None,Paid,0,0,0,Regular
APP11349,2026-01-08,34,Male,Kolkata,Salaried,60200,720,0,6938,0.31,No,490000,12,11.22,Branch,Completed,Rejected,16.1,Not Disbursed,,Credit Assessment,Not Applicable,0,0,0,Not Applicable
APP11350,2026-08-19,26,Female,Hyderabad,Salaried,93300,738,1,18231,0.67,No,340000,36,8.66,Mobile App,Completed,Approved,3.8,Disbursed,3.3,None,Paid,0,0,0,Regular
APP11351,2026-03-08,48,Male,Ahmedabad,Salaried,29600,841,1,6358,0.64,No,280000,60,8.46,Mobile App,Completed,Approved,2.3,Disbursed,3.6,None,Paid,0,0,0,Regular
APP11352,2026-01-21,57,Male,Ahmedabad,Salaried,37300,679,0,6965,0.4,No,370000,18,12.54,Partner,Completed,Pending,23.1,Not Disbursed,,Credit Assessment,Not Applicable,0,0,0,Not Applicable
APP11353,2026-06-30,49,Female,Ahmedabad,Salaried,35800,725,0,5756,0.27,No,340000,36,9.61,Partner,Completed,Approved,15.4,Disbursed,5.5,None,Paid,0,0,0,Regular
APP11354,2026-08-14,21,Male,Ahmedabad,Salaried,67200,753,1,29421,0.48,No,380000,18,8.53,Partner,Completed,Approved,16.8,Disbursed,3.6,None,Paid,0,0,0,Regular
APP11355,2026-05-16,37,Male,Pune,Salaried,27300,797,1,3862,0.44,No,120000,12,8.82,Website,Completed,Approved,8.0,Disbursed,3.0,None,Paid,0,0,0,Regular
APP11356,2026-02-12,42,Male,Hyderabad,Salaried,48000,822,2,19549,0.17,No,400000,24,10.76,Mobile App,Completed,Approved,5.8,Disbursed,4.0,None,Paid,0,0,0,Regular
APP11357,2026-09-07,42,Male,Chennai,Self-Employed,80300,774,1,23472,0.45,No,500000,60,9.46,Mobile App,Completed,Approved,6.5,Disbursed,3.9,None,Paid,0,0,0,Regular
APP11358,2026-01-07,34,Female,Jaipur,Salaried,20200,732,2,6997,0.48,No,320000,60,10.72,Mobile App,Completed,Approved,3.2,Disbursed,3.5,None,Paid,0,0,0,Regular
APP11359,2026-02-19,52,Male,Delhi,Salaried,24100,734,1,4452,0.42,No,100000,12,11.2,Mobile App,Completed,Approved,5.7,Disbursed,3.0,None,Paid,0,0,0,Regular
APP11360,2026-04-03,45,Male,Hyderabad,Self-Employed,73200,801,1,20219,0.57,No,480000,36,11.05,Mobile App,Completed,Approved,5.8,Disbursed,3.2,None,Paid,0,0,0,Regular
APP11361,2026-08-28,50,Female,Hyderabad,Salaried,37000,678,1,5126,0.4,No,200000,60,8.87,Branch,Completed,Pending,18.1,Not Disbursed,,None,Not Applicable,0,0,0,Not Applicable
APP11362,2026-06-25,28,Male,Hyderabad,Self-Employed,65300,712,1,5335,0.09,No,340000,60,10.85,Branch,Completed,Approved,14.2,Disbursed,4.5,None,Paid,0,0,0,Regular
APP11363,2026-08-06,51,Female,Chennai,Salaried,113000,720,2,49362,0.31,No,1140000,24,11.54,Branch,Completed,Approved,11.9,Disbursed,5.1,None,Paid,0,0,0,Regular
APP11364,2026-01-19,43,Male,Hyderabad,Self-Employed,57300,782,0,18005,0.21,No,390000,60,10.87,Mobile App,Completed,Pending,12.9,Not Disbursed,,None,Not Applicable,0,0,0,Not Applicable
APP11365,2026-09-04,29,Female,Chennai,Salaried,54500,721,0,19444,0.31,No,360000,24,10.1,Mobile App,Completed,Approved,6.2,Disbursed,2.1,None,Paid,0,0,0,Regular
APP11366,2026-02-14,44,Female,Pune,Salaried,77800,766,2,17244,0.3,No,220000,24,9.41,Website,Completed,Approved,7.3,Disbursed,3.7,None,Paid,0,0,0,Regular
APP11367,2026-07-21,45,Female,Hyderabad,Self-Employed,47300,770,2,10182,0.18,No,190000,24,11.46,Branch,Completed,Approved,11.0,Disbursed,3.9,None,Paid,0,0,0,Regular
APP11368,2026-02-26,23,Female,Bengaluru,Professional,18600,730,2,3427,0.82,No,220000,12,10.73,Website,Completed,Approved,8.1,Disbursed,4.0,None,Paid,0,0,0,Regular
APP11369,2026-04-18,59,Female,Kolkata,Salaried,56900,675,1,15465,0.76,Yes,200000,24,12.32,Website,Completed,Approved,11.4,Disbursed,2.3,None,Paid,0,0,0,Regular
APP11370,2026-05-03,22,Male,Chennai,Self-Employed,106500,761,2,42461,0.54,No,610000,36,11.53,Mobile App,Completed,Rejected,8.3,Not Disbursed,,Credit Assessment,Not Applicable,0,0,0,Not Applicable
APP11371,2026-09-16,46,Male,Pune,Salaried,31200,707,0,13640,0.29,No,110000,18,11.37,Mobile App,Completed,Pending,8.0,Not Disbursed,,Credit Assessment,Not Applicable,0,0,0,Not Applicable
APP11372,2026-04-27,21,Male,Delhi,Self-Employed,82200,656,3,35585,0.4,No,630000,48,10.3,Branch,Completed,Approved,13.3,Disbursed,4.3,None,Paid,0,0,0,Regular
APP11373,2026-05-12,43,Male,Kolkata,Professional,45700,815,0,14143,0.22,No,210000,36,8.98,Branch,Completed,Rejected,13.0,Not Disbursed,,Credit Assessment,Not Applicable,0,0,0,Not Applicable
APP11374,2026-06-25,26,Female,Jaipur,Salaried,96200,637,3,32112,0.49,No,990000,12,10.28,Partner,Completed,Approved,17.9,Disbursed,2.5,None,Paid,0,0,0,Regular
APP11375,2026-01-02,60,Male,Mumbai,Salaried,48100,764,2,23117,0.44,No,280000,48,11.91,Partner,Completed,Approved,15.4,Disbursed,5.1,None,Paid,0,0,0,Regular
APP11376,2026-09-30,22,Female,Lucknow,Salaried,30800,688,2,6380,0.18,No,180000,24,9.2,Branch,Completed,Approved,9.7,Disbursed,5.3,None,Paid,0,0,0,Regular
APP11377,2026-04-15,23,Male,Kolkata,Professional,18000,736,2,8785,0.45,No,50000,18,10.35,Branch,Pending,Pending,21.8,Not Disbursed,,None,Not Applicable,0,0,0,Not Applicable
APP11378,2026-09-16,54,Male,Bengaluru,Salaried,87300,708,1,34699,0.23,No,360000,48,9.61,Mobile App,Completed,Approved,5.3,Disbursed,3.5,None,Paid,0,0,0,Regular
APP11379,2026-06-23,44,Female,Ahmedabad,Self-Employed,146100,846,2,50981,0.44,No,1040000,60,8.06,Branch,Completed,Approved,13.0,Disbursed,3.9,None,Paid,0,0,0,Regular
APP11380,2026-07-08,39,Male,Hyderabad,Salaried,47900,708,0,16448,0.79,Yes,500000,36,11.68,Website,Completed,Approved,7.6,Disbursed,1.7,None,Paid,0,0,0,Regular
APP11381,2026-03-17,53,Male,Mumbai,Salaried,89500,743,0,32580,0.23,No,530000,18,11.41,Mobile App,Completed,Rejected,7.4,Not Disbursed,,Credit Assessment,Not Applicable,0,0,0,Not Applicable
APP11382,2026-08-12,58,Male,Pune,Salaried,53700,785,1,22033,0.08,No,310000,60,9.71,Website,Completed,Rejected,4.5,Not Disbursed,,Credit Assessment,Not Applicable,0,0,0,Not Applicable
APP11383,2026-03-17,33,Male,Chennai,Self-Employed,69900,708,2,32406,0.69,No,290000,60,10.96,Mobile App,Completed,Approved,6.4,Disbursed,3.4,None,Paid,0,0,0,Regular
APP11384,2026-03-04,46,Female,Delhi,Professional,66300,804,0,6516,0.19,No,460000,24,9.7,Mobile App,Completed,Approved,3.4,Disbursed,4.6,None,Paid,0,0,0,Regular
APP11385,2026-07-09,56,Male,Pune,Salaried,35800,718,1,13731,0.2,No,230000,48,11.68,Branch,Completed,Approved,12.0,Disbursed,4.2,None,Paid,0,0,0,Regular
APP11386,2026-01-13,51,Male,Bengaluru,Salaried,75000,691,2,11033,0.66,No,220000,60,12.5,Mobile App,Completed,Approved,9.9,Disbursed,2.4,None,Paid,0,0,0,Regular
APP11387,2026-08-18,23,Female,Jaipur,Salaried,75600,732,1,25857,0.31,No,620000,36,10.08,Mobile App,Completed,Approved,5.6,Disbursed,3.1,None,Paid,0,0,0,Regular
APP11388,2026-05-30,25,Male,Lucknow,Salaried,52700,744,0,9061,0.68,No,330000,48,9.92,Branch,Completed,Approved,13.5,Disbursed,5.0,None,Paid,0,0,0,Regular
APP11389,2026-03-28,30,Male,Kolkata,Salaried,79000,765,2,15135,0.11,No,490000,60,9.24,Website,Completed,Approved,6.1,Disbursed,1.9,None,Paid,0,0,0,Regular
APP11390,2026-01-06,54,Female,Delhi,Salaried,96700,810,1,32894,0.42,No,710000,24,11.39,Website,Completed,Approved,6.0,Disbursed,5.3,None,Paid,0,0,0,Regular
APP11391,2026-03-12,57,Male,Hyderabad,Self-Employed,61600,742,1,25381,0.31,No,360000,18,8.74,Branch,Completed,Rejected,11.7,Not Disbursed,,Credit Assessment,Not Applicable,0,0,0,Not Applicable
APP11392,2026-06-16,24,Female,Pune,Salaried,111400,809,0,17310,0.6,No,1000000,24,10.7,Mobile App,Completed,Approved,1,Disbursed,3.2,None,Paid,0,0,0,Regular
APP11393,2026-08-28,49,Male,Chennai,Self-Employed,52300,685,2,8098,0.47,No,440000,36,8.85,Branch,Completed,Approved,10.1,Disbursed,4.7,None,Paid,0,0,0,Regular
APP11394,2026-06-12,47,Female,Kolkata,Salaried,55800,794,2,8301,0.52,No,570000,24,11.52,Website,Completed,Approved,10.2,Disbursed,1.8,None,Paid,0,0,0,Regular
APP11395,2026-01-01,56,Female,Jaipur,Salaried,43900,779,2,19806,0.62,No,250000,36,9.61,Mobile App,Completed,Approved,4.1,Disbursed,2.9,None,Paid,0,0,0,Regular
APP11396,2026-08-08,53,Male,Delhi,Self-Employed,54600,774,0,11430,0.29,No,440000,36,8.38,Mobile App,Completed,Approved,3.9,Disbursed,3.1,None,Paid,0,0,0,Regular
APP11397,2026-08-17,28,Male,Pune,Salaried,110000,743,1,9241,0.6,No,1050000,48,8.96,Mobile App,Completed,Approved,5.4,Disbursed,3.3,None,Paid,0,0,0,Regular
APP11398,2026-03-16,30,Female,Pune,Salaried,36800,796,2,9569,0.58,No,160000,36,9.0,Branch,Pending,Rejected,19.4,Not Disbursed,,KYC,Not Applicable,0,0,0,Not Applicable
APP11399,2026-02-08,41,Female,Bengaluru,Salaried,69000,734,1,24004,0.44,No,650000,60,11.09,Partner,Pending,Rejected,21.4,Not Disbursed,,KYC,Not Applicable,0,0,0,Not Applicable
APP11400,2026-06-13,32,Female,Jaipur,Salaried,27500,737,2,7289,0.05,No,210000,18,11.87,Website,Completed,Pending,14.4,Not Disbursed,,None,Not Applicable,0,0,0,Not Applicable
APP11401,2026-01-18,47,Female,Mumbai,Professional,59400,724,0,8003,0.53,No,490000,24,9.22,Partner,Completed,Rejected,13.9,Not Disbursed,,Credit Assessment,Not Applicable,0,0,0,Not Applicable
APP11402,2026-04-10,25,Female,Hyderabad,Salaried,32500,721,1,11916,0.56,No,50000,12,9.86,Mobile App,Completed,Pending,11.4,Not Disbursed,,None,Not Applicable,0,0,0,Not Applicable
APP11403,2026-04-25,24,Female,Jaipur,Professional,39400,714,1,14615,0.86,No,150000,18,11.57,Mobile App,Completed,Rejected,2.4,Not Disbursed,,Credit Assessment,Not Applicable,0,0,0,Not Applicable
APP11404,2026-07-05,57,Male,Delhi,Salaried,97300,707,2,28650,0.52,Yes,590000,60,11.83,Mobile App,Completed,Approved,5.6,Disbursed,3.3,None,Paid,0,0,0,Regular
APP11405,2026-07-01,58,Female,Kolkata,Salaried,57800,743,0,23644,0.43,No,270000,24,11.31,Branch,Completed,Approved,11.6,Disbursed,4.2,None,Paid,0,0,0,Regular
APP11406,2026-08-19,42,Male,Chennai,Salaried,129700,655,1,22899,0.41,No,300000,36,9.74,Partner,Completed,Rejected,17.2,Not Disbursed,,Credit Assessment,Not Applicable,0,0,0,Not Applicable
APP11407,2026-05-23,31,Female,Bengaluru,Professional,115800,744,1,33305,0.08,No,360000,48,11.38,Branch,Completed,Pending,17.5,Not Disbursed,,Credit Assessment,Not Applicable,0,0,0,Not Applicable
APP11408,2026-07-17,21,Male,Delhi,Self-Employed,50400,669,3,18990,0.29,No,230000,12,11.05,Mobile App,Completed,Pending,12.6,Not Disbursed,,Credit Assessment,Not Applicable,0,0,0,Not Applicable
APP11409,2026-03-03,27,Female,Chennai,Salaried,86700,730,1,22682,0.46,No,560000,48,11.88,Partner,Completed,Rejected,16.2,Not Disbursed,,Credit Assessment,Not Applicable,0,0,0,Not Applicable
APP11410,2026-09-08,44,Female,Lucknow,Professional,102200,779,1,21475,0.19,Yes,460000,60,10.91,Branch,Completed,Approved,13.7,Disbursed,3.3,None,Paid,0,0,0,Regular
APP11411,2026-04-13,37,Male,Hyderabad,Salaried,62800,716,2,30125,0.31,No,260000,48,8.33,Partner,Completed,Approved,14.5,Disbursed,3.5,None,Paid,0,0,0,Regular
APP11412,2026-01-21,45,Male,Kolkata,Salaried,34400,816,0,14998,0.32,No,160000,60,9.28,Website,Completed,Pending,11.6,Not Disbursed,,None,Not Applicable,0,0,0,Not Applicable
APP11413,2026-04-11,46,Male,Jaipur,Self-Employed,76500,710,2,21933,0.46,No,680000,36,9.36,Mobile App,Completed,Approved,7.6,Disbursed,3.8,None,Paid,0,0,0,Regular
APP11414,2026-06-11,44,Female,Pune,Salaried,40900,807,2,13045,0.22,No,420000,24,9.3,Website,Completed,Pending,8.4,Not Disbursed,,None,Not Applicable,0,0,0,Not Applicable
APP11415,2026-08-24,51,Male,Ahmedabad,Self-Employed,90300,805,2,34102,0.78,No,690000,60,8.63,Website,Completed,Approved,8.6,Disbursed,4.3,None,Paid,0,0,0,Regular
APP11416,2026-09-24,60,Female,Mumbai,Self-Employed,30500,750,0,7154,0.47,No,160000,48,10.15,Partner,Completed,Pending,20.0,Not Disbursed,,None,Not Applicable,0,0,0,Not Applicable
APP11417,2026-09-26,41,Female,Lucknow,Self-Employed,64000,821,2,8690,0.54,No,470000,48,11.2,Branch,Completed,Approved,11.1,Disbursed,4.2,None,Paid,0,0,0,Regular
APP11418,2026-04-07,53,Male,Lucknow,Salaried,123000,830,1,49100,0.28,No,610000,48,9.2,Mobile App,Completed,Approved,4.8,Disbursed,2.7,None,Paid,0,0,0,Regular
APP11419,2026-03-28,44,Female,Delhi,Professional,79200,713,0,15183,0.77,No,730000,12,8.72,Partner,Pending,Rejected,20.6,Not Disbursed,,KYC,Not Applicable,0,0,0,Not Applicable
APP11420,2026-02-09,36,Male,Mumbai,Salaried,41600,772,1,17976,0.46,No,290000,12,8.21,Mobile App,Completed,Approved,4.4,Disbursed,3.6,None,Paid,0,0,0,Regular
APP11421,2026-02-13,57,Other,Chennai,Salaried,41700,607,1,6072,0.43,No,120000,36,12.38,Mobile App,Completed,Pending,10.6,Not Disbursed,,None,Not Applicable,0,0,0,Not Applicable
APP11422,2026-01-31,42,Female,Pune,Salaried,37400,805,1,16560,0.11,No,130000,24,10.82,Branch,Completed,Approved,9.5,Disbursed,3.5,None,Paid,0,0,0,Regular
APP11423,2026-03-03,32,Male,Hyderabad,Salaried,120600,719,2,56306,0.41,No,400000,12,9.16,Mobile App,Completed,Approved,3.3,Disbursed,4.2,None,Paid,0,0,0,Regular
APP11424,2026-02-07,31,Female,Bengaluru,Salaried,38800,773,2,5661,0.77,No,360000,36,10.76,Branch,Completed,Approved,14.1,Disbursed,4.3,None,Paid,0,0,0,Regular
APP11425,2026-02-01,30,Male,Lucknow,Salaried,69300,850,0,28958,0.37,No,320000,24,10.07,Branch,Completed,Approved,14.4,Disbursed,5.5,None,Paid,0,0,0,Regular
APP11426,2026-03-13,29,Female,Chennai,Salaried,81300,735,3,10941,0.67,No,870000,36,9.25,Mobile App,Completed,Approved,7.1,Disbursed,1.8,None,Paid,0,0,0,Regular
APP11427,2026-09-13,37,Female,Jaipur,Salaried,53900,666,0,17311,0.25,No,290000,60,11.03,Branch,Completed,Pending,20.6,Not Disbursed,,None,Not Applicable,0,0,0,Not Applicable
APP11428,2026-06-26,29,Female,Ahmedabad,Self-Employed,38700,709,3,15039,0.46,No,310000,48,9.33,Branch,Completed,Approved,13.5,Disbursed,4.3,None,Paid,0,0,0,Regular
APP11429,2026-07-15,48,Female,Delhi,Salaried,60200,798,2,23951,0.42,No,430000,18,10.59,Mobile App,Completed,Approved,4.6,Disbursed,4.1,None,Paid,0,0,0,Regular
APP11430,2026-04-06,31,Male,Ahmedabad,Salaried,51900,850,1,7621,0.37,No,390000,18,10.7,Partner,Completed,Approved,13.1,Disbursed,4.7,None,Paid,0,0,0,Regular
APP11431,2026-08-22,33,Female,Hyderabad,Self-Employed,71300,842,4,9356,0.36,No,70000,24,9.51,Branch,Completed,Approved,10.2,Disbursed,4.8,None,Paid,0,0,0,Regular
APP11432,2026-04-11,47,Male,Kolkata,Salaried,26500,678,1,2835,0.62,No,120000,60,12.11,Mobile App,Completed,Pending,14.5,Not Disbursed,,None,Not Applicable,0,0,0,Not Applicable
APP11433,2026-01-06,33,Male,Chennai,Salaried,48400,706,0,20360,0.31,Yes,130000,24,12.05,Mobile App,Completed,Pending,10.0,Not Disbursed,,None,Not Applicable,0,0,0,Not Applicable
APP11434,2026-09-27,42,Male,Hyderabad,Salaried,40000,832,2,12099,0.17,No,90000,60,11.26,Branch,Completed,Approved,7.6,Disbursed,4.8,None,Paid,0,0,0,Regular
APP11435,2026-04-22,57,Male,Chennai,Professional,42100,753,1,18232,0.07,No,340000,48,8.28,Branch,Completed,Pending,16.7,Not Disbursed,,None,Not Applicable,0,0,0,Not Applicable
APP11436,2026-07-10,40,Male,Pune,Salaried,39000,729,0,17133,0.61,Yes,110000,48,10.86,Branch,Completed,Rejected,11.5,Not Disbursed,,Credit Assessment,Not Applicable,0,0,0,Not Applicable
APP11437,2026-09-02,23,Male,Bengaluru,Salaried,36200,688,2,10367,0.52,No,150000,60,12.09,Mobile App,Completed,Pending,8.9,Not Disbursed,,None,Not Applicable,0,0,0,Not Applicable
APP11438,2026-06-22,21,Female,Bengaluru,Professional,34100,732,3,8304,0.45,No,330000,12,9.47,Branch,Completed,Approved,14.8,Disbursed,5.1,None,Paid,0,0,0,Regular
APP11439,2026-09-12,50,Male,Bengaluru,Salaried,22800,698,0,6859,0.24,No,230000,60,11.3,Mobile App,Completed,Approved,6.2,Disbursed,1.5,None,Paid,0,0,0,Regular
APP11440,2026-06-24,50,Male,Ahmedabad,Self-Employed,36200,763,2,11899,0.2,No,250000,18,10.96,Branch,Completed,Approved,12.3,Disbursed,5.3,None,Paid,0,0,0,Regular
APP11441,2026-02-24,47,Male,Delhi,Salaried,43200,708,0,19032,0.26,No,50000,60,11.31,Website,Completed,Approved,9.8,Disbursed,1.7,None,Paid,0,0,0,Regular
APP11442,2026-08-23,55,Male,Pune,Self-Employed,76900,653,2,18994,0.59,No,700000,36,11.58,Website,Completed,Pending,14.8,Not Disbursed,,None,Not Applicable,0,0,0,Not Applicable
APP11443,2026-03-26,38,Female,Chennai,Salaried,82800,730,1,35329,0.3,No,590000,48,10.58,Branch,Completed,Approved,11.0,Disbursed,3.3,None,Paid,0,0,0,Regular
APP11444,2026-05-24,29,Other,Delhi,Self-Employed,107800,734,1,33295,0.71,No,1180000,24,8.38,Mobile App,Completed,Approved,5.2,Disbursed,1.5,None,Paid,0,0,0,Regular
APP11445,2026-08-26,22,Male,Hyderabad,Salaried,50900,740,2,14779,0.39,No,340000,60,9.86,Mobile App,Completed,Approved,4.7,Disbursed,3.1,None,Paid,0,0,0,Regular
APP11446,2026-01-31,21,Female,Bengaluru,Salaried,110200,742,1,27718,0.7,No,910000,48,11.02,Branch,Pending,Pending,19.3,Not Disbursed,,None,Not Applicable,0,0,0,Not Applicable
APP11447,2026-08-07,24,Female,Pune,Salaried,31000,784,0,9246,0.53,No,210000,12,11.07,Website,Completed,Approved,11.1,Disbursed,4.4,None,Paid,0,0,0,Regular
APP11448,2026-07-15,39,Female,Pune,Salaried,41400,687,2,7292,0.2,No,280000,12,11.88,Mobile App,Completed,Approved,5.6,Disbursed,2.2,None,Paid,0,0,0,Regular
APP11449,2026-01-17,51,Female,Chennai,Salaried,63000,754,0,19888,0.66,No,560000,12,9.44,Mobile App,Completed,Approved,5.5,Disbursed,4.0,None,Paid,0,0,0,Regular
APP11450,2026-06-09,29,Female,Hyderabad,Salaried,66900,655,0,23874,0.34,No,300000,36,10.38,Partner,Completed,Rejected,19.9,Not Disbursed,,Credit Assessment,Not Applicable,0,0,0,Not Applicable
APP11451,2026-01-17,30,Female,Delhi,Salaried,82400,724,1,16248,0.05,No,550000,24,8.73,Mobile App,Completed,Approved,7.8,Disbursed,1.3,None,Paid,0,0,0,Regular
APP11452,2026-09-12,33,Female,Chennai,Salaried,83000,680,0,29267,0.05,No,800000,24,11.66,Website,Completed,Pending,13.3,Not Disbursed,,Credit Assessment,Not Applicable,0,0,0,Not Applicable
APP11453,2026-01-25,53,Female,Ahmedabad,Self-Employed,33100,781,1,6083,0.36,No,90000,24,9.74,Branch,Completed,Approved,11.5,Disbursed,4.4,None,Paid,0,0,0,Regular
APP11454,2026-02-21,45,Male,Jaipur,Professional,45600,732,0,17251,0.48,No,310000,48,8.56,Mobile App,Completed,Approved,4.5,Not Disbursed,,Documentation,Not Applicable,0,0,0,Not Applicable
APP11455,2026-03-11,22,Male,Hyderabad,Salaried,36400,836,1,8771,0.51,No,50000,18,9.44,Branch,Completed,Approved,9.0,Disbursed,5.8,None,Paid,0,0,0,Regular
APP11456,2026-03-21,27,Male,Hyderabad,Salaried,103700,749,0,17165,0.6,No,770000,60,9.84,Mobile App,Completed,Pending,8.7,Not Disbursed,,None,Not Applicable,0,0,0,Not Applicable
APP11457,2026-02-25,57,Female,Pune,Salaried,85500,651,0,17473,0.49,No,380000,48,11.35,Partner,Completed,Approved,16.9,Disbursed,4.5,None,Paid,0,0,0,Regular
APP11458,2026-05-22,39,Male,Bengaluru,Salaried,37100,778,1,3293,0.52,No,460000,18,11.91,Partner,Completed,Approved,11.6,Disbursed,5.5,None,Paid,0,0,0,Regular
APP11459,2026-07-02,38,Male,Kolkata,Salaried,49200,738,1,6171,0.44,No,450000,18,8.68,Website,Completed,Approved,10.7,Disbursed,3.4,None,Paid,0,0,0,Regular
APP11460,2026-04-06,54,Other,Bengaluru,Salaried,97600,729,2,20279,0.38,No,810000,36,8.32,Website,Completed,Pending,9.5,Not Disbursed,,None,Not Applicable,0,0,0,Not Applicable
APP11461,2026-07-02,43,Female,Mumbai,Salaried,38800,730,0,13109,0.12,No,320000,24,8.73,Partner,Completed,Approved,13.1,Disbursed,4.0,None,Paid,0,0,0,Regular
APP11462,2026-05-21,56,Male,Pune,Salaried,53000,769,1,16451,0.42,No,420000,12,11.77,Branch,Pending,Rejected,14.6,Not Disbursed,,None,Not Applicable,0,0,0,Not Applicable
APP11463,2026-03-22,40,Male,Mumbai,Professional,105700,783,1,33443,0.45,No,710000,12,11.78,Website,Completed,Approved,7.3,Disbursed,3.2,None,Paid,0,0,0,Regular
APP11464,2026-03-27,28,Male,Hyderabad,Salaried,78700,762,2,33901,0.56,No,380000,36,8.79,Branch,Pending,Approved,16.0,Not Disbursed,,KYC,Not Applicable,0,0,0,Not Applicable
APP11465,2026-06-23,56,Male,Mumbai,Self-Employed,46000,814,2,10740,0.68,No,520000,48,11.8,Mobile App,Completed,Approved,6.3,Disbursed,3.2,None,Paid,0,0,0,Regular
APP11466,2026-06-07,21,Male,Lucknow,Self-Employed,46900,685,2,10402,0.36,No,180000,48,11.87,Website,Completed,Approved,8.5,Disbursed,4.2,None,Paid,0,0,0,Regular
APP11467,2026-08-06,35,Male,Hyderabad,Self-Employed,47700,805,1,5688,0.59,No,250000,18,11.14,Partner,Completed,Rejected,16.7,Not Disbursed,,Credit Assessment,Not Applicable,0,0,0,Not Applicable
APP11468,2026-08-23,45,Female,Mumbai,Salaried,109800,674,2,48154,0.75,No,680000,36,11.48,Partner,Completed,Approved,18.0,Disbursed,4.2,None,Paid,0,0,0,Regular
APP11469,2026-05-13,48,Female,Delhi,Salaried,72600,696,1,18017,0.84,No,390000,12,12.41,Website,Completed,Approved,5.7,Disbursed,1.8,None,Paid,0,0,0,Regular
APP11470,2026-03-23,49,Male,Hyderabad,Salaried,40400,718,1,10840,0.26,No,420000,60,9.92,Website,Completed,Approved,12.6,Disbursed,3.8,None,Paid,0,0,0,Regular
APP11471,2026-07-18,34,Male,Ahmedabad,Salaried,21000,768,1,3616,0.71,No,160000,48,9.52,Partner,Completed,Approved,14.2,Disbursed,4.9,None,Paid,0,0,0,Regular
APP11472,2026-05-17,21,Male,Mumbai,Professional,42700,669,2,16575,0.45,No,200000,18,11.49,Website,Completed,Approved,9.4,Disbursed,2.6,None,Paid,0,0,0,Regular
APP11473,2026-05-26,59,Other,Ahmedabad,Professional,26600,801,1,11366,0.53,No,280000,12,8.79,Mobile App,Pending,Rejected,11.6,Not Disbursed,,None,Not Applicable,0,0,0,Not Applicable
APP11474,2026-06-07,56,Female,Kolkata,Salaried,98700,650,2,30287,0.5,No,570000,24,9.67,Mobile App,Completed,Approved,8.6,Disbursed,4.0,None,Paid,0,0,0,Regular
APP11475,2026-03-23,31,Male,Chennai,Professional,62700,814,0,9032,0.3,No,280000,18,8.49,Branch,Completed,Approved,11.6,Disbursed,3.0,None,Paid,0,0,0,Regular
APP11476,2026-08-26,57,Male,Mumbai,Salaried,75400,682,1,26073,0.4,No,380000,36,11.36,Partner,Completed,Pending,16.7,Not Disbursed,,Credit Assessment,Not Applicable,0,0,0,Not Applicable
APP11477,2026-07-17,45,Female,Hyderabad,Salaried,69100,781,1,26462,0.35,No,720000,60,9.6,Website,Pending,Pending,21.2,Not Disbursed,,None,Not Applicable,0,0,0,Not Applicable
APP11478,2026-05-22,37,Male,Kolkata,Salaried,75300,691,1,11180,0.55,No,180000,36,9.15,Mobile App,Completed,Approved,4.3,Disbursed,4.1,None,Paid,0,0,0,Regular
APP11479,2026-02-15,21,Female,Jaipur,Salaried,50800,733,0,4716,0.53,No,280000,36,10.18,Website,Completed,Approved,11.1,Disbursed,3.5,None,Paid,0,0,0,Regular
APP11480,2026-08-21,33,Other,Pune,Salaried,56100,702,1,11611,0.63,No,290000,48,11.19,Mobile App,Completed,Approved,3.6,Disbursed,2.1,None,Paid,0,0,0,Regular
APP11481,2026-08-12,54,Female,Delhi,Professional,34500,769,2,8941,0.49,No,70000,18,10.66,Branch,Completed,Approved,8.0,Disbursed,4.2,None,Paid,0,0,0,Regular
APP11482,2026-08-04,25,Male,Jaipur,Professional,36100,661,1,12905,0.2,No,370000,24,11.99,Partner,Completed,Pending,20.8,Not Disbursed,,None,Not Applicable,0,0,0,Not Applicable
APP11483,2026-09-11,31,Male,Kolkata,Self-Employed,74700,681,1,9208,0.6,No,500000,48,12.03,Mobile App,Completed,Approved,5.6,Disbursed,2.9,None,Paid,0,0,0,Regular
APP11484,2026-06-06,59,Male,Lucknow,Salaried,93000,807,1,30165,0.62,No,970000,24,11.26,Mobile App,Completed,Approved,2.4,Disbursed,1.4,None,Paid,0,0,0,Regular
APP11485,2026-09-11,38,Female,Bengaluru,Salaried,34300,706,1,5436,0.4,No,130000,18,9.54,Mobile App,Completed,Approved,5.1,Disbursed,2.6,None,Paid,0,0,0,Regular
APP11486,2026-08-27,59,Male,Hyderabad,Salaried,44700,725,2,18265,0.31,No,440000,60,8.1,Mobile App,Completed,Rejected,8.0,Not Disbursed,,Credit Assessment,Not Applicable,0,0,0,Not Applicable
APP11487,2026-03-07,37,Female,Hyderabad,Professional,65400,710,0,13182,0.38,No,720000,36,9.98,Mobile App,Completed,Approved,8.7,Disbursed,2.4,None,Paid,0,0,0,Regular
APP11488,2026-02-05,51,Male,Chennai,Salaried,57800,787,3,16203,0.63,No,530000,48,9.38,Website,Completed,Approved,8.5,Disbursed,2.7,None,Paid,0,0,0,Regular
APP11489,2026-01-23,27,Female,Hyderabad,Self-Employed,41300,739,2,16690,0.62,No,290000,24,8.88,Mobile App,Completed,Approved,6.7,Disbursed,4.0,None,Paid,0,0,0,Regular
APP11490,2026-01-18,28,Male,Delhi,Salaried,49100,685,1,16063,0.28,Yes,300000,12,12.03,Website,Completed,Rejected,10.5,Not Disbursed,,Credit Assessment,Not Applicable,0,0,0,Not Applicable
APP11491,2026-08-26,46,Male,Chennai,Salaried,75600,745,2,16848,0.55,No,540000,48,10.52,Mobile App,Completed,Approved,3.2,Disbursed,0.5,None,Paid,0,0,0,Regular
APP11492,2026-08-05,31,Male,Ahmedabad,Salaried,55000,813,1,22765,0.76,No,270000,12,8.85,Website,Completed,Approved,4.9,Disbursed,2.8,None,Bounce,1,1,1,Severe Delinquency
APP11493,2026-07-13,29,Female,Kolkata,Salaried,53200,675,2,9290,0.55,No,490000,18,10.31,Mobile App,Completed,Rejected,9.1,Not Disbursed,,Credit Assessment,Not Applicable,0,0,0,Not Applicable
APP11494,2026-07-17,47,Male,Jaipur,Salaried,42100,825,2,8651,0.52,No,380000,12,9.44,Mobile App,Completed,Pending,7.1,Not Disbursed,,None,Not Applicable,0,0,0,Not Applicable
APP11495,2026-02-17,57,Female,Lucknow,Salaried,101600,817,0,24958,0.38,No,870000,48,10.93,Branch,Completed,Approved,13.3,Disbursed,4.5,None,Paid,0,0,0,Regular
APP11496,2026-03-15,42,Female,Lucknow,Salaried,76200,742,2,11177,0.51,No,360000,18,8.49,Website,Completed,Approved,5.5,Disbursed,2.8,None,Paid,0,0,0,Regular
APP11497,2026-04-12,60,Male,Chennai,Salaried,76900,725,1,26533,0.23,No,290000,18,10.41,Mobile App,Completed,Approved,6.6,Disbursed,1.6,None,Paid,0,0,0,Regular
APP11498,2026-06-08,55,Male,Pune,Self-Employed,89400,730,1,38605,0.33,No,550000,36,8.84,Mobile App,Completed,Approved,3.3,Disbursed,2.6,None,Bounce,1,0,0,Watch
APP11499,2026-03-23,47,Male,Chennai,Professional,31600,694,2,6039,0.31,No,270000,18,10.47,Website,Completed,Rejected,5.3,Not Disbursed,,Credit Assessment,Not Applicable,0,0,0,Not Applicable
APP11500,2026-01-24,40,Male,Kolkata,Professional,102900,818,3,23675,0.35,No,850000,24,9.41,Mobile App,Completed,Pending,8.0,Not Disbursed,,None,Not Applicable,0,0,0,Not Applicable
APP11501,2026-05-06,40,Male,Kolkata,Salaried,31400,787,3,8568,0.41,No,110000,48,10.72,Website,Pending,Pending,12.4,Not Disbursed,,None,Not Applicable,0,0,0,Not Applicable
APP11502,2026-02-04,60,Female,Jaipur,Professional,63200,633,1,6156,0.64,No,410000,12,12.96,Branch,Completed,Approved,13.5,Disbursed,3.9,None,Paid,0,0,0,Regular
APP11503,2026-03-19,34,Male,Ahmedabad,Salaried,100000,717,1,32918,0.35,No,1020000,12,8.92,Website,Completed,Approved,7.4,Disbursed,2.5,None,Paid,0,0,0,Regular
APP11504,2026-05-06,33,Female,Kolkata,Salaried,86000,704,2,13711,0.43,No,440000,36,8.71,Mobile App,Completed,Approved,7.6,Disbursed,2.0,None,Paid,0,0,0,Regular
APP11505,2026-05-31,50,Male,Chennai,Salaried,66300,680,2,22892,0.42,No,610000,24,12.2,Mobile App,Completed,Rejected,4.9,Not Disbursed,,Credit Assessment,Not Applicable,0,0,0,Not Applicable
APP11506,2026-01-17,54,Female,Pune,Self-Employed,57000,778,1,19719,0.34,No,650000,12,11.38,Mobile App,Completed,Approved,4.4,Disbursed,3.2,None,Paid,0,0,0,Regular
APP11507,2026-04-20,24,Female,Pune,Self-Employed,80000,645,1,14778,0.44,No,260000,12,10.21,Partner,Completed,Rejected,15.9,Not Disbursed,,Credit Assessment,Not Applicable,0,0,0,Not Applicable
APP11508,2026-09-10,25,Male,Bengaluru,Self-Employed,70000,791,1,28106,0.5,No,310000,48,10.72,Website,Completed,Approved,8.5,Disbursed,3.6,None,Paid,0,0,0,Regular
APP11509,2026-01-09,27,Male,Delhi,Salaried,55300,712,3,22370,0.28,No,180000,12,8.84,Mobile App,Completed,Approved,4.7,Disbursed,3.0,None,Paid,0,0,0,Regular
APP11510,2026-08-17,23,Male,Hyderabad,Salaried,38800,673,1,14473,0.41,Yes,260000,24,9.19,Mobile App,Completed,Approved,7.7,Disbursed,1.8,None,Bounce,1,1,0,Intensive Follow-up
APP11511,2026-08-21,52,Male,Kolkata,Salaried,53800,723,1,17251,0.05,No,440000,48,10.56,Website,Completed,Approved,5.2,Disbursed,4.9,None,Paid,0,0,0,Regular
APP11512,2026-02-07,49,Female,Bengaluru,Salaried,58200,798,1,12430,0.37,No,260000,36,11.54,Branch,Completed,Rejected,10.5,Not Disbursed,,Credit Assessment,Not Applicable,0,0,0,Not Applicable
APP11513,2026-07-27,59,Female,Mumbai,Salaried,32800,645,1,5939,0.79,No,170000,60,13.31,Mobile App,Completed,Approved,12.5,Disbursed,2.3,None,Paid,0,0,0,Regular
APP11514,2026-07-25,26,Female,Hyderabad,Self-Employed,48900,687,0,5364,0.43,No,540000,12,10.52,Mobile App,Completed,Pending,10.4,Not Disbursed,,None,Not Applicable,0,0,0,Not Applicable
APP11515,2026-01-03,47,Male,Lucknow,Professional,28500,688,1,3896,0.45,Yes,90000,36,9.65,Branch,Completed,Approved,16.5,Disbursed,4.9,None,Paid,0,0,0,Regular
APP11516,2026-08-23,43,Male,Hyderabad,Salaried,92100,759,1,12438,0.52,No,410000,48,11.83,Branch,Completed,Approved,10.2,Disbursed,4.6,None,Paid,0,0,0,Regular
APP11517,2026-05-27,60,Male,Pune,Salaried,98200,826,1,40598,0.35,Yes,860000,60,10.13,Partner,Completed,Pending,21.6,Not Disbursed,,None,Not Applicable,0,0,0,Not Applicable
APP11518,2026-05-01,38,Female,Ahmedabad,Salaried,58700,750,0,20119,0.25,No,390000,36,11.43,Branch,Completed,Pending,16.0,Not Disbursed,,None,Not Applicable,0,0,0,Not Applicable
APP11519,2026-03-29,21,Male,Bengaluru,Salaried,32400,850,1,10878,0.34,No,160000,60,11.2,Mobile App,Pending,Pending,14.4,Not Disbursed,,KYC,Not Applicable,0,0,0,Not Applicable
APP11520,2026-06-20,54,Male,Bengaluru,Professional,35600,729,2,14067,0.4,No,50000,24,9.91,Mobile App,Pending,Approved,13.6,Disbursed,3.6,None,Paid,0,0,0,Regular
APP11521,2026-09-14,39,Female,Delhi,Salaried,56900,741,0,15198,0.47,No,200000,36,11.96,Partner,Completed,Approved,11.4,Disbursed,3.1,None,Paid,0,0,0,Regular
APP11522,2026-05-23,32,Female,Pune,Salaried,75000,636,1,21815,0.59,Yes,500000,12,11.6,Website,Completed,Rejected,10.5,Not Disbursed,,Credit Assessment,Not Applicable,0,0,0,Not Applicable
APP11523,2026-06-07,57,Female,Pune,Salaried,58400,696,1,15545,0.42,No,290000,60,9.3,Branch,Completed,Pending,21.1,Not Disbursed,,None,Not Applicable,0,0,0,Not Applicable
APP11524,2026-09-09,24,Other,Delhi,Professional,61000,733,0,21252,0.18,No,380000,36,10.39,Mobile App,Completed,Approved,6.4,Disbursed,2.6,None,Paid,0,0,0,Regular
APP11525,2026-08-01,23,Female,Mumbai,Salaried,79400,711,1,32804,0.38,No,320000,12,11.34,Mobile App,Completed,Approved,10.1,Disbursed,3.7,None,Paid,0,0,0,Regular
APP11526,2026-02-01,53,Male,Bengaluru,Salaried,31200,727,2,10382,0.45,No,190000,36,10.59,Partner,Completed,Pending,17.3,Not Disbursed,,Credit Assessment,Not Applicable,0,0,0,Not Applicable
APP11527,2026-05-20,39,Female,Hyderabad,Salaried,43600,734,0,17102,0.43,No,240000,18,9.83,Mobile App,Completed,Pending,9.1,Not Disbursed,,None,Not Applicable,0,0,0,Not Applicable
APP11528,2026-02-21,41,Male,Kolkata,Salaried,80700,657,1,7313,0.34,No,780000,60,9.42,Branch,Completed,Pending,18.6,Not Disbursed,,None,Not Applicable,0,0,0,Not Applicable
APP11529,2026-07-16,58,Female,Hyderabad,Self-Employed,57200,739,1,5754,0.31,No,550000,18,9.7,Branch,Completed,Pending,16.2,Not Disbursed,,None,Not Applicable,0,0,0,Not Applicable
APP11530,2026-03-08,21,Male,Kolkata,Salaried,41600,802,1,16338,0.44,No,180000,36,11.42,Partner,Completed,Approved,13.8,Disbursed,5.9,None,Paid,0,0,0,Regular
APP11531,2026-04-25,43,Male,Mumbai,Salaried,38900,761,2,8571,0.46,No,90000,36,9.94,Mobile App,Completed,Approved,4.6,Disbursed,2.1,None,Paid,0,0,0,Regular
APP11532,2026-03-31,37,Male,Chennai,Self-Employed,73400,850,0,26090,0.5,No,590000,12,10.48,Mobile App,Completed,Approved,4.9,Disbursed,3.5,None,Paid,0,0,0,Regular
APP11533,2026-05-25,57,Male,Kolkata,Salaried,49500,806,1,4926,0.53,No,260000,36,8.57,Partner,Completed,Approved,15.1,Disbursed,3.6,None,Paid,0,0,0,Regular
APP11534,2026-01-31,57,Male,Ahmedabad,Professional,27200,725,1,11652,0.53,No,60000,24,10.04,Mobile App,Completed,Approved,4.9,Not Disbursed,,Documentation,Not Applicable,0,0,0,Not Applicable
APP11535,2026-07-16,30,Female,Pune,Salaried,57400,640,0,18412,0.57,No,610000,18,9.79,Website,Completed,Approved,9.1,Disbursed,3.4,None,Bounce,1,0,0,Watch
APP11536,2026-02-04,36,Female,Pune,Salaried,77600,729,1,24948,0.32,No,270000,48,8.13,Mobile App,Completed,Approved,5.9,Disbursed,2.7,None,Paid,0,0,0,Regular
APP11537,2026-05-09,36,Male,Ahmedabad,Self-Employed,73800,729,1,29205,0.24,No,670000,24,11.6,Partner,Completed,Rejected,16.4,Not Disbursed,,Credit Assessment,Not Applicable,0,0,0,Not Applicable
APP11538,2026-02-12,53,Female,Chennai,Self-Employed,66500,730,1,6563,0.34,No,330000,12,8.82,Branch,Completed,Rejected,12.6,Not Disbursed,,Credit Assessment,Not Applicable,0,0,0,Not Applicable
APP11539,2026-08-04,25,Female,Jaipur,Salaried,30500,776,2,4125,0.65,No,130000,60,11.84,Mobile App,Completed,Approved,12.9,Disbursed,2.6,None,Paid,0,0,0,Regular
APP11540,2026-04-16,56,Other,Hyderabad,Self-Employed,40800,746,1,12067,0.44,No,360000,24,9.82,Partner,Completed,Approved,10.6,Disbursed,5.2,None,Paid,0,0,0,Regular
APP11541,2026-07-21,28,Female,Jaipur,Salaried,84700,596,2,40900,0.33,No,680000,60,13.11,Website,Completed,Pending,13.4,Not Disbursed,,None,Not Applicable,0,0,0,Not Applicable
APP11542,2026-02-05,39,Other,Kolkata,Salaried,45900,757,1,9963,0.39,No,450000,48,10.01,Website,Completed,Approved,5.8,Not Disbursed,,Documentation,Not Applicable,0,0,0,Not Applicable
APP11543,2026-01-15,51,Male,Lucknow,Self-Employed,69500,794,0,24811,0.7,No,540000,60,8.23,Branch,Pending,Rejected,19.1,Not Disbursed,,None,Not Applicable,0,0,0,Not Applicable
APP11544,2026-09-04,40,Male,Ahmedabad,Salaried,142400,721,3,20772,0.42,No,800000,60,9.29,Website,Completed,Approved,8.2,Disbursed,1.4,None,Paid,0,0,0,Regular
APP11545,2026-08-28,32,Male,Hyderabad,Salaried,98500,744,2,33271,0.21,No,990000,24,8.44,Branch,Completed,Approved,14.0,Disbursed,3.7,None,Paid,0,0,0,Regular
APP11546,2026-02-06,41,Female,Kolkata,Self-Employed,31400,692,1,3013,0.45,No,310000,60,9.44,Website,Completed,Approved,6.2,Disbursed,3.4,None,Paid,0,0,0,Regular
APP11547,2026-09-06,58,Female,Pune,Salaried,41000,770,2,11460,0.36,No,310000,48,10.21,Mobile App,Completed,Pending,6.0,Not Disbursed,,None,Not Applicable,0,0,0,Not Applicable
APP11548,2026-08-05,54,Male,Jaipur,Salaried,31500,700,0,3114,0.58,No,330000,18,9.4,Mobile App,Completed,Rejected,1,Not Disbursed,,Credit Assessment,Not Applicable,0,0,0,Not Applicable
APP11549,2026-06-27,36,Female,Delhi,Salaried,36600,802,1,5688,0.6,No,300000,36,8.9,Branch,Completed,Rejected,13.1,Not Disbursed,,Credit Assessment,Not Applicable,0,0,0,Not Applicable
APP11550,2026-04-22,45,Female,Bengaluru,Salaried,50700,688,0,15693,0.43,No,300000,12,12.06,Branch,Completed,Rejected,11.5,Not Disbursed,,Credit Assessment,Not Applicable,0,0,0,Not Applicable
APP11551,2026-01-02,31,Male,Mumbai,Salaried,35000,774,1,13080,0.61,No,390000,12,10.75,Partner,Completed,Approved,15.0,Disbursed,4.3,None,Paid,0,0,0,Regular
APP11552,2026-07-20,48,Male,Lucknow,Salaried,68400,783,1,28717,0.76,No,220000,18,9.7,Mobile App,Completed,Approved,2.5,Disbursed,3.1,None,Paid,0,0,0,Regular
APP11553,2026-04-12,46,Female,Lucknow,Salaried,39400,694,1,3300,0.5,No,420000,60,11.19,Branch,Completed,Approved,16.2,Disbursed,4.4,None,Paid,0,0,0,Regular
APP11554,2026-07-23,27,Male,Bengaluru,Self-Employed,68000,785,1,16803,0.62,Yes,640000,60,9.32,Branch,Completed,Approved,9.2,Disbursed,4.5,None,Bounce,1,0,0,Watch
APP11555,2026-07-24,39,Male,Lucknow,Salaried,56900,759,0,15191,0.06,No,520000,12,10.9,Mobile App,Completed,Approved,3.0,Disbursed,3.2,None,Paid,0,0,0,Regular
APP11556,2026-05-15,47,Male,Ahmedabad,Salaried,43200,822,1,16322,0.17,No,420000,60,10.32,Partner,Pending,Rejected,25.7,Not Disbursed,,KYC,Not Applicable,0,0,0,Not Applicable
APP11557,2026-02-16,39,Female,Hyderabad,Self-Employed,42100,642,0,14612,0.59,No,320000,24,12.35,Branch,Completed,Rejected,13.3,Not Disbursed,,Credit Assessment,Not Applicable,0,0,0,Not Applicable
APP11558,2026-02-24,59,Female,Kolkata,Self-Employed,55800,684,0,20657,0.16,No,360000,12,10.97,Mobile App,Completed,Approved,5.2,Disbursed,3.6,None,Paid,0,0,0,Regular
APP11559,2026-07-22,41,Male,Kolkata,Salaried,57900,733,1,7628,0.72,No,380000,48,11.41,Partner,Pending,Approved,21.8,Disbursed,4.6,None,Paid,0,0,0,Regular
APP11560,2026-07-28,48,Other,Ahmedabad,Salaried,21400,791,1,5042,0.66,No,170000,24,9.96,Website,Completed,Pending,12.4,Not Disbursed,,None,Not Applicable,0,0,0,Not Applicable
APP11561,2026-07-01,23,Female,Kolkata,Self-Employed,40500,631,1,17420,0.48,No,120000,48,11.85,Mobile App,Completed,Rejected,9.8,Not Disbursed,,Credit Assessment,Not Applicable,0,0,0,Not Applicable
APP11562,2026-05-31,53,Female,Delhi,Salaried,39400,837,1,9310,0.49,No,230000,48,9.54,Mobile App,Completed,Approved,3.1,Disbursed,2.5,None,Paid,0,0,0,Regular
APP11563,2026-04-18,41,Male,Ahmedabad,Self-Employed,50800,732,2,20857,0.44,No,300000,36,8.43,Partner,Completed,Approved,9.8,Disbursed,3.3,None,Paid,0,0,0,Regular
APP11564,2026-06-03,54,Female,Lucknow,Salaried,35900,787,1,4544,0.29,No,200000,24,11.44,Mobile App,Completed,Approved,8.3,Disbursed,2.7,None,Paid,0,0,0,Regular
APP11565,2026-03-26,21,Male,Bengaluru,Self-Employed,21000,658,2,9105,0.67,No,110000,48,12.61,Mobile App,Completed,Approved,6.3,Disbursed,3.5,None,Bounce,1,0,0,Watch
APP11566,2026-05-05,54,Male,Chennai,Professional,59800,694,0,5256,0.51,No,500000,48,10.56,Mobile App,Completed,Pending,9.1,Not Disbursed,,None,Not Applicable,0,0,0,Not Applicable
APP11567,2026-03-11,21,Male,Chennai,Professional,60900,700,1,6622,0.76,No,290000,36,11.45,Mobile App,Completed,Approved,9.0,Disbursed,4.7,None,Paid,0,0,0,Regular
APP11568,2026-08-30,35,Female,Bengaluru,Salaried,107500,727,1,33429,0.58,No,530000,12,10.65,Branch,Completed,Approved,10.7,Disbursed,3.3,None,Paid,0,0,0,Regular
APP11569,2026-09-23,32,Female,Chennai,Self-Employed,53200,688,0,22917,0.34,No,190000,36,10.77,Mobile App,Completed,Approved,3.6,Disbursed,2.4,None,Paid,0,0,0,Regular
APP11570,2026-08-04,41,Female,Kolkata,Self-Employed,123800,835,2,59531,0.55,No,550000,36,9.98,Mobile App,Completed,Approved,7.8,Disbursed,2.5,None,Paid,0,0,0,Regular
APP11571,2026-05-08,23,Male,Mumbai,Self-Employed,127500,777,0,13394,0.42,No,600000,36,11.69,Website,Completed,Rejected,7.7,Not Disbursed,,Credit Assessment,Not Applicable,0,0,0,Not Applicable
APP11572,2026-03-10,40,Male,Chennai,Salaried,148900,697,1,46272,0.49,No,890000,24,10.07,Branch,Completed,Pending,15.3,Not Disbursed,,None,Not Applicable,0,0,0,Not Applicable
APP11573,2026-04-03,55,Male,Pune,Self-Employed,52600,623,1,7336,0.33,No,280000,36,13.75,Branch,Pending,Pending,23.4,Not Disbursed,,None,Not Applicable,0,0,0,Not Applicable
APP11574,2026-03-31,34,Male,Mumbai,Salaried,62300,677,1,25044,0.5,No,640000,12,12.59,Mobile App,Completed,Approved,7.6,Disbursed,0.6,None,Paid,0,0,0,Regular
APP11575,2026-01-27,35,Female,Mumbai,Professional,39900,752,1,10600,0.39,No,340000,18,11.56,Website,Completed,Rejected,10.2,Not Disbursed,,Credit Assessment,Not Applicable,0,0,0,Not Applicable
APP11576,2026-02-17,43,Female,Mumbai,Salaried,105100,786,2,47537,0.66,Yes,940000,36,8.78,Mobile App,Completed,Approved,3.7,Disbursed,1.4,None,Paid,0,0,0,Regular
APP11577,2026-05-29,44,Female,Kolkata,Salaried,76700,733,1,14595,0.65,No,460000,48,9.58,Mobile App,Completed,Approved,4.8,Disbursed,2.3,None,Paid,0,0,0,Regular
APP11578,2026-02-11,34,Female,Delhi,Salaried,46600,783,1,6353,0.05,No,260000,24,10.53,Website,Completed,Approved,11.5,Disbursed,3.3,None,Paid,0,0,0,Regular
APP11579,2026-09-26,48,Male,Pune,Salaried,64000,651,3,9766,0.51,No,130000,36,10.48,Partner,Completed,Rejected,20.0,Not Disbursed,,Credit Assessment,Not Applicable,0,0,0,Not Applicable
APP11580,2026-01-23,41,Female,Hyderabad,Self-Employed,57200,850,0,7799,0.55,No,170000,12,10.96,Website,Completed,Approved,8.9,Disbursed,3.5,None,Paid,0,0,0,Regular
APP11581,2026-07-19,24,Female,Kolkata,Professional,37400,660,2,9505,0.18,No,320000,36,11.71,Website,Completed,Approved,9.7,Not Disbursed,,Documentation,Not Applicable,0,0,0,Not Applicable
APP11582,2026-02-04,55,Male,Chennai,Professional,79600,756,2,11997,0.32,No,650000,48,10.57,Branch,Completed,Approved,13.2,Disbursed,4.6,None,Paid,0,0,0,Regular
APP11583,2026-06-12,21,Male,Bengaluru,Salaried,49000,727,2,23233,0.45,Yes,240000,24,9.43,Branch,Completed,Approved,12.6,Disbursed,5.7,None,Paid,0,0,0,Regular
APP11584,2026-08-14,25,Female,Jaipur,Self-Employed,28400,803,3,9026,0.43,No,130000,12,11.49,Mobile App,Completed,Pending,12.0,Not Disbursed,,Credit Assessment,Not Applicable,0,0,0,Not Applicable
APP11585,2026-01-24,56,Female,Bengaluru,Salaried,50700,726,1,17875,0.51,No,360000,18,10.97,Mobile App,Completed,Approved,9.3,Disbursed,3.6,None,Paid,0,0,0,Regular
APP11586,2026-09-26,31,Male,Lucknow,Salaried,60500,850,2,29104,0.74,No,320000,24,8.08,Mobile App,Completed,Approved,5.1,Disbursed,4.9,None,Paid,0,0,0,Regular
APP11587,2026-06-11,35,Other,Jaipur,Salaried,44600,674,0,13317,0.56,Yes,460000,24,9.39,Website,Pending,Pending,19.4,Not Disbursed,,KYC,Not Applicable,0,0,0,Not Applicable
APP11588,2026-09-16,29,Male,Ahmedabad,Salaried,24900,691,1,8357,0.61,No,120000,24,11.33,Website,Completed,Approved,7.4,Disbursed,3.0,None,Paid,0,0,0,Regular
APP11589,2026-04-18,54,Female,Ahmedabad,Self-Employed,51100,793,0,12454,0.65,No,340000,36,10.0,Website,Completed,Approved,7.7,Disbursed,2.4,None,Paid,0,0,0,Regular
APP11590,2026-01-27,30,Female,Bengaluru,Self-Employed,76700,725,1,28093,0.63,No,140000,24,8.87,Mobile App,Completed,Approved,7.8,Disbursed,3.9,None,Paid,0,0,0,Regular
APP11591,2026-07-03,27,Female,Kolkata,Salaried,33900,705,1,6955,0.37,No,380000,48,9.26,Mobile App,Completed,Approved,9.0,Not Disbursed,,Documentation,Not Applicable,0,0,0,Not Applicable
APP11592,2026-08-19,44,Female,Kolkata,Salaried,30100,693,1,10258,0.49,No,220000,60,11.96,Website,Completed,Pending,10.8,Not Disbursed,,None,Not Applicable,0,0,0,Not Applicable
APP11593,2026-08-29,23,Female,Lucknow,Professional,53200,696,1,21188,0.27,No,520000,12,9.3,Mobile App,Completed,Pending,11.7,Not Disbursed,,Credit Assessment,Not Applicable,0,0,0,Not Applicable
APP11594,2026-08-06,46,Male,Lucknow,Salaried,75400,660,2,34643,0.75,No,680000,60,13.01,Partner,Completed,Pending,19.9,Not Disbursed,,None,Not Applicable,0,0,0,Not Applicable
APP11595,2026-06-17,57,Male,Kolkata,Salaried,53000,646,1,9411,0.41,No,220000,36,12.72,Mobile App,Pending,Approved,13.8,Not Disbursed,,KYC,Not Applicable,0,0,0,Not Applicable
APP11596,2026-06-28,31,Male,Delhi,Salaried,75400,658,1,20930,0.26,No,810000,48,11.95,Website,Completed,Rejected,8.8,Not Disbursed,,Credit Assessment,Not Applicable,0,0,0,Not Applicable
APP11597,2026-02-18,56,Male,Chennai,Salaried,65500,698,2,13440,0.78,No,300000,36,9.52,Branch,Completed,Approved,13.5,Disbursed,4.5,None,Paid,0,0,0,Regular
APP11598,2026-09-15,40,Female,Mumbai,Self-Employed,24300,808,2,10904,0.46,No,150000,36,10.65,Mobile App,Completed,Approved,9.0,Disbursed,1.6,None,Paid,0,0,0,Regular
APP11599,2026-07-07,42,Male,Hyderabad,Salaried,35000,785,2,16155,0.21,No,240000,60,10.03,Website,Completed,Approved,4.7,Disbursed,5.2,None,Paid,0,0,0,Regular
APP11600,2026-09-01,50,Male,Pune,Professional,54300,610,1,16137,0.4,No,290000,36,11.36,Mobile App,Completed,Approved,7.8,Disbursed,2.3,None,Bounce,1,0,0,Watch
APP11601,2026-03-21,35,Male,Hyderabad,Salaried,91100,817,2,18617,0.47,No,750000,18,11.53,Partner,Completed,Pending,17.0,Not Disbursed,,Credit Assessment,Not Applicable,0,0,0,Not Applicable
APP11602,2026-07-23,57,Other,Ahmedabad,Salaried,44600,647,2,10676,0.69,No,320000,12,10.0,Mobile App,Completed,Approved,7.5,Disbursed,2.9,None,Paid,0,0,0,Regular
APP11603,2026-03-22,31,Male,Ahmedabad,Salaried,71900,602,3,15522,0.69,No,390000,36,14.28,Partner,Completed,Approved,19.0,Disbursed,3.6,None,Paid,0,0,0,Regular
APP11604,2026-08-10,23,Male,Kolkata,Salaried,22000,750,0,7158,0.57,No,210000,48,9.54,Mobile App,Completed,Approved,6.5,Disbursed,3.3,None,Paid,0,0,0,Regular
APP11605,2026-02-04,48,Female,Chennai,Salaried,63500,684,0,14757,0.31,No,240000,48,9.68,Website,Completed,Pending,10.7,Not Disbursed,,None,Not Applicable,0,0,0,Not Applicable
APP11606,2026-09-12,54,Female,Chennai,Salaried,40300,732,0,17171,0.5,No,150000,18,8.03,Branch,Completed,Approved,15.3,Disbursed,6.1,None,Paid,0,0,0,Regular
APP11607,2026-07-24,31,Male,Chennai,Salaried,47100,742,1,7096,0.51,No,430000,48,8.99,Branch,Completed,Approved,7.1,Disbursed,4.1,None,Paid,0,0,0,Regular
APP11608,2026-04-12,48,Female,Kolkata,Salaried,45300,788,0,13469,0.45,No,260000,18,9.07,Mobile App,Completed,Approved,8.8,Disbursed,3.4,None,Paid,0,0,0,Regular
APP11609,2026-05-14,37,Male,Chennai,Salaried,106500,843,1,38598,0.55,No,860000,60,11.61,Mobile App,Completed,Approved,6.1,Disbursed,3.3,None,Paid,0,0,0,Regular
APP11610,2026-03-03,49,Female,Jaipur,Salaried,56400,761,0,15681,0.5,Yes,350000,24,11.24,Website,Completed,Pending,7.6,Not Disbursed,,None,Not Applicable,0,0,0,Not Applicable
APP11611,2026-01-18,46,Male,Ahmedabad,Self-Employed,59500,766,0,16689,0.13,No,370000,48,10.21,Mobile App,Completed,Approved,7.0,Disbursed,3.1,None,Paid,0,0,0,Regular
APP11612,2026-02-08,28,Male,Mumbai,Salaried,39100,677,0,11682,0.53,No,190000,12,9.5,Branch,Completed,Pending,15.0,Not Disbursed,,None,Not Applicable,0,0,0,Not Applicable
APP11613,2026-06-14,39,Male,Ahmedabad,Self-Employed,70500,795,1,14684,0.16,No,310000,24,10.4,Mobile App,Completed,Pending,8.8,Not Disbursed,,None,Not Applicable,0,0,0,Not Applicable
APP11614,2026-06-26,32,Female,Lucknow,Salaried,44400,733,0,19464,0.26,No,460000,36,11.4,Branch,Completed,Rejected,12.4,Not Disbursed,,Credit Assessment,Not Applicable,0,0,0,Not Applicable
APP11615,2026-08-30,40,Female,Jaipur,Salaried,72500,781,1,16144,0.47,No,520000,18,11.98,Mobile App,Completed,Rejected,4.7,Not Disbursed,,Credit Assessment,Not Applicable,0,0,0,Not Applicable
APP11616,2026-05-06,38,Male,Jaipur,Professional,49900,768,1,19988,0.21,No,420000,24,9.25,Mobile App,Completed,Approved,5.4,Disbursed,1.5,None,Paid,0,0,0,Regular
APP11617,2026-03-14,23,Male,Chennai,Salaried,77100,690,0,16234,0.23,No,220000,48,12.41,Mobile App,Completed,Approved,6.2,Disbursed,3.9,None,Paid,0,0,0,Regular
APP11618,2026-03-10,48,Male,Bengaluru,Salaried,56800,667,3,9964,0.5,No,680000,24,12.64,Mobile App,Completed,Approved,5.1,Disbursed,2.4,None,Paid,0,0,0,Regular
APP11619,2026-05-07,22,Female,Ahmedabad,Salaried,63300,702,3,8644,0.42,No,210000,18,10.85,Mobile App,Completed,Pending,13.2,Not Disbursed,,None,Not Applicable,0,0,0,Not Applicable
APP11620,2026-03-11,22,Male,Bengaluru,Professional,67700,802,2,33007,0.18,No,560000,36,11.0,Website,Pending,Pending,16.0,Not Disbursed,,None,Not Applicable,0,0,0,Not Applicable
APP11621,2026-05-25,27,Female,Mumbai,Salaried,59600,662,1,13463,0.48,No,380000,48,9.73,Mobile App,Completed,Rejected,10.9,Not Disbursed,,Credit Assessment,Not Applicable,0,0,0,Not Applicable
APP11622,2026-02-21,41,Female,Pune,Professional,37300,663,1,13610,0.23,No,120000,18,12.88,Mobile App,Pending,Pending,19.7,Not Disbursed,,KYC,Not Applicable,0,0,0,Not Applicable
APP11623,2026-05-07,39,Male,Kolkata,Professional,39200,684,1,14244,0.1,No,170000,12,10.19,Website,Completed,Pending,6.4,Not Disbursed,,None,Not Applicable,0,0,0,Not Applicable
APP11624,2026-08-03,53,Male,Hyderabad,Salaried,46700,764,3,17863,0.33,No,320000,18,10.85,Website,Pending,Pending,19.8,Not Disbursed,,KYC,Not Applicable,0,0,0,Not Applicable
APP11625,2026-02-03,51,Male,Hyderabad,Salaried,60500,740,0,14567,0.36,No,160000,48,8.46,Website,Completed,Pending,13.9,Not Disbursed,,None,Not Applicable,0,0,0,Not Applicable
APP11626,2026-09-10,56,Female,Ahmedabad,Salaried,92800,724,2,19404,0.49,No,520000,48,10.72,Website,Completed,Pending,11.8,Not Disbursed,,None,Not Applicable,0,0,0,Not Applicable
APP11627,2026-06-24,57,Female,Ahmedabad,Salaried,93900,808,1,29914,0.46,No,400000,36,8.43,Branch,Completed,Approved,10.5,Disbursed,5.0,None,Paid,0,0,0,Regular
APP11628,2026-05-31,58,Male,Mumbai,Salaried,50400,685,0,16411,0.69,No,280000,60,12.21,Branch,Completed,Approved,12.8,Disbursed,5.0,None,Paid,0,0,0,Regular
APP11629,2026-08-10,58,Male,Kolkata,Salaried,76000,741,1,34034,0.49,No,650000,12,9.85,Branch,Completed,Approved,13.3,Disbursed,4.1,None,Paid,0,0,0,Regular
APP11630,2026-09-02,49,Male,Ahmedabad,Salaried,27500,651,2,6982,0.51,No,50000,24,9.68,Branch,Completed,Rejected,14.9,Not Disbursed,,Credit Assessment,Not Applicable,0,0,0,Not Applicable
APP11631,2026-03-03,32,Male,Mumbai,Professional,18000,800,0,3200,0.31,No,260000,36,11.0,Partner,Completed,Approved,14.6,Disbursed,5.7,None,Paid,0,0,0,Regular
APP11632,2026-07-14,31,Female,Pune,Salaried,46300,628,1,6336,0.5,No,420000,24,11.8,Mobile App,Completed,Pending,12.2,Not Disbursed,,None,Not Applicable,0,0,0,Not Applicable
APP11633,2026-05-14,41,Male,Ahmedabad,Professional,121000,775,2,44941,0.36,No,1200000,36,10.44,Branch,Completed,Rejected,12.9,Not Disbursed,,Credit Assessment,Not Applicable,0,0,0,Not Applicable
APP11634,2026-01-09,59,Female,Kolkata,Self-Employed,22600,787,2,5729,0.13,No,50000,48,8.25,Mobile App,Completed,Approved,3.7,Disbursed,0.6,None,Paid,0,0,0,Regular
APP11635,2026-09-01,46,Female,Bengaluru,Self-Employed,48900,847,0,17318,0.48,No,310000,48,10.99,Mobile App,Completed,Approved,1.9,Disbursed,3.2,None,Paid,0,0,0,Regular
APP11636,2026-08-31,36,Male,Chennai,Professional,53100,613,1,18969,0.36,No,310000,24,10.5,Mobile App,Completed,Rejected,6.6,Not Disbursed,,Credit Assessment,Not Applicable,0,0,0,Not Applicable
APP11637,2026-02-02,32,Male,Lucknow,Salaried,34900,764,0,3433,0.51,No,340000,18,9.0,Mobile App,Pending,Rejected,10.3,Not Disbursed,,KYC,Not Applicable,0,0,0,Not Applicable
APP11638,2026-03-21,55,Male,Hyderabad,Salaried,55000,743,1,9811,0.38,No,500000,36,8.88,Mobile App,Completed,Approved,6.6,Disbursed,3.8,None,Paid,0,0,0,Regular
APP11639,2026-09-12,44,Female,Bengaluru,Self-Employed,42100,706,2,5562,0.41,No,220000,18,8.7,Mobile App,Completed,Approved,4.2,Disbursed,4.2,None,Paid,0,0,0,Regular
APP11640,2026-06-30,33,Female,Lucknow,Salaried,44800,713,0,14788,0.42,No,330000,12,11.04,Partner,Completed,Rejected,17.2,Not Disbursed,,Credit Assessment,Not Applicable,0,0,0,Not Applicable
APP11641,2026-09-09,24,Male,Mumbai,Professional,53600,785,1,4795,0.33,No,200000,12,11.21,Mobile App,Completed,Approved,2.6,Disbursed,1.4,None,Paid,0,0,0,Regular
APP11642,2026-04-12,37,Female,Kolkata,Salaried,34200,677,1,5189,0.24,No,250000,18,12.67,Branch,Completed,Pending,18.5,Not Disbursed,,None,Not Applicable,0,0,0,Not Applicable
APP11643,2026-01-05,57,Male,Bengaluru,Salaried,137600,810,1,58095,0.49,No,540000,60,9.28,Partner,Completed,Approved,15.1,Disbursed,4.2,None,Paid,0,0,0,Regular
APP11644,2026-02-17,21,Female,Bengaluru,Self-Employed,27300,766,1,2952,0.38,No,50000,36,9.76,Partner,Completed,Approved,16.8,Disbursed,5.7,None,Paid,0,0,0,Regular
APP11645,2026-07-19,40,Male,Pune,Salaried,42000,705,0,15889,0.38,No,240000,24,8.56,Website,Completed,Approved,2.7,Disbursed,2.4,None,Paid,0,0,0,Regular
APP11646,2026-09-23,48,Female,Lucknow,Salaried,46600,706,1,6449,0.6,No,230000,36,10.16,Website,Completed,Approved,6.8,Disbursed,1.3,None,Paid,0,0,0,Regular
APP11647,2026-04-05,44,Male,Jaipur,Self-Employed,24700,643,3,11602,0.57,No,50000,36,10.7,Branch,Completed,Approved,18.5,Disbursed,6.1,None,Bounce,1,1,1,Severe Delinquency
APP11648,2026-01-11,29,Male,Ahmedabad,Salaried,26700,754,1,11808,0.38,No,50000,60,10.28,Mobile App,Completed,Pending,12.3,Not Disbursed,,None,Not Applicable,0,0,0,Not Applicable
APP11649,2026-08-22,31,Male,Delhi,Salaried,108200,739,0,27500,0.3,No,850000,18,8.88,Website,Completed,Rejected,11.9,Not Disbursed,,Credit Assessment,Not Applicable,0,0,0,Not Applicable
APP11650,2026-08-16,53,Male,Kolkata,Self-Employed,47000,774,2,11777,0.41,No,160000,60,10.82,Branch,Completed,Rejected,11.5,Not Disbursed,,Credit Assessment,Not Applicable,0,0,0,Not Applicable
APP11651,2026-09-13,59,Female,Lucknow,Professional,99400,696,1,14644,0.58,No,640000,24,8.96,Mobile App,Completed,Approved,4.6,Disbursed,3.7,None,Paid,0,0,0,Regular
APP11652,2026-01-02,50,Female,Pune,Salaried,101900,687,0,35173,0.14,No,710000,48,10.12,Mobile App,Completed,Approved,2.0,Disbursed,3.1,None,Paid,0,0,0,Regular
APP11653,2026-08-19,46,Female,Ahmedabad,Salaried,62500,797,1,21146,0.49,No,210000,48,11.13,Partner,Completed,Approved,15.5,Disbursed,3.3,None,Paid,0,0,0,Regular
APP11654,2026-09-28,32,Male,Jaipur,Professional,33600,739,1,14853,0.4,No,170000,36,9.49,Branch,Completed,Pending,14.9,Not Disbursed,,None,Not Applicable,0,0,0,Not Applicable
APP11655,2026-06-29,34,Female,Jaipur,Salaried,82800,666,1,35081,0.14,No,270000,60,11.34,Partner,Completed,Pending,21.5,Not Disbursed,,None,Not Applicable,0,0,0,Not Applicable
APP11656,2026-06-13,49,Male,Chennai,Salaried,78200,657,0,20185,0.33,Yes,200000,24,12.48,Branch,Completed,Rejected,17.7,Not Disbursed,,Credit Assessment,Not Applicable,0,0,0,Not Applicable
APP11657,2026-03-01,54,Female,Pune,Salaried,55700,747,1,4895,0.38,No,220000,12,9.62,Branch,Completed,Pending,15.1,Not Disbursed,,None,Not Applicable,0,0,0,Not Applicable
APP11658,2026-03-12,21,Male,Delhi,Salaried,64400,697,2,18778,0.44,No,450000,60,8.98,Mobile App,Completed,Approved,6.8,Disbursed,2.4,None,Bounce,1,0,0,Watch
APP11659,2026-09-07,51,Female,Lucknow,Salaried,27400,694,2,11055,0.57,No,50000,60,9.08,Website,Completed,Rejected,4.9,Not Disbursed,,Credit Assessment,Not Applicable,0,0,0,Not Applicable
APP11660,2026-01-21,31,Female,Chennai,Self-Employed,44200,712,1,6545,0.65,No,350000,60,11.08,Branch,Completed,Rejected,9.0,Not Disbursed,,Credit Assessment,Not Applicable,0,0,0,Not Applicable
APP11661,2026-02-07,37,Female,Lucknow,Professional,187100,784,0,65964,0.32,No,960000,60,9.99,Branch,Completed,Approved,9.4,Disbursed,5.0,None,Paid,0,0,0,Regular
APP11662,2026-02-25,21,Male,Jaipur,Professional,31500,665,0,8925,0.37,No,180000,36,9.61,Mobile App,Completed,Approved,7.5,Disbursed,3.2,None,Paid,0,0,0,Regular
APP11663,2026-04-29,46,Male,Ahmedabad,Salaried,70500,776,1,18635,0.41,No,260000,12,10.61,Branch,Completed,Approved,10.2,Disbursed,3.4,None,Paid,0,0,0,Regular
APP11664,2026-09-14,26,Male,Ahmedabad,Salaried,31700,835,0,5645,0.53,No,160000,12,10.96,Mobile App,Completed,Approved,6.6,Disbursed,3.4,None,Paid,0,0,0,Regular
APP11665,2026-07-20,30,Male,Kolkata,Self-Employed,31700,744,1,5107,0.4,Yes,150000,36,11.72,Branch,Completed,Approved,8.8,Disbursed,3.4,None,Paid,0,0,0,Regular
APP11666,2026-08-09,31,Female,Bengaluru,Self-Employed,76000,718,2,31333,0.38,No,420000,24,10.92,Branch,Completed,Approved,10.7,Disbursed,5.3,None,Paid,0,0,0,Regular
APP11667,2026-09-27,26,Female,Hyderabad,Professional,85200,821,1,15427,0.72,No,480000,36,11.69,Mobile App,Completed,Approved,7.6,Disbursed,2.3,None,Paid,0,0,0,Regular
APP11668,2026-08-08,21,Female,Ahmedabad,Salaried,49500,691,0,7841,0.34,No,190000,36,10.34,Mobile App,Completed,Approved,6.8,Disbursed,3.8,None,Paid,0,0,0,Regular
APP11669,2026-03-22,48,Male,Chennai,Professional,82100,674,1,28026,0.42,No,480000,24,12.87,Branch,Completed,Approved,17.0,Disbursed,5.0,None,Paid,0,0,0,Regular
APP11670,2026-01-08,46,Female,Hyderabad,Self-Employed,105100,706,2,30100,0.23,No,370000,12,9.65,Partner,Completed,Rejected,16.8,Not Disbursed,,Credit Assessment,Not Applicable,0,0,0,Not Applicable
APP11671,2026-04-24,40,Female,Pune,Salaried,56800,688,0,24328,0.83,No,430000,48,10.64,Mobile App,Completed,Approved,6.9,Disbursed,1.0,None,Paid,0,0,0,Regular
APP11672,2026-04-04,60,Male,Chennai,Professional,33000,708,1,8550,0.31,No,190000,24,9.18,Branch,Completed,Approved,16.0,Disbursed,4.5,None,Paid,0,0,0,Regular
APP11673,2026-08-07,45,Female,Hyderabad,Salaried,99200,726,1,39605,0.5,No,850000,24,11.85,Partner,Completed,Rejected,18.8,Not Disbursed,,Credit Assessment,Not Applicable,0,0,0,Not Applicable
APP11674,2026-09-29,27,Male,Pune,Salaried,34100,810,0,13957,0.17,No,270000,48,9.58,Mobile App,Completed,Approved,3.1,Disbursed,2.1,None,Paid,0,0,0,Regular
APP11675,2026-01-06,44,Female,Jaipur,Salaried,65200,784,0,7959,0.83,No,330000,48,10.41,Website,Completed,Approved,10.3,Disbursed,2.2,None,Paid,0,0,0,Regular
APP11676,2026-04-29,30,Female,Mumbai,Salaried,107400,754,0,33726,0.82,No,690000,24,8.67,Mobile App,Completed,Approved,2.8,Disbursed,2.8,None,Paid,0,0,0,Regular
APP11677,2026-02-13,35,Male,Chennai,Professional,42400,670,0,8537,0.56,No,340000,48,11.02,Website,Completed,Pending,9.4,Not Disbursed,,None,Not Applicable,0,0,0,Not Applicable
APP11678,2026-01-09,46,Male,Chennai,Salaried,53000,743,0,7646,0.19,No,450000,48,9.12,Website,Completed,Approved,9.2,Disbursed,2.1,None,Paid,0,0,0,Regular
APP11679,2026-04-18,42,Male,Jaipur,Salaried,55000,799,0,6752,0.29,No,290000,24,8.95,Mobile App,Pending,Rejected,9.3,Not Disbursed,,KYC,Not Applicable,0,0,0,Not Applicable
APP11680,2026-03-08,44,Male,Lucknow,Salaried,47400,658,0,19902,0.41,No,200000,18,12.28,Partner,Completed,Approved,17.4,Disbursed,3.9,None,Paid,0,0,0,Regular
APP11681,2026-07-05,46,Male,Pune,Salaried,48200,771,1,3995,0.16,No,430000,24,8.12,Partner,Completed,Pending,22.6,Not Disbursed,,None,Not Applicable,0,0,0,Not Applicable
APP11682,2026-09-27,25,Male,Mumbai,Salaried,48800,763,1,11437,0.34,No,460000,18,11.13,Branch,Completed,Approved,14.1,Disbursed,5.0,None,Paid,0,0,0,Regular
APP11683,2026-09-10,45,Male,Delhi,Salaried,42500,724,1,6439,0.52,No,230000,48,10.78,Mobile App,Completed,Approved,8.7,Disbursed,3.2,None,Paid,0,0,0,Regular
APP11684,2026-05-15,43,Female,Delhi,Salaried,40200,763,3,14073,0.21,No,210000,12,8.46,Website,Completed,Approved,2.7,Disbursed,3.3,None,Paid,0,0,0,Regular
APP11685,2026-06-12,39,Male,Jaipur,Salaried,47300,749,2,22517,0.79,No,320000,60,10.62,Mobile App,Completed,Approved,6.3,Disbursed,2.6,None,Paid,0,0,0,Regular
APP11686,2026-08-21,55,Female,Mumbai,Salaried,52500,681,2,19456,0.43,Yes,230000,18,9.43,Mobile App,Completed,Rejected,6.6,Not Disbursed,,Credit Assessment,Not Applicable,0,0,0,Not Applicable
APP11687,2026-05-29,36,Male,Ahmedabad,Salaried,27800,809,1,9071,0.65,No,50000,18,8.3,Mobile App,Completed,Approved,4.4,Disbursed,1.0,None,Paid,0,0,0,Regular
APP11688,2026-02-01,47,Male,Pune,Salaried,67800,757,1,8487,0.56,No,460000,36,10.58,Branch,Completed,Rejected,15.8,Not Disbursed,,Credit Assessment,Not Applicable,0,0,0,Not Applicable
APP11689,2026-08-06,39,Female,Delhi,Self-Employed,48700,837,1,20859,0.72,No,150000,18,9.03,Mobile App,Completed,Approved,2.6,Disbursed,4.2,None,Paid,0,0,0,Regular
APP11690,2026-05-29,33,Male,Pune,Salaried,37400,824,1,13774,0.59,No,310000,36,10.56,Website,Pending,Rejected,16.1,Not Disbursed,,None,Not Applicable,0,0,0,Not Applicable
APP11691,2026-05-26,36,Male,Mumbai,Professional,68500,674,1,26659,0.42,No,180000,48,10.87,Mobile App,Completed,Approved,11.1,Disbursed,3.9,None,Paid,0,0,0,Regular
APP11692,2026-06-13,52,Female,Hyderabad,Self-Employed,41200,701,1,14867,0.35,No,350000,18,8.58,Branch,Completed,Approved,12.2,Disbursed,6.0,None,Paid,0,0,0,Regular
APP11693,2026-02-04,21,Male,Pune,Salaried,57100,720,0,4945,0.34,Yes,430000,60,10.12,Website,Pending,Approved,10.6,Not Disbursed,,KYC,Not Applicable,0,0,0,Not Applicable
APP11694,2026-09-07,49,Male,Kolkata,Salaried,88200,841,1,37729,0.48,No,650000,60,10.05,Website,Completed,Pending,10.6,Not Disbursed,,Credit Assessment,Not Applicable,0,0,0,Not Applicable
APP11695,2026-06-18,60,Female,Jaipur,Professional,67200,765,3,12468,0.38,No,330000,18,9.56,Website,Completed,Approved,7.6,Disbursed,2.5,None,Paid,0,0,0,Regular
APP11696,2026-09-09,52,Female,Mumbai,Self-Employed,67500,850,0,8479,0.51,No,730000,12,8.93,Partner,Completed,Approved,11.5,Disbursed,4.5,None,Paid,0,0,0,Regular
APP11697,2026-01-02,52,Male,Bengaluru,Professional,110700,688,2,17074,0.38,No,1030000,60,12.09,Mobile App,Completed,Approved,3.3,Disbursed,1.3,None,Paid,0,0,0,Regular
APP11698,2026-02-07,57,Female,Jaipur,Salaried,63000,752,2,21826,0.3,No,250000,60,8.96,Branch,Completed,Approved,11.2,Disbursed,4.3,None,Paid,0,0,0,Regular
APP11699,2026-05-08,34,Female,Mumbai,Salaried,64900,781,1,17805,0.44,No,180000,18,10.09,Mobile App,Completed,Approved,7.3,Disbursed,4.8,None,Paid,0,0,0,Regular
APP11700,2026-04-06,41,Male,Ahmedabad,Salaried,132300,764,3,22330,0.05,No,940000,36,8.56,Website,Pending,Rejected,17.3,Not Disbursed,,KYC,Not Applicable,0,0,0,Not Applicable
APP11701,2026-04-29,24,Male,Lucknow,Professional,62900,835,1,15485,0.37,No,230000,18,10.17,Mobile App,Completed,Approved,3.9,Disbursed,4.1,None,Paid,0,0,0,Regular
APP11702,2026-02-21,27,Female,Pune,Salaried,75000,729,1,14563,0.57,No,490000,18,10.67,Mobile App,Completed,Approved,5.5,Disbursed,1.1,None,Paid,0,0,0,Regular
APP11703,2026-02-05,53,Female,Jaipur,Self-Employed,66900,722,0,8725,0.7,No,140000,18,11.97,Website,Pending,Pending,18.2,Not Disbursed,,KYC,Not Applicable,0,0,0,Not Applicable
APP11704,2026-06-20,48,Male,Delhi,Salaried,77200,751,1,31603,0.38,No,230000,48,9.35,Mobile App,Completed,Approved,4.6,Disbursed,3.2,None,Paid,0,0,0,Regular
APP11705,2026-01-08,35,Female,Pune,Salaried,165100,798,1,51251,0.44,No,1050000,60,9.15,Mobile App,Completed,Approved,7.7,Disbursed,3.7,None,Paid,0,0,0,Regular
APP11706,2026-04-23,44,Male,Mumbai,Salaried,81100,650,2,14353,0.3,No,350000,24,10.94,Branch,Completed,Approved,14.4,Disbursed,5.0,None,Bounce,1,0,0,Watch
APP11707,2026-05-15,49,Male,Delhi,Salaried,31700,693,0,12472,0.24,No,470000,48,9.65,Website,Completed,Pending,7.2,Not Disbursed,,None,Not Applicable,0,0,0,Not Applicable
APP11708,2026-09-05,48,Female,Ahmedabad,Professional,107600,709,2,25710,0.25,No,1040000,60,11.41,Branch,Completed,Approved,17.0,Disbursed,3.5,None,Paid,0,0,0,Regular
APP11709,2026-01-27,38,Female,Bengaluru,Salaried,90700,800,0,15402,0.28,No,300000,60,9.55,Branch,Completed,Pending,17.7,Not Disbursed,,None,Not Applicable,0,0,0,Not Applicable
APP11710,2026-08-14,51,Female,Delhi,Self-Employed,74300,719,2,36498,0.78,Yes,390000,36,9.42,Mobile App,Completed,Approved,3.9,Disbursed,2.3,None,Paid,0,0,0,Regular
APP11711,2026-07-16,44,Female,Hyderabad,Professional,60800,710,1,14841,0.83,No,550000,48,9.61,Partner,Completed,Approved,16.1,Disbursed,4.5,None,Paid,0,0,0,Regular
APP11712,2026-04-07,44,Female,Delhi,Salaried,48100,729,1,19296,0.48,No,160000,36,11.27,Mobile App,Completed,Approved,6.9,Disbursed,1.1,None,Paid,0,0,0,Regular
APP11713,2026-04-03,27,Male,Pune,Self-Employed,38700,719,1,8283,0.5,No,360000,24,9.03,Website,Completed,Approved,3.4,Disbursed,4.8,None,Paid,0,0,0,Regular
APP11714,2026-02-17,40,Female,Jaipur,Salaried,56600,799,0,22621,0.33,No,400000,36,10.87,Partner,Pending,Rejected,22.0,Not Disbursed,,None,Not Applicable,0,0,0,Not Applicable
APP11715,2026-05-29,38,Male,Hyderabad,Professional,115800,672,2,28316,0.28,No,820000,18,11.2,Mobile App,Completed,Rejected,7.2,Not Disbursed,,Credit Assessment,Not Applicable,0,0,0,Not Applicable
APP11716,2026-03-04,53,Male,Mumbai,Salaried,53700,667,0,12602,0.41,No,420000,12,10.75,Mobile App,Completed,Approved,9.1,Disbursed,3.4,None,Paid,0,0,0,Regular
APP11717,2026-09-12,55,Male,Hyderabad,Salaried,83500,719,1,25545,0.22,No,300000,24,11.4,Branch,Completed,Approved,11.1,Disbursed,3.9,None,Paid,0,0,0,Regular
APP11718,2026-02-26,21,Male,Chennai,Salaried,82400,657,0,19887,0.49,No,500000,36,10.35,Mobile App,Completed,Pending,13.0,Not Disbursed,,None,Not Applicable,0,0,0,Not Applicable
APP11719,2026-05-18,43,Male,Ahmedabad,Professional,69800,671,1,22110,0.56,No,590000,24,10.41,Partner,Completed,Approved,16.7,Disbursed,2.1,None,Paid,0,0,0,Regular
APP11720,2026-08-19,42,Male,Ahmedabad,Salaried,155800,743,1,28114,0.57,No,1200000,48,8.64,Mobile App,Completed,Rejected,5.4,Not Disbursed,,Credit Assessment,Not Applicable,0,0,0,Not Applicable
APP11721,2026-01-16,51,Female,Bengaluru,Salaried,65100,595,1,18584,0.83,No,520000,60,13.65,Partner,Pending,Rejected,25.0,Not Disbursed,,None,Not Applicable,0,0,0,Not Applicable
APP11722,2026-09-27,32,Male,Kolkata,Self-Employed,39700,850,1,14986,0.05,No,480000,48,9.02,Website,Completed,Approved,8.6,Disbursed,3.2,None,Paid,0,0,0,Regular
APP11723,2026-02-01,38,Male,Kolkata,Professional,58000,802,2,20028,0.66,Yes,470000,48,9.92,Mobile App,Completed,Approved,5.7,Disbursed,3.9,None,Paid,0,0,0,Regular
APP11724,2026-05-23,53,Female,Mumbai,Salaried,26300,762,1,10130,0.14,No,180000,18,10.49,Mobile App,Completed,Rejected,4.7,Not Disbursed,,Credit Assessment,Not Applicable,0,0,0,Not Applicable
APP11725,2026-07-02,27,Male,Delhi,Self-Employed,79600,713,1,26816,0.29,No,230000,12,10.5,Partner,Pending,Pending,30.3,Not Disbursed,,KYC,Not Applicable,0,0,0,Not Applicable
APP11726,2026-09-04,27,Other,Bengaluru,Salaried,40200,730,1,8681,0.36,No,350000,24,9.43,Branch,Completed,Approved,9.1,Disbursed,5.1,None,Paid,0,0,0,Regular
APP11727,2026-07-25,39,Male,Jaipur,Salaried,46500,669,1,17105,0.62,Yes,260000,36,9.65,Website,Completed,Approved,6.7,Disbursed,4.3,None,Paid,0,0,0,Regular
APP11728,2026-05-04,23,Male,Chennai,Salaried,34200,733,1,10755,0.74,No,270000,36,10.94,Website,Pending,Pending,20.0,Not Disbursed,,None,Not Applicable,0,0,0,Not Applicable
APP11729,2026-07-15,54,Male,Hyderabad,Professional,57000,690,1,21188,0.24,Yes,240000,36,9.85,Mobile App,Completed,Rejected,1.9,Not Disbursed,,Credit Assessment,Not Applicable,0,0,0,Not Applicable
APP11730,2026-04-03,39,Female,Chennai,Salaried,28000,669,1,9537,0.55,Yes,210000,24,10.71,Mobile App,Completed,Pending,12.0,Not Disbursed,,Credit Assessment,Not Applicable,0,0,0,Not Applicable
APP11731,2026-01-30,49,Male,Delhi,Salaried,36700,770,1,5774,0.48,No,310000,48,10.78,Mobile App,Completed,Approved,8.5,Disbursed,0.9,None,Paid,0,0,0,Regular
APP11732,2026-01-03,25,Other,Ahmedabad,Salaried,51600,693,1,7658,0.73,No,560000,36,8.93,Mobile App,Completed,Approved,6.8,Disbursed,2.0,None,Bounce,1,0,0,Watch
APP11733,2026-02-13,39,Male,Kolkata,Salaried,61200,818,1,10808,0.6,No,340000,24,11.9,Partner,Completed,Approved,15.7,Disbursed,4.4,None,Paid,0,0,0,Regular
APP11734,2026-04-08,38,Female,Jaipur,Self-Employed,48000,736,1,5838,0.64,No,430000,60,11.2,Mobile App,Completed,Rejected,2.5,Not Disbursed,,Credit Assessment,Not Applicable,0,0,0,Not Applicable
APP11735,2026-09-14,38,Male,Ahmedabad,Professional,63400,744,1,25972,0.62,No,250000,18,9.66,Branch,Completed,Approved,15.4,Disbursed,5.8,None,Paid,0,0,0,Regular
APP11736,2026-09-13,28,Male,Ahmedabad,Salaried,44600,762,0,16660,0.42,No,320000,24,10.68,Website,Pending,Approved,11.4,Not Disbursed,,KYC,Not Applicable,0,0,0,Not Applicable
APP11737,2026-01-10,42,Female,Ahmedabad,Salaried,33300,765,0,3239,0.4,No,370000,24,10.12,Website,Completed,Approved,10.3,Disbursed,2.2,None,Paid,0,0,0,Regular
APP11738,2026-01-03,24,Male,Mumbai,Salaried,75700,647,0,30760,0.39,No,780000,12,11.24,Branch,Completed,Approved,12.6,Disbursed,5.2,None,Paid,0,0,0,Regular
APP11739,2026-08-24,45,Male,Delhi,Salaried,28400,729,2,9753,0.64,No,350000,36,11.13,Mobile App,Completed,Rejected,5.1,Not Disbursed,,Credit Assessment,Not Applicable,0,0,0,Not Applicable
APP11740,2026-08-10,41,Female,Ahmedabad,Salaried,48000,762,1,3937,0.07,No,300000,24,9.71,Mobile App,Completed,Approved,8.1,Disbursed,2.0,None,Paid,0,0,0,Regular
APP11741,2026-08-26,29,Male,Lucknow,Self-Employed,72800,764,1,12799,0.74,Yes,550000,18,11.65,Branch,Completed,Approved,11.0,Disbursed,3.8,None,Paid,0,0,0,Regular
APP11742,2026-06-25,38,Male,Mumbai,Professional,64100,739,2,27506,0.48,No,420000,48,11.02,Branch,Completed,Approved,9.3,Disbursed,5.1,None,Paid,0,0,0,Regular
APP11743,2026-02-24,29,Female,Pune,Salaried,57000,742,0,22484,0.17,No,340000,60,9.27,Website,Completed,Approved,7.9,Disbursed,4.2,None,Paid,0,0,0,Regular
APP11744,2026-02-01,46,Female,Kolkata,Self-Employed,50500,699,0,10528,0.59,No,480000,12,10.9,Partner,Completed,Approved,12.8,Disbursed,3.7,None,Paid,0,0,0,Regular
APP11745,2026-05-28,32,Female,Hyderabad,Salaried,92600,782,0,39321,0.28,No,930000,36,11.57,Mobile App,Completed,Rejected,3.1,Not Disbursed,,Credit Assessment,Not Applicable,0,0,0,Not Applicable
APP11746,2026-10-01,24,Other,Mumbai,Salaried,45300,850,1,17899,0.43,No,50000,12,10.44,Mobile App,Completed,Approved,4.9,Disbursed,2.2,None,Paid,0,0,0,Regular
APP11747,2026-01-13,52,Male,Kolkata,Salaried,133000,731,1,24549,0.77,No,1150000,60,8.64,Website,Completed,Approved,7.0,Disbursed,3.2,None,Paid,0,0,0,Regular
APP11748,2026-05-25,50,Female,Chennai,Salaried,25600,700,2,3801,0.64,No,130000,36,9.12,Branch,Completed,Approved,14.1,Not Disbursed,,Documentation,Not Applicable,0,0,0,Not Applicable
APP11749,2026-09-19,40,Female,Bengaluru,Salaried,55300,695,1,4693,0.52,No,500000,24,10.4,Mobile App,Completed,Approved,7.0,Disbursed,3.0,None,Paid,0,0,0,Regular
APP11750,2026-08-08,43,Female,Chennai,Salaried,183500,759,1,65510,0.44,No,790000,12,10.32,Website,Completed,Approved,7.5,Disbursed,2.6,None,Paid,0,0,0,Regular
APP11751,2026-01-25,34,Female,Bengaluru,Salaried,65900,850,0,19510,0.28,No,460000,48,9.5,Branch,Pending,Rejected,17.2,Not Disbursed,,None,Not Applicable,0,0,0,Not Applicable
APP11752,2026-08-07,24,Female,Pune,Salaried,24300,656,1,4615,0.63,No,260000,48,10.68,Mobile App,Completed,Approved,4.6,Disbursed,2.0,None,Paid,0,0,0,Regular
APP11753,2026-09-03,33,Female,Hyderabad,Professional,78600,649,2,20925,0.51,No,650000,36,12.93,Mobile App,Completed,Rejected,5.5,Not Disbursed,,Credit Assessment,Not Applicable,0,0,0,Not Applicable
APP11754,2026-08-11,35,Female,Mumbai,Salaried,76500,718,0,12894,0.39,No,440000,48,11.76,Mobile App,Completed,Approved,3.6,Disbursed,3.0,None,Paid,0,0,0,Regular
APP11755,2026-09-29,48,Male,Ahmedabad,Salaried,55000,748,2,22081,0.54,No,560000,24,8.23,Mobile App,Completed,Rejected,8.0,Not Disbursed,,Credit Assessment,Not Applicable,0,0,0,Not Applicable
APP11756,2026-07-31,56,Male,Bengaluru,Salaried,53200,704,1,13392,0.67,No,390000,36,11.68,Branch,Completed,Approved,8.9,Disbursed,4.4,None,Paid,0,0,0,Regular
APP11757,2026-07-09,46,Male,Bengaluru,Salaried,143800,727,1,31637,0.55,No,1070000,48,8.69,Website,Completed,Pending,9.4,Not Disbursed,,None,Not Applicable,0,0,0,Not Applicable
APP11758,2026-06-27,38,Female,Jaipur,Professional,42100,709,1,7815,0.36,No,210000,12,11.76,Branch,Completed,Approved,12.8,Disbursed,4.8,None,Bounce,1,0,0,Watch
APP11759,2026-09-16,37,Female,Jaipur,Professional,57300,807,3,18770,0.3,No,360000,60,10.75,Branch,Completed,Approved,9.4,Disbursed,4.9,None,Paid,0,0,0,Regular
APP11760,2026-08-13,48,Male,Kolkata,Salaried,37400,745,0,6072,0.46,Yes,120000,18,8.43,Partner,Completed,Approved,13.5,Disbursed,4.8,None,Paid,0,0,0,Regular
APP11761,2026-05-10,47,Male,Jaipur,Salaried,40600,645,1,6257,0.78,Yes,390000,36,10.49,Website,Completed,Approved,9.8,Disbursed,1.7,None,Paid,0,0,0,Regular
APP11762,2026-02-28,28,Male,Jaipur,Salaried,18400,745,2,5351,0.27,Yes,250000,48,9.33,Mobile App,Completed,Pending,9.9,Not Disbursed,,None,Not Applicable,0,0,0,Not Applicable
APP11763,2026-03-11,49,Female,Kolkata,Salaried,71000,710,2,25810,0.36,No,350000,24,12.13,Website,Completed,Approved,4.1,Disbursed,3.4,None,Bounce,1,0,0,Watch
APP11764,2026-09-26,47,Male,Hyderabad,Salaried,63400,732,2,12081,0.34,No,330000,48,9.56,Partner,Completed,Approved,16.0,Disbursed,5.0,None,Paid,0,0,0,Regular
APP11765,2026-03-24,30,Female,Hyderabad,Salaried,55100,850,0,5639,0.31,No,430000,48,9.64,Website,Completed,Approved,6.5,Disbursed,2.7,None,Paid,0,0,0,Regular
APP11766,2026-07-20,51,Female,Chennai,Salaried,50600,761,0,9391,0.17,No,390000,24,9.42,Mobile App,Completed,Approved,6.3,Disbursed,2.8,None,Paid,0,0,0,Regular
APP11767,2026-03-08,58,Male,Hyderabad,Salaried,32600,834,2,14723,0.47,No,180000,24,9.36,Mobile App,Completed,Approved,7.8,Disbursed,4.5,None,Paid,0,0,0,Regular
APP11768,2026-02-17,56,Male,Ahmedabad,Self-Employed,71600,791,1,26236,0.13,Yes,530000,60,8.85,Mobile App,Completed,Rejected,8.2,Not Disbursed,,Credit Assessment,Not Applicable,0,0,0,Not Applicable
APP11769,2026-04-09,37,Female,Bengaluru,Salaried,98900,655,4,46089,0.35,No,460000,60,10.44,Mobile App,Completed,Approved,7.6,Disbursed,2.6,None,Paid,0,0,0,Regular
APP11770,2026-09-29,52,Male,Hyderabad,Salaried,56200,685,2,26088,0.72,No,400000,48,11.65,Partner,Completed,Approved,17.5,Disbursed,4.8,None,Bounce,1,1,1,Severe Delinquency
APP11771,2026-06-08,31,Male,Mumbai,Self-Employed,43800,777,1,5674,0.86,No,250000,24,9.38,Partner,Completed,Rejected,18.1,Not Disbursed,,Credit Assessment,Not Applicable,0,0,0,Not Applicable
APP11772,2026-02-08,50,Male,Ahmedabad,Self-Employed,25100,710,0,6473,0.49,No,50000,24,8.29,Branch,Completed,Pending,11.5,Not Disbursed,,None,Not Applicable,0,0,0,Not Applicable
APP11773,2026-02-06,59,Male,Jaipur,Salaried,30100,773,1,3841,0.35,No,110000,12,8.01,Mobile App,Pending,Rejected,14.4,Not Disbursed,,KYC,Not Applicable,0,0,0,Not Applicable
APP11774,2026-09-21,44,Male,Lucknow,Salaried,27200,732,2,13479,0.54,No,70000,18,11.09,Website,Completed,Pending,15.2,Not Disbursed,,None,Not Applicable,0,0,0,Not Applicable
APP11775,2026-02-21,47,Male,Pune,Salaried,85500,775,1,21069,0.56,No,640000,12,11.18,Website,Completed,Approved,8.9,Disbursed,3.3,None,Paid,0,0,0,Regular
APP11776,2026-04-22,32,Female,Bengaluru,Salaried,62900,706,1,16790,0.05,No,420000,12,9.02,Mobile App,Completed,Approved,5.4,Disbursed,2.0,None,Bounce,1,1,1,Severe Delinquency
APP11777,2026-04-08,46,Female,Hyderabad,Self-Employed,36800,796,3,13040,0.43,No,380000,60,10.48,Website,Completed,Approved,7.7,Disbursed,1.8,None,Paid,0,0,0,Regular
APP11778,2026-06-30,60,Female,Pune,Salaried,44400,728,1,14618,0.22,No,310000,48,8.42,Mobile App,Completed,Approved,6.5,Disbursed,3.0,None,Paid,0,0,0,Regular
APP11779,2026-04-20,59,Male,Chennai,Salaried,100000,724,3,48436,0.05,No,560000,12,10.56,Branch,Pending,Rejected,24.0,Not Disbursed,,KYC,Not Applicable,0,0,0,Not Applicable
APP11780,2026-08-26,52,Female,Kolkata,Professional,64300,681,1,6348,0.45,Yes,220000,36,9.01,Mobile App,Completed,Approved,3.3,Disbursed,2.2,None,Paid,0,0,0,Regular
APP11781,2026-09-12,21,Female,Bengaluru,Professional,51400,715,2,16114,0.82,No,290000,36,9.25,Branch,Completed,Rejected,10.7,Not Disbursed,,Credit Assessment,Not Applicable,0,0,0,Not Applicable
APP11782,2026-05-09,45,Male,Bengaluru,Salaried,56700,607,2,14670,0.65,No,490000,60,12.88,Mobile App,Completed,Approved,11.0,Disbursed,2.9,None,Paid,0,0,0,Regular
APP11783,2026-02-08,38,Male,Delhi,Salaried,63700,685,0,23003,0.05,No,270000,24,12.08,Mobile App,Completed,Approved,7.0,Disbursed,3.8,None,Paid,0,0,0,Regular
APP11784,2026-01-10,49,Male,Pune,Self-Employed,49800,648,2,22978,0.59,Yes,280000,18,11.35,Website,Completed,Pending,11.9,Not Disbursed,,Credit Assessment,Not Applicable,0,0,0,Not Applicable
APP11785,2026-04-05,58,Female,Hyderabad,Self-Employed,46300,658,0,16179,0.3,No,260000,12,10.81,Partner,Completed,Approved,21.8,Not Disbursed,,Documentation,Not Applicable,0,0,0,Not Applicable
APP11786,2026-01-02,44,Female,Kolkata,Self-Employed,52300,732,1,11204,0.05,No,290000,36,9.73,Website,Pending,Approved,15.9,Not Disbursed,,KYC,Not Applicable,0,0,0,Not Applicable
APP11787,2026-04-15,41,Male,Bengaluru,Salaried,93100,802,2,34027,0.63,No,800000,24,11.1,Branch,Completed,Pending,16.8,Not Disbursed,,Credit Assessment,Not Applicable,0,0,0,Not Applicable
APP11788,2026-08-10,39,Female,Lucknow,Salaried,54200,843,1,8395,0.34,No,420000,12,9.59,Website,Completed,Rejected,8.4,Not Disbursed,,Credit Assessment,Not Applicable,0,0,0,Not Applicable
APP11789,2026-08-25,46,Male,Pune,Salaried,59600,693,0,23620,0.19,No,240000,48,9.62,Mobile App,Pending,Rejected,9.2,Not Disbursed,,None,Not Applicable,0,0,0,Not Applicable
APP11790,2026-07-26,47,Male,Bengaluru,Salaried,97600,702,1,26481,0.25,No,520000,48,12.3,Mobile App,Completed,Pending,8.5,Not Disbursed,,None,Not Applicable,0,0,0,Not Applicable
APP11791,2026-04-21,46,Male,Kolkata,Professional,52100,774,1,20991,0.63,No,450000,24,9.54,Website,Completed,Approved,7.4,Disbursed,3.0,None,Paid,0,0,0,Regular
APP11792,2026-06-16,30,Male,Delhi,Salaried,43200,781,1,12019,0.51,No,360000,24,8.22,Branch,Pending,Rejected,17.0,Not Disbursed,,None,Not Applicable,0,0,0,Not Applicable
APP11793,2026-01-12,38,Male,Bengaluru,Self-Employed,104600,686,0,26526,0.32,No,970000,48,8.79,Mobile App,Completed,Approved,7.7,Disbursed,2.8,None,Paid,0,0,0,Regular
APP11794,2026-03-24,49,Male,Hyderabad,Salaried,37800,680,0,3932,0.67,Yes,200000,36,10.54,Mobile App,Completed,Rejected,2.3,Not Disbursed,,Credit Assessment,Not Applicable,0,0,0,Not Applicable
APP11795,2026-03-19,55,Male,Mumbai,Salaried,87300,666,0,23866,0.67,No,230000,60,12.42,Branch,Completed,Rejected,18.0,Not Disbursed,,Credit Assessment,Not Applicable,0,0,0,Not Applicable
APP11796,2026-01-31,38,Female,Mumbai,Salaried,95400,794,2,22290,0.39,No,410000,60,8.79,Website,Completed,Approved,5.0,Disbursed,4.6,None,Paid,0,0,0,Regular
APP11797,2026-07-05,44,Female,Jaipur,Professional,34000,850,0,11353,0.54,No,200000,12,8.3,Website,Completed,Approved,7.3,Disbursed,4.5,None,Paid,0,0,0,Regular
APP11798,2026-07-04,57,Female,Mumbai,Salaried,87800,633,3,43358,0.37,No,700000,48,12.71,Mobile App,Completed,Approved,6.1,Disbursed,2.5,None,Paid,0,0,0,Regular
APP11799,2026-05-08,37,Female,Hyderabad,Salaried,70200,752,2,25956,0.42,No,400000,24,8.63,Website,Completed,Approved,8.0,Disbursed,3.1,None,Paid,0,0,0,Regular
APP11800,2026-09-05,34,Male,Mumbai,Salaried,35600,680,1,7060,0.51,No,320000,60,11.97,Mobile App,Completed,Pending,10.8,Not Disbursed,,None,Not Applicable,0,0,0,Not Applicable
APP11801,2026-08-14,48,Female,Kolkata,Salaried,50600,747,0,4877,0.65,No,390000,12,10.99,Branch,Completed,Approved,13.2,Disbursed,5.3,None,Paid,0,0,0,Regular
APP11802,2026-01-11,57,Female,Ahmedabad,Salaried,43900,691,2,13228,0.43,Yes,250000,18,8.83,Website,Completed,Approved,7.9,Disbursed,3.5,None,Bounce,1,1,0,Intensive Follow-up
APP11803,2026-08-14,44,Female,Bengaluru,Salaried,52800,786,0,20428,0.7,No,380000,36,11.95,Branch,Completed,Approved,11.2,Disbursed,3.5,None,Paid,0,0,0,Regular
APP11804,2026-07-06,58,Male,Mumbai,Salaried,135500,735,2,64493,0.05,No,1000000,60,11.38,Branch,Completed,Approved,10.4,Disbursed,3.3,None,Paid,0,0,0,Regular
APP11805,2026-03-04,52,Male,Kolkata,Salaried,45700,765,1,6514,0.86,No,400000,36,8.84,Website,Completed,Approved,7.4,Disbursed,2.5,None,Paid,0,0,0,Regular
APP11806,2026-01-08,24,Female,Jaipur,Self-Employed,83000,758,2,21227,0.58,No,380000,60,9.22,Branch,Completed,Approved,7.6,Disbursed,6.3,None,Paid,0,0,0,Regular
APP11807,2026-03-28,32,Male,Chennai,Self-Employed,71000,702,1,6008,0.31,No,630000,18,10.55,Mobile App,Completed,Approved,2.9,Disbursed,2.3,None,Paid,0,0,0,Regular
APP11808,2026-09-16,55,Male,Mumbai,Self-Employed,83400,756,1,33963,0.5,No,350000,18,9.14,Mobile App,Completed,Approved,5.9,Disbursed,2.0,None,Paid,0,0,0,Regular
APP11809,2026-06-02,38,Female,Ahmedabad,Salaried,37900,758,0,16965,0.49,No,330000,12,10.79,Mobile App,Completed,Approved,6.2,Disbursed,2.8,None,Paid,0,0,0,Regular
APP11810,2026-03-04,23,Male,Ahmedabad,Salaried,44200,725,0,5453,0.63,Yes,470000,60,8.64,Mobile App,Completed,Approved,2.7,Disbursed,2.1,None,Paid,0,0,0,Regular
APP11811,2026-08-01,45,Female,Ahmedabad,Salaried,64600,673,1,23123,0.32,No,520000,24,9.81,Mobile App,Completed,Approved,10.4,Disbursed,2.1,None,Paid,0,0,0,Regular
APP11812,2026-07-23,37,Female,Chennai,Salaried,41100,756,1,12029,0.48,Yes,540000,12,11.47,Mobile App,Completed,Rejected,5.5,Not Disbursed,,Credit Assessment,Not Applicable,0,0,0,Not Applicable
APP11813,2026-03-22,31,Female,Jaipur,Self-Employed,119900,714,2,29417,0.16,No,1110000,12,8.27,Website,Completed,Approved,10.0,Disbursed,4.1,None,Paid,0,0,0,Regular
APP11814,2026-07-05,39,Female,Lucknow,Professional,87200,708,1,37779,0.46,No,510000,24,10.9,Mobile App,Completed,Approved,6.2,Disbursed,3.5,None,Paid,0,0,0,Regular
APP11815,2026-01-26,42,Female,Pune,Self-Employed,30100,765,2,13211,0.12,No,200000,12,8.89,Mobile App,Completed,Approved,5.1,Disbursed,2.6,None,Paid,0,0,0,Regular
APP11816,2026-03-04,45,Female,Jaipur,Professional,47500,681,2,15039,0.51,No,120000,18,9.85,Mobile App,Completed,Approved,5.2,Disbursed,2.8,None,Paid,0,0,0,Regular
APP11817,2026-03-28,44,Female,Mumbai,Salaried,32900,675,2,13000,0.3,No,230000,60,8.91,Partner,Completed,Approved,20.3,Disbursed,3.7,None,Paid,0,0,0,Regular
APP11818,2026-05-24,45,Other,Delhi,Salaried,60300,673,2,26840,0.44,No,230000,60,10.54,Mobile App,Completed,Approved,8.3,Disbursed,1.6,None,Paid,0,0,0,Regular
APP11819,2026-03-14,46,Male,Bengaluru,Self-Employed,127900,755,2,37037,0.64,No,1200000,60,11.55,Mobile App,Completed,Rejected,3.5,Not Disbursed,,Credit Assessment,Not Applicable,0,0,0,Not Applicable
APP11820,2026-06-01,37,Male,Jaipur,Professional,20900,723,2,5001,0.42,No,290000,60,9.45,Mobile App,Completed,Pending,11.3,Not Disbursed,,Credit Assessment,Not Applicable,0,0,0,Not Applicable
APP11821,2026-06-15,44,Female,Jaipur,Professional,71300,715,2,33471,0.39,No,470000,36,8.33,Website,Completed,Approved,8.3,Disbursed,4.2,None,Paid,0,0,0,Regular
APP11822,2026-04-06,54,Female,Kolkata,Self-Employed,52200,746,2,16288,0.43,No,180000,24,11.98,Mobile App,Completed,Approved,6.7,Disbursed,3.6,None,Paid,0,0,0,Regular
APP11823,2026-02-22,55,Female,Lucknow,Salaried,105100,823,2,51674,0.45,No,350000,18,8.11,Mobile App,Completed,Approved,3.8,Disbursed,3.5,None,Paid,0,0,0,Regular
APP11824,2026-02-09,55,Female,Lucknow,Salaried,66700,844,1,26085,0.47,No,360000,36,10.6,Partner,Completed,Approved,10.9,Disbursed,3.8,None,Bounce,1,1,1,Severe Delinquency
APP11825,2026-07-29,40,Female,Lucknow,Salaried,33300,770,0,9005,0.25,No,100000,12,9.35,Mobile App,Completed,Approved,7.1,Disbursed,2.6,None,Bounce,1,1,0,Intensive Follow-up
APP11826,2026-01-28,57,Female,Delhi,Professional,76700,782,0,11958,0.59,No,900000,18,8.91,Mobile App,Completed,Approved,6.7,Disbursed,4.5,None,Paid,0,0,0,Regular
APP11827,2026-06-06,54,Female,Delhi,Self-Employed,67000,743,2,10325,0.62,No,270000,36,9.39,Mobile App,Completed,Approved,5.5,Disbursed,2.3,None,Paid,0,0,0,Regular
APP11828,2026-04-03,38,Female,Kolkata,Salaried,40700,788,0,7852,0.46,No,240000,24,10.95,Branch,Completed,Approved,9.3,Disbursed,5.7,None,Paid,0,0,0,Regular
APP11829,2026-09-23,35,Female,Ahmedabad,Salaried,54500,694,1,17806,0.37,Yes,330000,12,11.13,Branch,Completed,Approved,8.7,Disbursed,4.4,None,Paid,0,0,0,Regular
APP11830,2026-04-21,35,Female,Lucknow,Self-Employed,43800,746,0,4045,0.2,No,380000,12,9.85,Website,Completed,Approved,7.5,Disbursed,2.3,None,Paid,0,0,0,Regular
APP11831,2026-03-29,55,Female,Pune,Professional,56500,754,2,17412,0.73,No,280000,12,8.1,Mobile App,Completed,Pending,8.6,Not Disbursed,,None,Not Applicable,0,0,0,Not Applicable
APP11832,2026-04-29,34,Female,Jaipur,Salaried,73600,813,2,18381,0.19,No,590000,18,9.89,Mobile App,Completed,Approved,3.3,Disbursed,3.7,None,Paid,0,0,0,Regular
APP11833,2026-03-08,22,Female,Jaipur,Professional,37000,709,2,11298,0.39,No,200000,12,9.35,Mobile App,Completed,Pending,11.6,Not Disbursed,,None,Not Applicable,0,0,0,Not Applicable
APP11834,2026-03-19,46,Male,Bengaluru,Salaried,80700,693,1,34150,0.59,No,510000,18,10.9,Website,Completed,Approved,4.7,Disbursed,2.4,None,Paid,0,0,0,Regular
APP11835,2026-09-01,33,Male,Mumbai,Salaried,99800,731,1,32153,0.64,No,640000,36,10.6,Branch,Completed,Approved,13.4,Disbursed,4.7,None,Paid,0,0,0,Regular
APP11836,2026-09-15,31,Male,Jaipur,Salaried,33300,699,0,8872,0.34,No,380000,12,9.66,Mobile App,Completed,Rejected,6.7,Not Disbursed,,Credit Assessment,Not Applicable,0,0,0,Not Applicable
APP11837,2026-08-16,51,Male,Ahmedabad,Salaried,32500,769,1,13583,0.34,No,100000,12,10.44,Website,Completed,Approved,6.1,Disbursed,3.0,None,Paid,0,0,0,Regular
APP11838,2026-09-22,35,Male,Jaipur,Salaried,62800,804,2,11772,0.52,No,600000,12,10.92,Branch,Completed,Approved,12.0,Disbursed,5.4,None,Paid,0,0,0,Regular
APP11839,2026-05-24,36,Male,Bengaluru,Salaried,38100,806,2,9755,0.5,No,220000,18,9.54,Website,Pending,Pending,17.0,Not Disbursed,,None,Not Applicable,0,0,0,Not Applicable
APP11840,2026-09-03,23,Other,Hyderabad,Self-Employed,46100,735,1,13271,0.38,No,120000,24,11.71,Partner,Completed,Approved,14.4,Disbursed,3.7,None,Paid,0,0,0,Regular
APP11841,2026-07-31,29,Male,Ahmedabad,Professional,29400,676,0,5962,0.26,Yes,50000,12,11.25,Branch,Completed,Pending,17.5,Not Disbursed,,Credit Assessment,Not Applicable,0,0,0,Not Applicable
APP11842,2026-06-23,37,Male,Kolkata,Salaried,90300,763,0,33320,0.59,No,440000,36,10.02,Website,Completed,Approved,4.2,Disbursed,2.8,None,Paid,0,0,0,Regular
APP11843,2026-09-03,47,Female,Jaipur,Professional,39300,703,1,14175,0.55,No,150000,24,11.59,Website,Completed,Approved,8.5,Disbursed,2.0,None,Paid,0,0,0,Regular
APP11844,2026-01-05,32,Male,Lucknow,Salaried,113300,680,1,41094,0.41,No,740000,60,10.85,Partner,Pending,Pending,25.4,Not Disbursed,,KYC,Not Applicable,0,0,0,Not Applicable
APP11845,2026-05-29,45,Female,Delhi,Salaried,34800,816,0,2824,0.21,No,180000,18,8.73,Website,Completed,Approved,7.0,Disbursed,4.5,None,Paid,0,0,0,Regular
APP11846,2026-05-26,23,Female,Kolkata,Salaried,47200,753,0,13473,0.59,No,320000,12,8.46,Mobile App,Completed,Approved,2.7,Disbursed,2.5,None,Paid,0,0,0,Regular
APP11847,2026-07-18,57,Female,Mumbai,Self-Employed,63500,778,2,17791,0.4,No,250000,48,11.47,Mobile App,Completed,Approved,7.6,Disbursed,2.8,None,Paid,0,0,0,Regular
APP11848,2026-01-26,49,Female,Chennai,Self-Employed,46100,775,0,20737,0.37,No,270000,18,10.19,Mobile App,Completed,Approved,8.2,Disbursed,4.3,None,Paid,0,0,0,Regular
APP11849,2026-01-12,28,Male,Chennai,Salaried,62800,712,2,14208,0.34,No,420000,18,10.56,Partner,Completed,Approved,18.1,Disbursed,5.4,None,Paid,0,0,0,Regular
APP11850,2026-05-08,39,Female,Delhi,Self-Employed,36900,815,1,8953,0.27,No,160000,36,8.23,Partner,Completed,Pending,19.4,Not Disbursed,,Credit Assessment,Not Applicable,0,0,0,Not Applicable
APP11851,2026-07-16,34,Male,Chennai,Salaried,56400,701,0,24648,0.49,No,360000,36,10.3,Branch,Pending,Rejected,18.4,Not Disbursed,,KYC,Not Applicable,0,0,0,Not Applicable
APP11852,2026-08-17,50,Female,Kolkata,Salaried,43200,643,1,13123,0.46,No,410000,48,11.15,Partner,Completed,Approved,16.7,Disbursed,3.0,None,Paid,0,0,0,Regular
APP11853,2026-05-03,38,Male,Pune,Self-Employed,48800,700,0,21782,0.51,No,360000,36,9.69,Website,Completed,Pending,10.7,Not Disbursed,,Credit Assessment,Not Applicable,0,0,0,Not Applicable
APP11854,2026-05-22,23,Male,Lucknow,Salaried,34000,699,1,3390,0.51,No,180000,48,12.04,Mobile App,Completed,Approved,4.3,Disbursed,4.0,None,Paid,0,0,0,Regular
APP11855,2026-07-10,50,Female,Delhi,Professional,44000,748,0,12411,0.82,Yes,210000,48,10.14,Mobile App,Pending,Rejected,11.8,Not Disbursed,,None,Not Applicable,0,0,0,Not Applicable
APP11856,2026-09-03,51,Female,Ahmedabad,Salaried,26900,725,1,8402,0.72,No,280000,36,11.11,Branch,Completed,Approved,10.7,Disbursed,3.9,None,Paid,0,0,0,Regular
APP11857,2026-09-22,25,Male,Bengaluru,Salaried,107800,762,0,17895,0.51,No,770000,18,9.69,Partner,Completed,Approved,17.6,Disbursed,3.8,None,Paid,0,0,0,Regular
APP11858,2026-01-17,22,Male,Kolkata,Salaried,76500,761,2,21101,0.45,No,740000,48,11.39,Website,Completed,Approved,8.7,Disbursed,2.4,None,Paid,0,0,0,Regular
APP11859,2026-03-28,32,Male,Lucknow,Salaried,37400,689,2,13016,0.27,No,240000,24,12.13,Website,Completed,Approved,5.5,Disbursed,2.8,None,Paid,0,0,0,Regular
APP11860,2026-05-04,33,Female,Chennai,Salaried,42200,743,1,10592,0.72,No,520000,36,8.9,Website,Completed,Rejected,9.2,Not Disbursed,,Credit Assessment,Not Applicable,0,0,0,Not Applicable
APP11861,2026-02-02,42,Female,Lucknow,Salaried,22800,759,1,9153,0.34,No,50000,60,10.55,Mobile App,Completed,Approved,4.8,Disbursed,3.2,None,Paid,0,0,0,Regular
APP11862,2026-08-12,52,Male,Bengaluru,Salaried,48900,791,1,20073,0.3,No,480000,12,9.04,Mobile App,Completed,Pending,9.3,Not Disbursed,,None,Not Applicable,0,0,0,Not Applicable
APP11863,2026-09-30,24,Female,Lucknow,Professional,91800,675,0,37662,0.41,No,870000,60,11.57,Branch,Completed,Approved,14.8,Disbursed,5.5,None,Paid,0,0,0,Regular
APP11864,2026-03-12,48,Male,Mumbai,Salaried,137500,721,1,51450,0.68,No,660000,36,10.68,Partner,Completed,Approved,11.2,Disbursed,4.5,None,Paid,0,0,0,Regular
APP11865,2026-10-01,24,Male,Chennai,Self-Employed,49900,724,1,15574,0.44,No,290000,48,9.09,Mobile App,Completed,Approved,4.3,Disbursed,3.0,None,Paid,0,0,0,Regular
APP11866,2026-06-25,40,Female,Lucknow,Self-Employed,19000,738,2,7200,0.44,No,210000,18,10.74,Mobile App,Completed,Approved,2.0,Disbursed,4.2,None,Paid,0,0,0,Regular
APP11867,2026-06-04,58,Female,Mumbai,Salaried,28500,715,3,5382,0.33,No,60000,60,10.53,Website,Completed,Approved,8.8,Disbursed,4.8,None,Paid,0,0,0,Regular
APP11868,2026-08-14,44,Female,Chennai,Self-Employed,47600,730,2,16797,0.21,No,320000,12,10.12,Branch,Pending,Pending,23.1,Not Disbursed,,None,Not Applicable,0,0,0,Not Applicable
APP11869,2026-01-10,32,Male,Jaipur,Professional,47300,656,1,12857,0.75,No,340000,24,12.61,Partner,Completed,Pending,18.8,Not Disbursed,,None,Not Applicable,0,0,0,Not Applicable
APP11870,2026-09-06,39,Female,Kolkata,Salaried,31700,793,2,5957,0.42,No,160000,48,9.37,Website,Completed,Approved,5.2,Disbursed,2.8,None,Paid,0,0,0,Regular
APP11871,2026-01-07,29,Female,Kolkata,Self-Employed,58900,730,1,18502,0.64,No,550000,18,10.73,Website,Completed,Approved,14.2,Disbursed,3.5,None,Paid,0,0,0,Regular
APP11872,2026-07-20,36,Male,Lucknow,Salaried,136500,631,1,13845,0.5,No,870000,60,11.44,Branch,Completed,Approved,13.4,Disbursed,4.5,None,Paid,0,0,0,Regular
APP11873,2026-02-16,47,Female,Delhi,Professional,53900,765,0,7008,0.48,No,170000,18,9.32,Mobile App,Completed,Approved,11.0,Disbursed,4.8,None,Paid,0,0,0,Regular
APP11874,2026-07-15,57,Male,Mumbai,Self-Employed,54600,791,2,12508,0.23,No,430000,48,11.35,Branch,Completed,Approved,12.3,Disbursed,4.8,None,Paid,0,0,0,Regular
APP11875,2026-08-30,37,Other,Ahmedabad,Salaried,35400,759,0,9269,0.49,No,220000,12,10.48,Mobile App,Completed,Approved,4.9,Disbursed,3.1,None,Paid,0,0,0,Regular
APP11876,2026-07-24,55,Male,Delhi,Self-Employed,48400,723,1,16014,0.66,No,250000,36,10.51,Branch,Completed,Rejected,14.7,Not Disbursed,,Credit Assessment,Not Applicable,0,0,0,Not Applicable
APP11877,2026-04-19,41,Male,Hyderabad,Self-Employed,65100,756,1,25071,0.28,No,380000,18,8.1,Website,Completed,Approved,8.9,Disbursed,3.0,None,Paid,0,0,0,Regular
APP11878,2026-03-13,60,Male,Bengaluru,Salaried,53400,657,2,13848,0.41,No,510000,36,10.63,Mobile App,Completed,Rejected,9.9,Not Disbursed,,Credit Assessment,Not Applicable,0,0,0,Not Applicable
APP11879,2026-01-07,27,Male,Bengaluru,Self-Employed,61400,722,1,15696,0.5,No,710000,12,10.14,Branch,Completed,Pending,15.1,Not Disbursed,,None,Not Applicable,0,0,0,Not Applicable
APP11880,2026-09-29,53,Male,Delhi,Salaried,83800,723,0,19038,0.29,No,650000,12,11.6,Mobile App,Completed,Approved,4.7,Not Disbursed,,Documentation,Not Applicable,0,0,0,Not Applicable
APP11881,2026-08-07,50,Other,Kolkata,Professional,51200,668,2,6780,0.5,No,270000,60,11.24,Website,Completed,Approved,8.6,Disbursed,3.2,None,Paid,0,0,0,Regular
APP11882,2026-05-08,42,Female,Ahmedabad,Salaried,41000,850,2,17991,0.32,No,150000,60,10.63,Website,Completed,Approved,7.4,Disbursed,3.2,None,Paid,0,0,0,Regular
APP11883,2026-04-25,22,Female,Mumbai,Professional,39900,726,0,4324,0.51,No,210000,60,8.23,Mobile App,Completed,Rejected,1.8,Not Disbursed,,Credit Assessment,Not Applicable,0,0,0,Not Applicable
APP11884,2026-01-09,40,Male,Ahmedabad,Salaried,73400,638,3,26071,0.43,No,240000,48,11.38,Branch,Completed,Approved,17.6,Disbursed,5.7,None,Paid,0,0,0,Regular
APP11885,2026-08-11,56,Male,Jaipur,Salaried,102900,681,0,15581,0.64,Yes,970000,60,10.89,Mobile App,Completed,Approved,6.7,Disbursed,4.7,None,Paid,0,0,0,Regular
APP11886,2026-05-01,54,Male,Lucknow,Salaried,45300,729,3,13662,0.61,No,330000,12,10.92,Partner,Completed,Approved,14.1,Disbursed,5.8,None,Paid,0,0,0,Regular
APP11887,2026-02-19,54,Male,Lucknow,Self-Employed,71100,704,1,24354,0.56,No,620000,36,8.84,Mobile App,Completed,Approved,5.8,Disbursed,3.4,None,Paid,0,0,0,Regular
APP11888,2026-02-04,56,Male,Kolkata,Professional,101100,733,0,45020,0.18,No,440000,36,9.91,Partner,Completed,Approved,16.6,Disbursed,2.2,None,Paid,0,0,0,Regular
APP11889,2026-08-24,25,Male,Pune,Salaried,76300,731,2,30011,0.43,Yes,650000,36,10.07,Mobile App,Completed,Approved,4.9,Disbursed,3.0,None,Paid,0,0,0,Regular
APP11890,2026-04-07,28,Female,Pune,Salaried,53100,740,2,12525,0.59,No,640000,24,11.52,Website,Completed,Rejected,6.7,Not Disbursed,,Credit Assessment,Not Applicable,0,0,0,Not Applicable
APP11891,2026-09-17,36,Female,Ahmedabad,Salaried,79600,742,1,28917,0.5,No,340000,36,11.28,Mobile App,Completed,Approved,7.4,Disbursed,4.1,None,Paid,0,0,0,Regular
APP11892,2026-02-19,36,Male,Chennai,Salaried,90500,682,1,22055,0.43,No,290000,24,11.48,Mobile App,Completed,Rejected,8.4,Not Disbursed,,Credit Assessment,Not Applicable,0,0,0,Not Applicable
APP11893,2026-08-01,39,Female,Lucknow,Professional,89700,719,1,20530,0.53,No,390000,60,10.58,Mobile App,Completed,Approved,3.2,Disbursed,2.6,None,Paid,0,0,0,Regular
APP11894,2026-01-01,56,Female,Bengaluru,Salaried,84900,719,2,24044,0.64,No,570000,60,9.35,Partner,Completed,Rejected,16.7,Not Disbursed,,Credit Assessment,Not Applicable,0,0,0,Not Applicable
APP11895,2026-08-06,33,Female,Bengaluru,Salaried,46600,737,2,20662,0.65,No,450000,12,10.28,Website,Completed,Rejected,7.0,Not Disbursed,,Credit Assessment,Not Applicable,0,0,0,Not Applicable
APP11896,2026-03-27,31,Male,Pune,Professional,61500,762,2,9567,0.58,No,520000,12,11.33,Website,Completed,Rejected,5.9,Not Disbursed,,Credit Assessment,Not Applicable,0,0,0,Not Applicable
APP11897,2026-04-28,59,Female,Bengaluru,Self-Employed,49500,744,1,16844,0.64,No,360000,48,11.76,Branch,Completed,Approved,8.9,Disbursed,4.2,None,Paid,0,0,0,Regular
APP11898,2026-07-29,44,Female,Jaipur,Salaried,19800,755,1,6381,0.31,No,230000,60,8.35,Partner,Completed,Approved,16.4,Disbursed,3.6,None,Bounce,1,0,0,Watch
APP11899,2026-03-03,58,Male,Mumbai,Professional,88700,716,0,12243,0.32,Yes,570000,60,9.97,Mobile App,Completed,Approved,2.9,Disbursed,2.9,None,Paid,0,0,0,Regular
APP11900,2026-09-10,31,Male,Chennai,Self-Employed,30500,807,1,8944,0.75,No,200000,36,10.63,Mobile App,Completed,Approved,4.1,Not Disbursed,,Documentation,Not Applicable,0,0,0,Not Applicable
APP11901,2026-07-11,22,Male,Jaipur,Salaried,27900,673,1,11152,0.66,No,150000,60,12.43,Mobile App,Completed,Rejected,5.1,Not Disbursed,,Credit Assessment,Not Applicable,0,0,0,Not Applicable
APP11902,2026-01-20,47,Male,Jaipur,Salaried,136000,850,0,16477,0.63,No,830000,24,8.02,Mobile App,Completed,Pending,12.3,Not Disbursed,,None,Not Applicable,0,0,0,Not Applicable
APP11903,2026-04-19,43,Female,Mumbai,Salaried,185400,728,2,66735,0.14,No,1200000,24,9.33,Mobile App,Completed,Approved,3.9,Disbursed,3.2,None,Bounce,1,0,0,Watch
APP11904,2026-06-11,29,Male,Lucknow,Salaried,104800,821,1,24576,0.4,No,890000,48,11.12,Branch,Completed,Approved,12.1,Disbursed,4.2,None,Paid,0,0,0,Regular
APP11905,2026-07-04,57,Male,Chennai,Salaried,20500,656,1,3060,0.23,No,130000,60,9.38,Mobile App,Completed,Approved,5.7,Disbursed,2.9,None,Paid,0,0,0,Regular
APP11906,2026-05-16,48,Male,Hyderabad,Professional,55100,678,3,16806,0.43,No,320000,36,11.38,Branch,Completed,Approved,15.0,Disbursed,5.3,None,Paid,0,0,0,Regular
APP11907,2026-08-14,53,Female,Ahmedabad,Salaried,121300,819,1,27012,0.44,No,1060000,60,11.42,Mobile App,Completed,Approved,7.2,Disbursed,3.6,None,Paid,0,0,0,Regular
APP11908,2026-08-24,44,Male,Chennai,Salaried,44700,765,1,18205,0.34,No,280000,36,9.18,Website,Completed,Approved,8.1,Disbursed,3.0,None,Paid,0,0,0,Regular
APP11909,2026-08-02,33,Female,Hyderabad,Salaried,57200,776,1,13372,0.44,No,180000,60,8.33,Mobile App,Completed,Approved,4.6,Disbursed,1.9,None,Paid,0,0,0,Regular
APP11910,2026-06-14,26,Male,Jaipur,Self-Employed,80600,700,2,26572,0.53,No,540000,60,9.17,Partner,Completed,Rejected,14.7,Not Disbursed,,Credit Assessment,Not Applicable,0,0,0,Not Applicable
APP11911,2026-02-16,25,Female,Kolkata,Salaried,22200,724,2,9456,0.6,No,80000,36,8.91,Mobile App,Completed,Approved,7.3,Disbursed,3.8,None,Paid,0,0,0,Regular
APP11912,2026-06-27,52,Male,Ahmedabad,Professional,29300,665,0,3527,0.73,No,310000,60,10.38,Branch,Completed,Approved,14.9,Disbursed,1.9,None,Paid,0,0,0,Regular
APP11913,2026-07-14,52,Female,Delhi,Self-Employed,48900,720,2,8629,0.35,No,190000,18,8.01,Mobile App,Completed,Approved,5.5,Disbursed,4.2,None,Paid,0,0,0,Regular
APP11914,2026-07-04,52,Female,Hyderabad,Salaried,27200,750,0,9697,0.06,No,110000,12,10.88,Mobile App,Completed,Approved,3.3,Disbursed,0.7,None,Bounce,1,1,1,Severe Delinquency
APP11915,2026-03-28,26,Female,Pune,Professional,38500,694,1,13482,0.42,No,150000,60,9.55,Mobile App,Completed,Approved,7.1,Disbursed,3.0,None,Paid,0,0,0,Regular
APP11916,2026-04-26,41,Male,Chennai,Self-Employed,50800,783,1,9070,0.45,No,520000,60,8.88,Mobile App,Completed,Approved,7.1,Disbursed,3.9,None,Paid,0,0,0,Regular
APP11917,2026-04-17,44,Male,Kolkata,Salaried,43900,748,1,6921,0.53,No,200000,48,11.3,Website,Completed,Pending,10.6,Not Disbursed,,None,Not Applicable,0,0,0,Not Applicable
APP11918,2026-01-20,33,Male,Mumbai,Salaried,48900,723,2,14607,0.45,No,250000,24,10.58,Website,Completed,Pending,11.5,Not Disbursed,,None,Not Applicable,0,0,0,Not Applicable
APP11919,2026-08-29,41,Male,Kolkata,Professional,54400,667,2,12899,0.5,Yes,300000,12,12.41,Branch,Completed,Pending,19.6,Not Disbursed,,None,Not Applicable,0,0,0,Not Applicable
APP11920,2026-03-03,27,Male,Pune,Salaried,33800,742,1,6471,0.36,No,50000,36,9.08,Branch,Completed,Rejected,13.2,Not Disbursed,,Credit Assessment,Not Applicable,0,0,0,Not Applicable
APP11921,2026-05-16,29,Male,Chennai,Salaried,37900,785,1,12883,0.51,Yes,200000,48,10.65,Mobile App,Completed,Rejected,7.5,Not Disbursed,,Credit Assessment,Not Applicable,0,0,0,Not Applicable
APP11922,2026-01-29,42,Female,Lucknow,Self-Employed,65900,739,2,16436,0.24,No,460000,48,11.6,Mobile App,Completed,Pending,7.4,Not Disbursed,,None,Not Applicable,0,0,0,Not Applicable
APP11923,2026-08-29,55,Male,Lucknow,Professional,33800,772,2,11295,0.48,Yes,150000,18,11.36,Mobile App,Completed,Approved,4.2,Disbursed,4.3,None,Paid,0,0,0,Regular
APP11924,2026-03-27,31,Female,Ahmedabad,Self-Employed,81900,685,2,28775,0.54,No,440000,48,11.08,Mobile App,Completed,Approved,6.2,Disbursed,3.6,None,Paid,0,0,0,Regular
APP11925,2026-01-22,31,Female,Bengaluru,Professional,77300,724,2,36585,0.52,No,200000,36,11.51,Branch,Completed,Pending,22.0,Not Disbursed,,None,Not Applicable,0,0,0,Not Applicable
APP11926,2026-08-24,27,Other,Hyderabad,Salaried,40600,820,1,12938,0.47,No,430000,24,9.11,Mobile App,Completed,Approved,8.7,Disbursed,5.2,None,Paid,0,0,0,Regular
APP11927,2026-06-26,43,Male,Chennai,Salaried,78400,596,1,16866,0.3,No,490000,24,10.72,Website,Completed,Approved,8.9,Disbursed,2.4,None,Paid,0,0,0,Regular
APP11928,2026-02-20,32,Female,Ahmedabad,Salaried,24400,740,1,5756,0.59,No,70000,24,9.08,Mobile App,Completed,Approved,2.5,Disbursed,3.3,None,Paid,0,0,0,Regular
APP11929,2026-02-01,36,Male,Kolkata,Professional,49400,603,2,23515,0.6,No,380000,24,13.91,Branch,Completed,Pending,19.8,Not Disbursed,,Credit Assessment,Not Applicable,0,0,0,Not Applicable
APP11930,2026-05-08,44,Female,Kolkata,Salaried,46700,718,0,14878,0.52,Yes,300000,12,8.84,Mobile App,Completed,Pending,8.8,Not Disbursed,,None,Not Applicable,0,0,0,Not Applicable
APP11931,2026-09-02,38,Female,Hyderabad,Self-Employed,46500,785,1,18350,0.41,No,120000,18,8.28,Branch,Completed,Approved,9.6,Disbursed,2.7,None,Paid,0,0,0,Regular
APP11932,2026-07-25,30,Male,Hyderabad,Salaried,26000,768,0,4461,0.62,No,90000,60,9.1,Mobile App,Pending,Approved,13.3,Not Disbursed,,KYC,Not Applicable,0,0,0,Not Applicable
APP11933,2026-05-29,49,Female,Jaipur,Salaried,47600,732,1,11092,0.52,No,120000,12,10.09,Branch,Completed,Approved,12.7,Disbursed,4.7,None,Paid,0,0,0,Regular
APP11934,2026-01-16,21,Female,Lucknow,Salaried,78500,742,1,13721,0.39,No,380000,36,9.13,Branch,Completed,Approved,11.3,Disbursed,4.9,None,Paid,0,0,0,Regular
APP11935,2026-07-03,59,Female,Kolkata,Salaried,29900,694,1,3222,0.86,No,200000,60,11.11,Branch,Completed,Approved,12.1,Disbursed,4.4,None,Paid,0,0,0,Regular
APP11936,2026-03-31,38,Female,Jaipur,Salaried,91200,742,1,11736,0.53,No,340000,18,11.46,Mobile App,Completed,Approved,7.2,Disbursed,3.3,None,Paid,0,0,0,Regular
APP11937,2026-01-19,51,Male,Hyderabad,Salaried,48600,751,0,11474,0.57,No,500000,18,9.99,Mobile App,Pending,Rejected,10.7,Not Disbursed,,None,Not Applicable,0,0,0,Not Applicable
APP11938,2026-04-28,52,Male,Bengaluru,Salaried,51300,705,0,19549,0.42,Yes,280000,60,11.55,Mobile App,Completed,Pending,9.0,Not Disbursed,,None,Not Applicable,0,0,0,Not Applicable
APP11939,2026-02-26,47,Female,Mumbai,Professional,66100,708,1,19737,0.1,No,620000,12,12.22,Website,Completed,Approved,3.8,Disbursed,3.8,None,Paid,0,0,0,Regular
APP11940,2026-08-10,58,Female,Bengaluru,Salaried,36900,814,0,15292,0.62,No,310000,60,10.5,Branch,Completed,Approved,13.4,Disbursed,4.5,None,Paid,0,0,0,Regular
APP11941,2026-05-09,46,Male,Hyderabad,Salaried,66300,771,0,9941,0.48,No,340000,60,11.84,Branch,Completed,Approved,12.0,Disbursed,3.3,None,Paid,0,0,0,Regular
APP11942,2026-06-16,53,Male,Pune,Salaried,79500,738,2,15583,0.41,No,630000,60,10.93,Branch,Completed,Approved,9.9,Disbursed,5.5,None,Paid,0,0,0,Regular
APP11943,2026-09-05,29,Female,Kolkata,Salaried,47200,620,3,6484,0.45,No,280000,18,10.87,Branch,Completed,Pending,16.4,Not Disbursed,,None,Not Applicable,0,0,0,Not Applicable
APP11944,2026-01-28,47,Female,Jaipur,Salaried,80200,608,0,7723,0.37,No,530000,60,12.43,Branch,Completed,Approved,13.1,Disbursed,3.4,None,Paid,0,0,0,Regular
APP11945,2026-01-22,23,Female,Lucknow,Salaried,179800,790,1,43062,0.33,No,1200000,12,9.76,Mobile App,Completed,Approved,3.6,Disbursed,3.5,None,Paid,0,0,0,Regular
APP11946,2026-08-11,26,Male,Jaipur,Salaried,85900,752,2,19543,0.51,No,530000,24,9.76,Partner,Completed,Rejected,18.7,Not Disbursed,,Credit Assessment,Not Applicable,0,0,0,Not Applicable
APP11947,2026-07-21,44,Female,Mumbai,Salaried,80500,719,1,30820,0.34,No,870000,48,8.16,Partner,Completed,Rejected,11.4,Not Disbursed,,Credit Assessment,Not Applicable,0,0,0,Not Applicable
APP11948,2026-01-01,33,Male,Mumbai,Salaried,54600,698,2,26321,0.6,No,100000,24,10.51,Mobile App,Completed,Pending,8.9,Not Disbursed,,Credit Assessment,Not Applicable,0,0,0,Not Applicable
APP11949,2026-08-26,31,Female,Jaipur,Salaried,54700,812,2,23347,0.42,Yes,230000,36,9.39,Mobile App,Completed,Rejected,10.3,Not Disbursed,,Credit Assessment,Not Applicable,0,0,0,Not Applicable
APP11950,2026-03-06,54,Male,Chennai,Salaried,50600,768,1,9025,0.31,No,220000,60,10.76,Mobile App,Completed,Rejected,2.6,Not Disbursed,,Credit Assessment,Not Applicable,0,0,0,Not Applicable
APP11951,2026-09-17,50,Male,Ahmedabad,Salaried,34600,769,2,6666,0.05,No,330000,36,11.23,Branch,Completed,Approved,14.9,Disbursed,5.5,None,Paid,0,0,0,Regular
APP11952,2026-04-25,37,Male,Lucknow,Salaried,42000,774,2,19086,0.4,No,320000,48,10.68,Website,Completed,Approved,9.5,Disbursed,2.8,None,Paid,0,0,0,Regular
APP11953,2026-03-26,49,Male,Kolkata,Self-Employed,74000,774,0,12018,0.41,No,420000,12,10.57,Branch,Completed,Approved,13.3,Disbursed,4.5,None,Paid,0,0,0,Regular
APP11954,2026-08-07,55,Male,Chennai,Salaried,37500,725,1,16549,0.45,No,170000,60,11.49,Partner,Completed,Approved,12.6,Disbursed,4.7,None,Paid,0,0,0,Regular
APP11955,2026-07-24,53,Male,Ahmedabad,Salaried,37600,738,2,6708,0.29,No,210000,12,8.77,Branch,Completed,Approved,15.0,Disbursed,3.7,None,Paid,0,0,0,Regular
APP11956,2026-02-23,33,Male,Kolkata,Professional,34200,811,2,9564,0.48,No,110000,18,10.47,Mobile App,Completed,Approved,2.3,Disbursed,3.2,None,Paid,0,0,0,Regular
APP11957,2026-04-13,39,Male,Ahmedabad,Salaried,63100,736,2,15644,0.36,No,340000,24,11.11,Partner,Completed,Rejected,13.1,Not Disbursed,,Credit Assessment,Not Applicable,0,0,0,Not Applicable
APP11958,2026-06-20,56,Male,Hyderabad,Self-Employed,107400,697,2,50317,0.48,Yes,610000,24,9.8,Mobile App,Completed,Approved,5.3,Disbursed,2.7,None,Paid,0,0,0,Regular
APP11959,2026-02-17,23,Male,Pune,Professional,27700,663,0,9523,0.32,No,70000,36,12.46,Partner,Completed,Approved,18.0,Disbursed,5.3,None,Paid,0,0,0,Regular
APP11960,2026-07-18,35,Female,Chennai,Salaried,86200,748,0,11880,0.34,No,490000,12,8.27,Website,Completed,Approved,5.0,Disbursed,3.3,None,Paid,0,0,0,Regular
APP11961,2026-08-31,46,Female,Ahmedabad,Self-Employed,91400,751,1,35219,0.29,No,750000,60,9.91,Mobile App,Completed,Approved,9.1,Disbursed,2.1,None,Paid,0,0,0,Regular
APP11962,2026-07-12,45,Female,Mumbai,Salaried,72900,751,2,33161,0.46,No,350000,24,9.91,Mobile App,Completed,Approved,3.7,Disbursed,3.4,None,Paid,0,0,0,Regular
APP11963,2026-05-15,45,Female,Chennai,Self-Employed,27300,749,0,11968,0.44,No,50000,48,9.75,Mobile App,Completed,Approved,3.8,Disbursed,1.8,None,Paid,0,0,0,Regular
APP11964,2026-05-03,42,Female,Hyderabad,Salaried,46900,761,2,19410,0.44,No,370000,36,10.05,Branch,Completed,Rejected,12.4,Not Disbursed,,Credit Assessment,Not Applicable,0,0,0,Not Applicable
APP11965,2026-06-12,42,Male,Bengaluru,Professional,55900,717,1,10086,0.22,No,480000,48,9.3,Partner,Completed,Rejected,16.2,Not Disbursed,,Credit Assessment,Not Applicable,0,0,0,Not Applicable
APP11966,2026-03-31,32,Male,Mumbai,Salaried,93600,713,0,20829,0.38,No,550000,48,10.09,Mobile App,Completed,Pending,11.0,Not Disbursed,,Credit Assessment,Not Applicable,0,0,0,Not Applicable
APP11967,2026-05-01,40,Female,Ahmedabad,Salaried,42600,850,1,8789,0.21,No,360000,36,10.97,Mobile App,Completed,Rejected,6.0,Not Disbursed,,Credit Assessment,Not Applicable,0,0,0,Not Applicable
APP11968,2026-07-21,52,Female,Hyderabad,Salaried,63100,724,1,14974,0.6,No,240000,60,8.69,Mobile App,Completed,Approved,2.1,Disbursed,2.5,None,Paid,0,0,0,Regular
APP11969,2026-03-14,25,Male,Bengaluru,Salaried,63600,732,2,31215,0.58,Yes,460000,12,9.34,Mobile App,Completed,Approved,3.8,Disbursed,2.1,None,Paid,0,0,0,Regular
APP11970,2026-02-03,55,Female,Bengaluru,Salaried,46500,748,1,14391,0.4,No,240000,24,9.38,Website,Completed,Pending,13.0,Not Disbursed,,Credit Assessment,Not Applicable,0,0,0,Not Applicable
APP11971,2026-03-01,41,Male,Bengaluru,Professional,120300,642,1,44440,0.66,No,820000,60,10.4,Branch,Completed,Rejected,15.4,Not Disbursed,,Credit Assessment,Not Applicable,0,0,0,Not Applicable
APP11972,2026-07-26,46,Male,Hyderabad,Salaried,57900,762,2,7701,0.45,No,610000,60,9.8,Partner,Completed,Approved,14.9,Disbursed,4.2,None,Paid,0,0,0,Regular
APP11973,2026-06-18,59,Female,Lucknow,Salaried,94300,738,0,15655,0.36,No,560000,60,9.23,Branch,Completed,Approved,12.3,Disbursed,4.8,None,Paid,0,0,0,Regular
APP11974,2026-04-10,45,Male,Pune,Self-Employed,116900,786,0,28251,0.26,No,630000,60,11.01,Website,Completed,Approved,3.1,Disbursed,2.0,None,Paid,0,0,0,Regular
APP11975,2026-06-24,47,Male,Pune,Salaried,64900,767,1,29019,0.36,No,630000,12,8.2,Branch,Completed,Approved,6.8,Disbursed,5.3,None,Paid,0,0,0,Regular
APP11976,2026-07-08,59,Male,Jaipur,Professional,24500,618,1,2816,0.61,Yes,150000,48,12.53,Mobile App,Completed,Rejected,12.1,Not Disbursed,,Credit Assessment,Not Applicable,0,0,0,Not Applicable
APP11977,2026-02-10,40,Male,Kolkata,Salaried,66000,809,2,31780,0.39,Yes,540000,24,11.22,Branch,Completed,Pending,15.8,Not Disbursed,,None,Not Applicable,0,0,0,Not Applicable
APP11978,2026-07-14,33,Female,Hyderabad,Salaried,47400,732,1,19752,0.3,No,460000,60,11.37,Mobile App,Completed,Approved,5.6,Disbursed,1.9,None,Paid,0,0,0,Regular
APP11979,2026-02-08,60,Male,Mumbai,Salaried,32100,704,0,10874,0.68,No,430000,24,10.0,Mobile App,Completed,Approved,1.7,Disbursed,4.3,None,Paid,0,0,0,Regular
APP11980,2026-04-14,54,Female,Delhi,Salaried,105200,714,2,27841,0.48,No,720000,18,11.34,Website,Completed,Approved,6.5,Disbursed,2.9,None,Paid,0,0,0,Regular
APP11981,2026-06-19,22,Female,Bengaluru,Self-Employed,44500,673,4,15015,0.41,No,300000,48,10.23,Mobile App,Completed,Pending,14.7,Not Disbursed,,None,Not Applicable,0,0,0,Not Applicable
APP11982,2026-02-07,27,Male,Lucknow,Self-Employed,38300,751,2,11363,0.27,No,360000,60,10.77,Branch,Completed,Approved,12.9,Disbursed,4.0,None,Paid,0,0,0,Regular
APP11983,2026-01-17,46,Male,Mumbai,Salaried,68200,705,0,22526,0.41,No,400000,60,12.29,Mobile App,Pending,Rejected,11.5,Not Disbursed,,KYC,Not Applicable,0,0,0,Not Applicable
APP11984,2026-04-16,53,Male,Jaipur,Salaried,41600,703,0,4022,0.3,No,350000,18,11.11,Mobile App,Completed,Pending,6.4,Not Disbursed,,None,Not Applicable,0,0,0,Not Applicable
APP11985,2026-01-18,50,Female,Ahmedabad,Professional,36800,699,1,11847,0.26,No,140000,12,8.43,Partner,Completed,Pending,19.3,Not Disbursed,,Credit Assessment,Not Applicable,0,0,0,Not Applicable
APP11986,2026-07-04,38,Male,Chennai,Salaried,85300,730,0,27826,0.34,No,600000,60,9.73,Branch,Completed,Approved,14.5,Disbursed,3.5,None,Paid,0,0,0,Regular
APP11987,2026-09-21,38,Female,Bengaluru,Self-Employed,94700,677,1,9772,0.55,No,280000,18,12.74,Branch,Completed,Approved,15.4,Disbursed,4.0,None,Paid,0,0,0,Regular
APP11988,2026-07-15,31,Female,Mumbai,Salaried,23000,774,2,9695,0.64,No,210000,60,9.35,Branch,Completed,Approved,12.8,Disbursed,5.1,None,Bounce,1,1,0,Intensive Follow-up
APP11989,2026-09-20,44,Male,Kolkata,Self-Employed,80800,634,0,12209,0.42,No,400000,18,12.42,Website,Completed,Approved,10.0,Disbursed,2.2,None,Bounce,1,0,0,Watch
APP11990,2026-08-24,57,Male,Mumbai,Salaried,66700,817,3,20809,0.65,No,470000,12,11.62,Mobile App,Pending,Pending,11.8,Not Disbursed,,None,Not Applicable,0,0,0,Not Applicable
APP11991,2026-03-29,57,Male,Delhi,Salaried,41500,671,1,5891,0.13,No,180000,36,11.25,Website,Completed,Approved,11.1,Disbursed,3.2,None,Paid,0,0,0,Regular
APP11992,2026-07-14,24,Male,Mumbai,Professional,70900,670,1,8462,0.55,No,610000,24,9.55,Website,Completed,Approved,11.5,Disbursed,3.5,None,Paid,0,0,0,Regular
APP11993,2026-03-06,44,Female,Pune,Salaried,38800,733,1,9968,0.61,No,370000,60,9.71,Mobile App,Completed,Approved,5.0,Disbursed,1.9,None,Paid,0,0,0,Regular
APP11994,2026-08-20,40,Male,Kolkata,Salaried,74200,744,0,10983,0.4,No,490000,12,8.67,Branch,Completed,Approved,10.5,Disbursed,3.7,None,Paid,0,0,0,Regular
APP11995,2026-01-05,49,Male,Pune,Salaried,51200,754,1,20456,0.47,No,230000,18,10.93,Mobile App,Completed,Approved,4.8,Disbursed,4.0,None,Paid,0,0,0,Regular
APP11996,2026-07-31,30,Female,Chennai,Professional,69000,644,2,11158,0.72,No,150000,12,11.85,Branch,Completed,Approved,18.4,Disbursed,5.3,None,Paid,0,0,0,Regular
APP11997,2026-06-04,23,Male,Delhi,Salaried,59200,690,1,12842,0.45,No,370000,18,9.12,Mobile App,Completed,Approved,6.3,Disbursed,3.9,None,Paid,0,0,0,Regular
APP11998,2026-09-12,46,Male,Hyderabad,Salaried,56500,707,0,8837,0.58,No,230000,12,10.37,Mobile App,Completed,Approved,3.4,Disbursed,2.6,None,Paid,0,0,0,Regular
APP11999,2026-09-26,40,Female,Mumbai,Salaried,54300,740,1,23173,0.56,No,420000,12,8.3,Website,Completed,Approved,8.3,Disbursed,4.1,None,Paid,0,0,0,Regular
APP12000,2026-09-24,25,Male,Ahmedabad,Self-Employed,64400,734,1,28322,0.59,No,470000,60,8.42,Mobile App,Pending,Rejected,15.3,Not Disbursed,,KYC,Not Applicable,0,0,0,Not Applicable
